[
  {
    "key": "de_tafsir-al-azhar",
    "verse_key": "51:1",
    "verses": [
      "51:1"
    ],
    "text": "<h2>Sura Aḏ-Ḏāriyā t (Die Aufwirbelnden)</h2>\n<p><em>(offenbart zu Makka)</em></p>\n<p><em>0 Āyāt</em></p>\n<p>(offenbart zu Makka) 60 <em>Ā</em> y <em>ā</em> t Diese Sura behandelt die vielen Wege, auf welchen die Wahrheit immer erfolgreich ist, selbst in schwierigen Situationen. Die Winde mögen stark oder sanft sein, blasend, auseinandertreibend, auftreibend, brausend oder sich in alle Richtungen teilend; aber <em>Allā</em> hs Wille ist unabänderlich, einzig und beständig. Siehe auf die Zeichen um dich herum, und du wirst <em>Allā</em> hs Einheit sehen. Am Tage des Jüngsten Gerichts wird alles klar sein. Siehe auf die Geschichte der Früheren, die <em>Allā</em> h ablehnten, und ziehe davon eine Lehre für dich. Diejenigen, die glauben, finden Gewinn in</p>\n<p><em>Tafsīr</em> Al-Qur’<em>ān</em> <em>Al-Karīm</em> ihrem Leben. Böses wird mit einer Strafe enden, während Gutes mit Freude und Zufriedenheit belohnt wird. Wenn du <em>Allā</em> hs Zeichen nicht beachtest, ist es dein eigener Verlust. Im Namen <em>Allāhs</em>, des Allerbarmers, des Barmherzigen! Bei den heftig aufwirbelnden (Winden) (51:1), dann den lasttragenden (Wolken) (51:2), dann den leicht dahinziehenden (Schiffen) (51:3), und den, den Befehl ausführenden (Engeln)! (51:4) Wahrlich, was euch angedroht wird, ist wahr. (51:5) Und das Gericht wird ganz sicher eintreffen. (51:6) Und bei dem Himmel mit seiner makellosen Bauweise! (51:7) Wahrlich, ihr seid in eine widerspruchsvolle Rede verwickelt. (51:8) Der allein wird von der (Wahrheit) abgewendet, der sich davon abbringen lässt. (51:9) Verflucht seien die, die Mutmaßungen anstellen (51:10), die in ihrer Verblendung achtlos sind. (51:11) Sie fragen: ”Wann wird der Tag des Gerichts sein?“ (51:12) Es wird der Tag sein, an dem sie im Feuer gepeinigt werden. (51:13) ”Kostet nun eure Pein. Das ist es, was ihr zu beschleunigen wünschtet.“ (51:14)</p>\n<p><em>Allā</em> h (t) schwört an verschiedenen Stellen im Qur’<em>ā</em> n bei Seiner Schöpfung. Zum Beginn dieser Sura schwört Er bei den heftig aufwirbelnden Winden, die zwar für die Menschen nützlich sind, aber auch Schäden verursachen können durch Zerschmettern und Zerstreuen.</p>",
    "timestamp": "2025-12-20T14:27:52.303336+00:00",
    "version": "1.0",
    "copyright": {
      "author": "Muhammad Ibn Ahmad Ibn Rassoul",
      "publisher": "IB Verlag Islamische Bibliothek",
      "edition": "41. Auflage",
      "title": "Tafsīr Al-Qur'ān Al-Karīm"
    }
  },
  {
    "key": "de_tafsir-al-azhar",
    "verse_key": "51:2",
    "verses": [
      "51:2"
    ],
    "text": "<p>Dann schwört <em>Allā</em> h (t) bei den schwer beladenen Wolken, die vom mächtigen Wind getragen und getrieben werden, bis sie die vorgesehenen Orte erreichen, auf welche sie ihren Wassersegen ergießen, so weit <em>Allā</em> h es befiehlt. (ÜB)</p>",
    "timestamp": "2025-12-20T14:27:52.303336+00:00",
    "version": "1.0",
    "copyright": {
      "author": "Muhammad Ibn Ahmad Ibn Rassoul",
      "publisher": "IB Verlag Islamische Bibliothek",
      "edition": "41. Auflage",
      "title": "Tafsīr Al-Qur'ān Al-Karīm"
    }
  },
  {
    "key": "de_tafsir-al-azhar",
    "verse_key": "51:3",
    "verses": [
      "51:3"
    ],
    "text": "<p><em>Allā</em> h (t) schwört hier ferner bei den Schiffen, die seit der Zeit Noahs nach Seiner Anweisung zum ersten Mal gebaut wurden. Dieses göttliche Produkt <strong>\"Schiffe\"</strong>, die dahinziehen, werden für den Fischfang benutzt und tragen Mensch, Tier und Ware zu ihrem Bestimmungsort. (vgl. dazu 2:164).</p>",
    "timestamp": "2025-12-20T14:27:52.303336+00:00",
    "version": "1.0",
    "copyright": {
      "author": "Muhammad Ibn Ahmad Ibn Rassoul",
      "publisher": "IB Verlag Islamische Bibliothek",
      "edition": "41. Auflage",
      "title": "Tafsīr Al-Qur'ān Al-Karīm"
    }
  },
  {
    "key": "de_tafsir-al-azhar",
    "verse_key": "49:18",
    "verses": [
      "49:18"
    ],
    "text": "<p>Mit diesem schönen Vers dieser bedeutungsvollen Sura soll die Erziehung von Menschen nach diesem Maßstab erfolgen. Ob sich der Mensch danach aufrichtig benimmt oder nicht, seine Lage ist <em>Allā</em> h auf jeden Fall bekannt, Der das Verborgene der Himmel und der Erde kennt. Er sieht alles, was wir tun. Mit ihren achtzehn Versen zeichnet diese Sura das Bild einer friedlichen, sauberen, gesunden und ehrenhaften Gemeinschaft, in deren Mitte Terroristen keinen Lebensraum finden können. Ende der Sura 49 (50) Sura <em>Qā</em> f (offenbart zu Makka) 45 <em>Ā</em> y <em>ā</em> t Mit dieser Sura kommen wir nun zu einer Gruppe von sieben makkanischen Suren, die sich mit <em>Allā</em> hs Offenbarung durch Natur, Geschichte und Münder der Propheten befassen, und auf das Jenseits hinweisen. Es geht für die Ungläubigen über ihr Verständnis hinaus, dass sie - nachdem sie zu Staub geworden sind, wieder auferstehen werden. Dabei müssen sie nur auf Seine Schöpfung sehen, und daraus schließen, dass <em>Allā</em> hs Macht sich über alle Dinge strecken kann. So wie Er einer toten Erde neues Leben schenkt, so ist Er imstande, unsere Auferstehung herbeizuführen. Lerne auch daraus, wie die Leute in der Vergangenheit, die <em>Allā</em> h ablehnten, getilgt wurden. Jede Tat, jedes Wort und jeder Gedanke werden von zwei Engeln aufgezeichnet. Die Frucht der guten Taten ist das Paradies, während die Frucht des Bösen das Höllenfeuer. Im Namen <em>Allāhs</em>, des Allerbarmers, des Barmherzigen! Q <em>ā</em> f . Beim ruhmvollen Qur’<em>ā</em> n! (50:1) Aber sie staunen, dass zu ihnen ein Warner aus ihrer Mitte gekommen ist. Und die Ungläubigen sagen: ”Das ist eine merkwürdige Sache. (50:2) Wie? Wenn wir tot sind und zu Staub geworden sind (dann sollen wir wieder auferweckt werden)? Das ist eine Wiederkehr, die weit abseits liegt.“ (50:3) Wir wissen wohl, was die Erde von ihnen wegnimmt, und bei Uns ist ein Buch, das alles aufzeichnet. (50:4) Nein, sie haben die Wahrheit, als sie zu ihnen kam, für eine Lüge erklärt, und nun befinden sie sich in einem Zustand der Verwirrung. (50:5) <strong>\"Alif\"</strong>). Es kommt anschließend der Schwur bei dem Qur’<em>ā</em> n, der aus Buchstaben besteht, ähnlich dem Qaf, der seinerseit den ersten Buchstaben im Wort Qur’<em>ā</em> n darstellt. Der Qur’<em>ā</em> n wird als ruhmvoll bezeichnet, weil er das Wort <em>Allā</em> hs, des Erhabenen, ist.</p>\n<p><em>Tafsīr</em> Al-Qur’<em>ān</em> <em>Al-Karīm</em> 50:2-4 - Die Götzendiener in Makka staunten darüber, dass der Gesandte <em>Allā</em> hs, der sie warnen sollte, einer von ihnen war. (vgl. 9:128-129; 25:7, 20). Sie staunten ferner darüber, weil sie die Auferstehung von den Toten für ein Phantasieprodukt der Botschaft hielten. (vgl. 10:4; 21:104; 30:11; 37:16; 85:13). <em>Muḥ</em> ammad (a.s.s.) sagen sollten. Einmal behaupteten sie, er sei Dichter, ein anderesmal er sei verrückt. Andere behaupteten, er sei ein Zauberer, andere wieder, er sei Wahsager, und keine dieser Behauptungen war haltbar. (ÜB) Haben sie nicht zum Himmel über ihnen emporgeschaut, wie Wir ihn erbaut und geschmückt haben und dass er keine Risse aufweist? (50:6) Und die Erde - Wir haben sie ausgebreitet und feste Berge darauf gesetzt; und Wir ließen auf ihr all die herrlichen Paare hervorsprießen (50:7) als Aufklärung und Ermahnung für jeden Diener, der sich bekehrt. (50:8) Und vom Himmel senden Wir Wasser hernieder, das voll des Segens ist, und bringen damit Gärten und Korn zum Ernten hervor (50:9) und hochragende Palmen mit dicht stehenden Fruchtscheiden (50:10) als Versorgung für die Diener; und Wir beleben damit ein totes Land. So wird die Auferstehung sein. (50:11) 50:6-11 - Die Verleugner der Botschaft sind hier gemeint. Der Himmel mit seiner Schönheit und Präzision ist vor ihren Augen ein von vielen Wunderzeichen der göttlichen Schöpfung. Darüber hinaus (vgl. oben 50:6) gilt die Erde, auf der wir leben und ihre herrliche Schöpfung erleben, als ein weiteres Zeichen der Macht <em>Allā</em> hs. Die Erwähnung der Ausbreitung der Erde verrät ihre Form; denn nur durch diese Form wird die unendliche Wanderung auf ihrer Oberfläche möglich. Die festen Berge haben darüber hinaus ihre Funktion als Stabilisatoren, damit die Erde während ihrer Rotation nicht aus ihrer Laufbahn wankt. (vgl. 13:3; 15:19; 22:5). Da die Menschen ein Teil dieser Schöpfung sind, ist ihre Aufklärung über ihren Lebensraum und Ermahnung durch diese Botschaft über ihr Dasein erforderlich, damit sie nicht wie Tiere herumvegitieren und am Tage der Abrechnung nicht ahnungslos da stehen: Das Wasser und seine Rolle gehören ebenfalls zu den wunderbaren Zeichen der Schöpfung. Ähnlich wie die Belebung der toten Erde durch das Wasser, ist die Auerstehung, über die auch die Aufklärung und Ermahnung erforderlich sind. (vgl. dazu 30:24). Schon vor ihnen leugneten das Volk Noahs und das Volk des Brunnens und die Ṯamūd (50:12) und die ‘<em>Ād</em> und Pharao und die Brüder des Lot (50:13) und die Waldbewohner und das Volk von Tubba‘. Alle diese haben die Gesandten der Lüge bezichtigt. Darum war Meine Drohung in Erfüllung gegangen. (50:14) Sind Wir denn durch die erste Schöpfung ermüdet? Nein, aber sie sind sich nicht im Klaren über eine neue Schöpfung. (50:15) 50:12-15- Auf Grund der vorangegangenen Aufklärung und Ermahnung (vgl. oben 50:8) werden hier Beispiele der verflossenen Generationen und deren Schicksale genannt, damit die Götzendiener in Makka eine Lehre daraus ziehen könnten. (vgl. 2:49-50; 7:80-84; 11:25-48; 15:59-84; 25:38; 26:123-158; 44:37). Die Leugner unter den <em>Banū</em> Quraiš würde also das gleiche Schicksal ereilen, wenn sie sich gegenüber der Botschaft <em>Allā</em> hs ähnlich und ablehnend verhielten wie diese früheren Völker, die vernichtet wurden. (vgl. 15:78-79 und die Anmerkung dazu; ferner 46:33).</p>\n<p><em>Tafsīr</em> Al-Qur’<em>ān</em> <em>Al-Karīm</em> Und wahrlich, Wir erschufen den Menschen, und Wir wissen, was er in seinem Innern hegt; und Wir sind ihm näher als (seine) Halsschlagader. (50:16) Wenn die zwei aufnehmenden (Engel etwas) niederschreiben, zur Rechten und zur Linken sitzend (50:17), spricht er kein Wort aus, ohne dass neben ihm ein Aufpasser wäre, der stets bereit (ist, es aufzuzeichnen) (50:18) - und es kam die Benommenheit des Todeskampfes in Gerechtigkeit: ”Das ist es, dem du zu entrinnen suchtest.“ (50:19) Und es wird in den <em>Ṣūr</em> gestoßen: ”Dies ist der Tag der Drohung.“ (50:20) Und jede Seele ist gekommen; mit ihr wird ein Treiber und ein Zeuge sein. (50:21) ”Wahrlich, du warst dessen ahnungslos gewesen; nun haben Wir deine Augenbinde von dir genommen, so dass dein Blick heute scharf ist.“ (50:22) 50:16- Der Erhabene Schöpfer kennt gut Seine Schöpfung. Er kennt das Verborgene und ist dem Menschen noch näher als seine Halsschlagader. Durch diese Erklärung erfahren wir von der engen Beziehung zwischen <em>Allā</em> h (t) und Seinen Geschöpfen. Wir Muslime dürfen unseren Allmächtigen Herrn unmittelbar anrufen und Ihn zu jeder Zeit und in jeder Lage ohne Papst und Priester als <strong>\"Vermittler und Vertreter Gottes auf Erden\"</strong> bitten und anflehen. Dieser Vers korrigiert die falsche Vorstellung über den <strong>\"unnahbaren und unerreichbaren Gott der Muslime\"</strong>, die die Kirchenväter und Orientalisten verbreiten. 50:17-19- Die Engel sind mit der Aufzeichnung der Taten des Menschen beauftragt und befinden sich ständig zur Rechten und zur Linken ihres Gefährten, bis die Benommenheit des Todeskampfes eintritt. Hierdann ist das Buch über die Taten abgeschlossen, und zwar mit Ausnahme der Wohltaten, die nach dem Tod hinaus dauern und von denen die Menschen profetieren. Zur Registrierung solcher Taten bleibt das Buch über den Todeszeitpunkt hinaus offen. Unser Prophet (a.s.s.) hat gesagt: ”Wahrlich, ein Mensch spricht ein Wort, welches <em>Allā</em> h liebt, und denkt dabei nicht an den großen Segen, den es ihm bringt. Wegen dieses Wortes bleibt <em>Allā</em> h mit ihm zufrieden bis er zu Ihm zurückkehrt. Und ein Mensch spricht ein Wort, das <em>Allā</em> h verabscheut, und denkt dabei nicht an seine schlimmen Folgen. Er zieht damit den Zorn <em>Allā</em> hs auf sich, bis er zu Ihm zurückkehrt. (Ha im Musnad). (vgl. dazu 56:27, 41). Darüber hinaus muss noch bemerkt werden, dass bloße Gedanken, solange sie nicht ausgesprochen oder gar in die Tat umgesetzt werden, nicht der Rechenschaft unterliegen. (vgl. ferner 82:11). 50:20-22 - Mit einem Posaunenstoß schlägt die Stunde der Wahrheit. Hier dann wird es soweit sein mit der angedrohten Rechenschaft, welche die Ungläubigen einst leugneten. Jeder Mensch wird von zwei Engeln begleitet, und zwar von dem Engel, der ihn zu seinem Ziel treibt, und von dem Engel, der Zeugnis über seine Taten ablegt. (vgl. 17:13-14 und die Anmerkung dazu). Und sein Gefährte spricht: ”Hier (ist), was ich bereit habe.“ (50:23) ”Werft ihr beide in <em>Ǧ</em> ahannam einen jeden undankbaren Hartnäckigen (50:24), den Behinderer des Guten, den Übertreter, den Zweifler (50:25), der einen anderen Gott neben <em>Allāh</em> setzte. Werft denn ihr beide ihn in die schreckliche Pein!“ (50:26) Sein Gefährte spricht: ”O unser Herr, ich verführte ihn nicht zur Empörung, sondern er selbst ging zu weit in die Irre.“ (50:27) Er spricht: ”Streitet nicht vor Mir, wo Ich euch doch die Warnung im Voraus gesandt hatte. (50:28) Das Wort wird bei Mir nicht abgeändert, und Ich bin in nichts ungerecht gegen die Diener.“ (50:29) 50:23-29 - In 50:21 (s. oben) wird verallgemeinert, dass jede Seele von einem Treiber und einem</p>\n<p><em>Tafsīr</em> Al-Qur’<em>ān</em> <em>Al-Karīm</em> Zeugen geführt wird. Hier handelt es sich aber um die Lage von bestimmten Menschen, und zwar von denjenigen, die im Höllenfeuer bestraft werden. Die beiden begleitenden Engel, liefern den Leugner der Wahrheit in seinem Bestimmungsort, im Höllenfeuer ab. Der Befehl <em>Allā</em> hs an die beiden, ihn begleitenden Engel, wird dann lauten: ”Werft ihr beide in <em>Ǧ</em> ahannam einen jeden undankbaren Hartnäckigen, den Behinderer des Guten, den Übertreter, den Zweifler, der einen anderen Gott neben <em>Allā</em> h setzte. Werft denn ihr beide ihn in die schreckliche Pein!“ Durch diese Beschreibung begreifen wir die Begründung der Bestrafung, die wir mit aller Kraft vermeiden sollen. Der <strong>\"Gefährte\"</strong> wird hier als derjenige erwähnt, der diesen elenden Menschen verführte und zu seinen Untaten anspornete. Unser Prophet (a.s.s.) sagte zu seinen anwesenden Gefährten: ”Es gibt keinen Menschen, der nicht von einem Ihm zugeteilten Gefährten begleitet wird.“ Und die Anwesenden fragten: ”Wirst auch du von einem Gefährten begleitet?“ Er antwortete: ”Ja selbst ich. Nur hat <em>Allā</em> h mir so lange gegen ihn geholfen, bis er sich <em>Allā</em> h ergab. Er regt mich nur noch zum Guten an.“ (ÜB) An jenem Tage sprechen Wir zu <em>Ǧ</em> ahannam: ”Bist du angefüllt?“ und sie spricht: ”Gibt es noch mehr?“ (50:30) Und das Paradies wird den Gottesfürchtigen nahe gerückt, (und es ist) nicht länger fern. (50:31) ”Das ist es, was jedem von euch verheißen wurde, der reumütig war und sich in Acht nahm (50:32); der den Allerbarmer im geheimen fürchtete und mit reuigem Herzen (zu Ihm) kam. (50:33) Geht darin (ins Paradies) ein in Frieden. Dies ist der Tag der Ewigkeit.“ (50:34) Sie haben darin, was immer sie begehren, und bei Uns ist noch weit mehr. (50:35) 50:30-35 - Der Erhabene Schöpfer spricht zu Seinen Geschöpfen und diese beantworten Seine Fragen. Während die Verbrecher und Tyrannen im lodernden Feuer vergebens um Hilfe schreien, herrscht bei den Gottesfürchtigen Friede und Genugtuung. Mit liebevollem Willkommen werden sie im Paradies empfangen. In diesem Versblock handelt es sich um die bekannte Parallelität des Qur’<em>ā</em> n. D.h., dass jedesmal, wenn <em>Allā</em> h (t) von der Belohnung der rechtschaffenen Diener im Paradies spricht (vgl. 38:49-54), berichtet Er von der Bestrafung der Ungläubigen, und zwar aus dem Prinzip der Barmherzigkeit und der Gerechtigkeit zugelich, weil die Botschaft stets diese Eigenschaft hat: Als frohe Botschaft und als Warnung. (vgl. 24:31; 35:18; 36:11). Und wieviele Geschlechter haben Wir schon vor ihnen vernichtet, die schlagkräftiger waren als sie und im Lande umherzogen! Gab es da ein Entrinnen? (50:36) Hierin liegt wahrlich eine Ermahnung für den, der ein Herz hat oder zuhört und bei der Sache ist. (50:37) Und wahrlich, Wir erschufen die Himmel und die Erde und das, was zwischen beiden ist, in sechs Tagen, und keine Ermüdung berührte Uns. (50:38) So ertrage geduldig, was sie sagen, und lobpreise deinen Herrn vor dem Aufgang der Sonne und vor dem (Sonnen-) untergang (50:39); und lobpreise Ihn in einem Teil der Nacht und (jeweils) im Anschluss an die Niederwerfung. (50:40) 50:36-37 - Der Vers behandelt die Lage der Götzendiener in Makka zur Zeit der Offenbarung und erwähnt die Generationen vor ihnen, die von <em>Allā</em> h (t) vernichtet wurden, obwohl sie mächtiger und schlagkräftiger als diese Makkaner waren. (vgl. 12.14). Nachdruck die Erschaffung der Himmel und der Erde in sechs Tagen. Die Tageslänge kann nach</p>\n<p><em>Tafsīr</em> Al-Qur’<em>ān</em> <em>Al-Karīm</em> irdischem Maßstab von 24 Stunden oder nach dem Maßstab <em>Allā</em> hs von 1000 bzw. 50000 Jahren unserer Zeitrechnung sein. (vgl. 22:47; 32:5; 70:4; ferner 7:54; 35:35; 41:12). 50:39-40 - Wir sollten zu allen Zeiten <em>Allā</em> hs gedenken. Die beste Zeit für die Andacht und Lobpreisung ist jedoch der frühe Morgen vor dem Sonnenaufgang, spät am Tag vor dem Sonnenuntergang und ein Teil der Nacht, wenn Stille herrscht. Wer dies mit den fünf Pflichtgebeten in Verbindung bringen möchte, bezieht es auf das Morgengebet vor dem Sonnenaufgang, Mittags- und Nachmittagsgebet vor Sonnenuntergang und Abend- und Nachtgebet während der Dunkelheit. <em>Ǧ</em> <em>arī</em> r Ibn ‘<em>Abdullā</em> h (r) berichtete: ”Wir saßen bei dem Propheten, als er zum Vollmond schaute und sagte: »Ihr werdet vor eurem Herrn stehen und Ihn dann sehen wie ihr den Mond jetzt seht, ohne dass ihr durch den Anblick zu Ihm Schaden erleidet. Wenn es euch also gelingt, kein Gebet vor dem Sonnenaufgang und vor dem Sonnenuntergang zu verpassen, dann verrichtet es!«“ (Bu, Ha, Mu). Und lausche am Tage, wenn der Rufer von einem nahen Ort (zum Jüngsten Gericht) rufen wird. (50:41) Der Tag, wenn sie in Wahrheit den Schrei hören werden - das wird dann der Tag der Auferstehung sein. (50:42) Wahrlich, Wir allein machen lebendig und lassen sterben, und zu Uns ist die Heimkehr. (50:43) An dem Tage, wenn sich die Erde spalten und sie (die Toten) freigeben wird, worauf sie (aus ihr heraus) eilen, dann wird ein Versammeln vor sich gehen, (das) für Uns ganz leicht (ist). (50:44) Wir wissen am besten, was sie sagen; und du hast keine Gewalt über sie. Ermahne darum durch den Qur’<em>ā</em> n den, der Meine Drohung fürchtet. (50:45) 50:41-44 - Dieser Befehl <em>Allā</em> hs zur Auferstehung entspricht Seinem Befehl: <strong>\"Sei!\"</strong> (vgl. 11:67; 36:49-53). Die Toten werden von allen Richtungen herbeieilen, um dem Ruf Folge zu leisten. (vgl. 84:1-4). zu zwingen. Seine Aufgabe besteht vielmehr darin, die Botschaft des Qur’<em>ān</em> zu übermitteln und diejenigen zu ermahnen, die bereit sind, die Ermahnung anzunehmen. Mit diesem prägnanten Vers endet diese schöne Sura, die im ersten Vers mit dem Buchstaben <strong>\"Qaf\"</strong> als Symbol für den Qur’<em>ān</em> und seinen Segen eröffnet wurde - und alles Lob gebührt <em>Allāh</em>, Dem Herrn der Welten. Ende der Sura 50 (51) Sura Aḏ-Ḏāriyā t (Die Aufwirbelnden) (offenbart zu Makka) 60 <em>Ā</em> y <em>ā</em> t Diese Sura behandelt die vielen Wege, auf welchen die Wahrheit immer erfolgreich ist, selbst in schwierigen Situationen. Die Winde mögen stark oder sanft sein, blasend, auseinandertreibend, auftreibend, brausend oder sich in alle Richtungen teilend; aber <em>Allā</em> hs Wille ist unabänderlich, einzig und beständig. Siehe auf die Zeichen um dich herum, und du wirst <em>Allā</em> hs Einheit sehen. Am Tage des Jüngsten Gerichts wird alles klar sein. Siehe auf die Geschichte der Früheren, die <em>Allā</em> h ablehnten, und ziehe davon eine Lehre für dich. Diejenigen, die glauben, finden Gewinn in</p>\n<p><em>Tafsīr</em> Al-Qur’<em>ān</em> <em>Al-Karīm</em> ihrem Leben. Böses wird mit einer Strafe enden, während Gutes mit Freude und Zufriedenheit belohnt wird. Wenn du <em>Allā</em> hs Zeichen nicht beachtest, ist es dein eigener Verlust. Im Namen <em>Allāhs</em>, des Allerbarmers, des Barmherzigen! Bei den heftig aufwirbelnden (Winden) (51:1), dann den lasttragenden (Wolken) (51:2), dann den leicht dahinziehenden (Schiffen) (51:3), und den, den Befehl ausführenden (Engeln)! (51:4) Wahrlich, was euch angedroht wird, ist wahr. (51:5) Und das Gericht wird ganz sicher eintreffen. (51:6) Und bei dem Himmel mit seiner makellosen Bauweise! (51:7) Wahrlich, ihr seid in eine widerspruchsvolle Rede verwickelt. (51:8) Der allein wird von der (Wahrheit) abgewendet, der sich davon abbringen lässt. (51:9) Verflucht seien die, die Mutmaßungen anstellen (51:10), die in ihrer Verblendung achtlos sind. (51:11) Sie fragen: ”Wann wird der Tag des Gerichts sein?“ (51:12) Es wird der Tag sein, an dem sie im Feuer gepeinigt werden. (51:13) ”Kostet nun eure Pein. Das ist es, was ihr zu beschleunigen wünschtet.“ (51:14)</p>",
    "timestamp": "2025-12-20T14:27:52.303336+00:00",
    "version": "1.0",
    "copyright": {
      "author": "Muhammad Ibn Ahmad Ibn Rassoul",
      "publisher": "IB Verlag Islamische Bibliothek",
      "edition": "41. Auflage",
      "title": "Tafsīr Al-Qur'ān Al-Karīm"
    }
  }
]