[
  {
    "key": "de_tafsir-al-azhar",
    "verse_key": "63:1",
    "verses": [
      "63:1"
    ],
    "text": "<h2>Sura Al-Munāfiqūn (Die Heuchler)</h2>\n<p><em>(offenbart zu Unknown)</em></p>\n<p><em>0 Āyāt</em></p>\n<p>(offenbart zu <em>Al-Madī</em> na) 11 <em>Ā</em> y <em>ā</em> t Die Schwüre der Heuchler sind falsch. Sie denken, sie könnten <em>Allā</em> h (t) und Seinen Gesandten mit ihrem leeren Gerede und guter Erscheinungsform betören, aber sie merken nicht, dass <em>Allā</em> h (t) für sie bereits eine Strafe fällig gemacht hat, indem Er sie irren lässt. Sie planen, die Fortschreitung des Islam zu verhindern, ohne zu bedenken, dass <em>Allā</em> h der Herr und Verwahrer Seiner Sache ist. Wohlstand und Kinder sollen dich nicht vom Gedenken <em>Allā</em> hs ablenken. Gebe</p>\n<p><em>Tafsīr</em> Al-Qur’<em>ān</em> <em>Al-Karīm</em> Almosen bevor dich der Tod ereilt, womit du keine Chance mehr hast, etwas Gutes zu tun. Im Namen <em>Allāhs</em>, des Allerbarmers, des Barmherzigen! Wenn die Heuchler zu dir kommen, sagen sie: ”Wir bezeugen, dass du in Wahrheit der Gesandte <em>Allāhs</em> bist.“ Und <em>Allāh</em> weiß, dass du wahrhaftig Sein Gesandter bist. Doch <em>Allāh</em> bezeugt, dass die Heuchler Lügner sind. (63:1) Sie haben ihre Eide lediglich zu ihrem Schutz vorgebracht; so wenden sie vom Weg <em>Allāhs</em> ab. Schlimm ist wahrlich das, was sie zu tun pflegen. (63:2) Dies (ist so), weil sie glaubten und hernach ungläubig wurden. So ist ein Siegel auf ihre Herzen gesetzt worden, so dass sie nicht begreifen (können). (63:3) Und wenn du sie siehst, so gefallen dir ihre Gestalten; und wenn sie sprechen, horchst du auf ihre Rede. Sie sind, als wären sie aufgerichtete Holzklötze. Sie glauben, jeder Schrei sei gegen sie (gerichtet). Sie sind der Feind, darum nimm dich vor ihnen in Acht. <em>Allāhs</em> Fluch über sie! Wie werden sie abgewendet? (63:4)</p>\n<p>Ein Feind zeigt in der Regel sein wahres Gesicht und gibt seine Absichten bekannt. Die Heuchler - nach denen diese Sura genannt ist - leben dagegen mit Doppelgesicht, schmieden geheime Pläne und behaupten, sie seien die echten Freunde. Als die Muslime in Makka schwach und unterdrückt waren, gab es für sie nur Feinde. Die Heuchelei in ihren Reihen entstand erst in <em>Al-Madī</em> na als die Muslme einen festen Boden unter ihren Füssen gewannen und eine gewisse Macht in der Region bildeten. Da erkannten sie die Gefahr der Heuchler, die im Laufe der Geschichte ein Übel darstellten. Ein arabisches Sprichwort lautet: <strong>\"O <em>Allā</em> h, hilfe mir gegen meine Freunde; denn meine Feinde sind mir bekannt.\"</strong> In diesem Vers stellt <em>Allā</em> h (t) die Heuchler bloß und entlarvt ihr wahres Wesen. (vgl. dazu 3:167). 63:2-3 - Die Heuchler benutzen ihre Schwüre, um ihr Leben und ihren Wohlstand zu sichern. (vgl. dazu 58:16). Diese Menschen waren nicht deswegen Heuchler geworden, weil <em>Allā</em> h (t) ihre Herzen versiegelt hat, so dass der Glaube nicht in sie eindringen konnte und sie damit zur Heuchelei gezwungen waren, sondern ihre Herzen wurden erst dann versiegelt, als sie sich innerlich entschlossen haben, im Unglauben zu verharren, während sie äußerlich ihren Glauben kundtaten. (ÜB) (vgl. dazu 2:7).</p>",
    "timestamp": "2025-12-20T14:27:52.303336+00:00",
    "version": "1.0",
    "copyright": {
      "author": "Muhammad Ibn Ahmad Ibn Rassoul",
      "publisher": "IB Verlag Islamische Bibliothek",
      "edition": "41. Auflage",
      "title": "Tafsīr Al-Qur'ān Al-Karīm"
    }
  },
  {
    "key": "de_tafsir-al-azhar",
    "verse_key": "63:4",
    "verses": [
      "63:4"
    ],
    "text": "<p>So geschah es mit den Heuchlern in <em>Al-Madī</em> na: Sie zeigten ein angenehmes Äußeres, kleideten sich gut, konnten sich gewöhnlich auch viel Aufwand leisten und versuchen, das Vertrauen eines jeden zu gewinnen. (vgl. dazu 9:30). Und wenn zu ihnen gesprochen wird: ”Kommt her, der Gesandte <em>Allāhs</em> will für euch um Verzeihung bitten!“, dann wenden sie ihre Köpfe zur Seite, und du siehst, wie sie sich in Hochmut abkehren. (63:5) Es ist ihnen gleich, ob du für sie um Verzeihung bittest oder nicht für sie um Verzeihung bittest. <em>Allāh</em> wird ihnen nie verzeihen; wahrlich, <em>Allāh</em> leitet kein frevelhaftes Volk recht. (63:6) Sie sind es, die sagen: ”Spendet nicht für die, die mit dem Gesandten <em>Allāhs</em> sind, bis sie (ihn) verlassen“, während doch die Schätze der Himmel und der Erde <em>Allāhs</em> sind; allein die Heuchler verstehen nichts. (63:7) Sie sagen: ”Wenn wir nach <em>Al-Madī</em> na zurückkehren, dann wird der Würdigste sicher den Geringsten aus ihr</p>\n<p><em>Tafsīr</em> Al-Qur’<em>ān</em> <em>Al-Karīm</em> vertreiben“, obwohl die Würdigkeit nur <em>Allāh</em> und Seinem Gesandten und den Gläubigen zusteht; aber die Heuchler wissen es nicht. (63:8) 63:5-6 - Damit drücken sie ihren Widerwillen aus. (vgl. dazu 9:80, 84).</p>",
    "timestamp": "2025-12-20T14:27:52.303336+00:00",
    "version": "1.0",
    "copyright": {
      "author": "Muhammad Ibn Ahmad Ibn Rassoul",
      "publisher": "IB Verlag Islamische Bibliothek",
      "edition": "41. Auflage",
      "title": "Tafsīr Al-Qur'ān Al-Karīm"
    }
  },
  {
    "key": "de_tafsir-al-azhar",
    "verse_key": "63:7",
    "verses": [
      "63:7"
    ],
    "text": "<p>Die Auswanderer aus Makka (<em>Al-Muhāǧirū</em> n), die dem Propheten ins Exil nach <em>Al-Madī</em> na gefolgt waren, wurden von den <em>Al-Anṣār</em> empfangen und hilfsbereit aufgenommen. Dies gefiel den Heuchlern in <em>Al-Madī</em> na nicht. ‘<em>Abdullā</em> h Ibn Ubaiyy Ibn <em>Salū</em> l, der Führer der Heuchler in <em>Al-Madī</em> na, trug es dem Propheten nach, dass er an seiner Stelle zum Führer von <em>Al-Madī</em> na geworden war. Da die politische Stärke des Propheten nur auf den makkanischen Muslimen begründet war, die ihm nach <em>Al-Madī</em> na gefolgt waren, versuchte Ibn Ubaiyy, seine eigenen Landsleute zu überreden, ihre materielle Unterstützung einzustellen und damit die <em>Al-Muhāǧirū</em> n zum Verlassen der Stadt zu zwingen, da sie sehr arm waren. Wenn diese Strategie erfolgreich gewesen wäre, dann wäre die Position des Propheten sehr geschwächt worden. Dieser Vorschlag wurde selbstverständlich von den <em>Al-Anṣār</em> abgelehnt. (ÜB)</p>",
    "timestamp": "2025-12-20T14:27:52.303336+00:00",
    "version": "1.0",
    "copyright": {
      "author": "Muhammad Ibn Ahmad Ibn Rassoul",
      "publisher": "IB Verlag Islamische Bibliothek",
      "edition": "41. Auflage",
      "title": "Tafsīr Al-Qur'ān Al-Karīm"
    }
  },
  {
    "key": "de_tafsir-al-azhar",
    "verse_key": "62:11",
    "verses": [
      "62:11"
    ],
    "text": "<p>Am Ende dieser lehrreichen Sura für die Gläubigen erwähnt der Qur’<em>ān</em> ein Beispiel aus der Zeit des Propheten (a.s.s.). <em>Al-Qarḍāwyy</em> berichtet in seinem Buch <strong>\"<em>Al-Ḥalāl</em> <em>wal-Ḥarām</em> fil- Islam\"</strong> (Erlaubtes und Verbotenes im Islam): Während der Prophet, <em>Allāhs</em> Segen und Friede auf ihm, eine Ansprache hielt, traf die Nachricht von der Ankunft einer Karawane mit Handelsgütern ein. Die Leute eilten davon und ließen den Propheten, <em>Allāhs</em> Segen und Friede auf ihm, zurück, so dass <em>Allāh</em> sie mit diesem Vers ermahnte. Ende der Sura 62 (63) Sura <em>Al-Munāfiqūn</em> (Die Heuchler) (offenbart zu <em>Al-Madī</em> na) 11 <em>Ā</em> y <em>ā</em> t Die Schwüre der Heuchler sind falsch. Sie denken, sie könnten <em>Allā</em> h (t) und Seinen Gesandten mit ihrem leeren Gerede und guter Erscheinungsform betören, aber sie merken nicht, dass <em>Allā</em> h (t) für sie bereits eine Strafe fällig gemacht hat, indem Er sie irren lässt. Sie planen, die Fortschreitung des Islam zu verhindern, ohne zu bedenken, dass <em>Allā</em> h der Herr und Verwahrer Seiner Sache ist. Wohlstand und Kinder sollen dich nicht vom Gedenken <em>Allā</em> hs ablenken. Gebe</p>\n<p><em>Tafsīr</em> Al-Qur’<em>ān</em> <em>Al-Karīm</em> Almosen bevor dich der Tod ereilt, womit du keine Chance mehr hast, etwas Gutes zu tun. Im Namen <em>Allāhs</em>, des Allerbarmers, des Barmherzigen! Wenn die Heuchler zu dir kommen, sagen sie: ”Wir bezeugen, dass du in Wahrheit der Gesandte <em>Allāhs</em> bist.“ Und <em>Allāh</em> weiß, dass du wahrhaftig Sein Gesandter bist. Doch <em>Allāh</em> bezeugt, dass die Heuchler Lügner sind. (63:1) Sie haben ihre Eide lediglich zu ihrem Schutz vorgebracht; so wenden sie vom Weg <em>Allāhs</em> ab. Schlimm ist wahrlich das, was sie zu tun pflegen. (63:2) Dies (ist so), weil sie glaubten und hernach ungläubig wurden. So ist ein Siegel auf ihre Herzen gesetzt worden, so dass sie nicht begreifen (können). (63:3) Und wenn du sie siehst, so gefallen dir ihre Gestalten; und wenn sie sprechen, horchst du auf ihre Rede. Sie sind, als wären sie aufgerichtete Holzklötze. Sie glauben, jeder Schrei sei gegen sie (gerichtet). Sie sind der Feind, darum nimm dich vor ihnen in Acht. <em>Allāhs</em> Fluch über sie! Wie werden sie abgewendet? (63:4)</p>",
    "timestamp": "2025-12-20T14:27:52.303336+00:00",
    "version": "1.0",
    "copyright": {
      "author": "Muhammad Ibn Ahmad Ibn Rassoul",
      "publisher": "IB Verlag Islamische Bibliothek",
      "edition": "41. Auflage",
      "title": "Tafsīr Al-Qur'ān Al-Karīm"
    }
  }
]