[
  {
    "key": "de_tafsir-al-azhar",
    "verse_key": "80:17",
    "verses": [
      "80:17"
    ],
    "text": "<h2>Sura ‘Abasa (Er runzelte die Stirn)</h2>\n<p><em>(offenbart zu Makka)</em></p>\n<p><em>0 Āyāt</em></p>\n<p>(offenbart zu Makka) 42 <em>Ā</em> y <em>ā</em> t Diese frühe makkanische Sure bezieht sich auf einen Vorfall, dessen Erwähnung im Offenbarungstext die vorbehaltlose Aufrichtigkeit des Propheten (a.s.s.) widerspiegelt. Der Grundsatz, den der Qur’<em>ā</em> n hier erklärt, ist der, dass die Menschen ihre Wertvorstellungen einzig aus göttlichen Anweisungen herleiten sollen und nicht aus Gegebenheiten des täglichen Lebens. Nach der Erklärung des hier ewigwährenden Grundsatzes göttlicher Offenbarung werden in dieser Sure die Gnadenerweise <em>Allā</em> hs dem Menschen gegenüber erläutert und die Folgen eines guten oder schlechten Lebens auf aufgezeigt. (ÜB) Im Namen <em>Allāhs</em>, des Allerbarmers, des Barmherzigen! Er runzelte die Stirn und wandte sich ab (80:1), als der blinde Mann zu ihm kam. (80:2) Was lässt dich aber wissen, dass er sich nicht reinigen wollte (80:3) oder dass er Ermahnung suchte und ihm somit die Lehre nützlich würde? (80:4) Wer aber es nicht für nötig hält (80:5), dem kommst du (bereitwillig) entgegen (80:6), ohne dir etwas daraus zu machen, dass er sich nicht reinigen will. (80:7) Was aber den anbelangt, der in Eifer zu dir kommt (80:8) und gottesfürchtig ist (80:9), um den kümmerst du dich nicht. (80:10) Nicht so. Wahrlich, dies ist eine Ermahnung (80:11); so möge, wer da will, diesem eingedenk sein. (80:12) (Es ist eine Ermahnung) auf geehrten Seiten (80:13); sie sind emporgehoben, rein (80:14) in den Händen rechtschaffener Sendboten (80:15), die edel und tugendhaft sind. (80:16) 80:1-12 - Er, der Prophet <em>Muḥ</em> ammad, runzelte die Stirn und wandte sich ab von einem Mann, der sein Gesicht nicht sehen konnte, weil er blind war. <em>Allā</em> h aber sieht und hört alles und hat Sich sofort in einer Tadelsform gegen Seinen Propheten - ohne seinen Namen zu nennen - eingesetzt, um ein Unrecht für allemal in der Menscheit zu beenden. Die qur’<em>ā</em> nische Zurechtweisung deutet an, dass das, was bei einem gewöhnlichen Menschen nur eine Unhöflichkeit von geringer Bedeutung gewesen wäre, den Aspekt einer ernsthaften Verfehlung, die den göttlichen Tadel verdient, annehmen müsste, wenn es sich um eine vom Propheten begangene Tat handelte. Es handelt sich beim historischen Hintergund dieser Offenbarung um den blinden ‘<em>Abdullā</em> h Ibn Umm <em>Maktū</em> m, der den Propheten (a.s.s.) aufsuchte, um sich von ihm Auskunft über Glaubensfragen zu erlangen, während dieser (der Prophet) sich mit Stammesoberhäuptern der Götzendiener beschäftigte, und zwar mit der Hoffnung, diese für den Islam zu gewinnen. In diesem wichtigen Augenblick kam der blinde ‘<em>Abdullā</em> h und, weil er nicht sehen konnte, in welcher Lage sich der Prophet befand, zog am Ärmel des Propheten, dass dieser über seine Art und Weise erbost war und seine Stirn runzelte. Für einen blinden, hilflosen Mann kam sofort die Botschaft des Erhabenen Gottes, um ihn und seine Artsgenossen zu allen Orten und Zeiten vor menschlicher Willkür zu schützen. In späteren Jahren geschah es, dass der Prophet den blinden ‘<em>Abdullā</em> h Ibn Umm <em>Maktū</em> m mit den Worten grüßte: ”Ein herzliches Willkommen gebührt dir, um dessentwillen mein Herr mich zurechtgewiesen hat!“ (ÜB) Dieser Versblock liefert den Beweis für die Echtheit dieser Botschaft. Wäre der Qur’<em>ā</em> n von <em>Muḥ</em> ammad, <em>Allā</em> hs Segen und Friede auf ihm, selbst geschrieben - wie manche Orientalisten behaupten - so hätte er keine</p>\n<p><em>Tafsīr</em> Al-Qur’<em>ān</em> <em>Al-Karīm</em> derartigen scharfen Zurechtweisungen gegen sich selbst gerichtet, die gewöhnlich einen Menschen in Misskredit bringen und ihm nur Nachteile in der Gesellschaft verursachen würden. (vgl. dazu 53:3). 80:13-16 - Der Qur’<em>ā</em> n, der die göttlichen Normen und Gebote für die Menschheit enthält - und dazu gehören solche oben in 80:1-12, ist auf geehrten Seiten niedergeschrieben, die vor jeglicher Fälschung geschützt sind. Verderben auf den Menschen! Wie undankbar ist er! (80:17) Woraus hat Er ihn erschaffen? (80:18) Aus einem Samentropfen hat Er ihn erschaffen und gebildet. (80:19) Dann hat Er ihm den Weg leicht gemacht. (80:20) Dann lässt Er ihn sterben und lässt ihn ins Grab bringen. (80:21) Dann, wenn Er will, erweckt Er ihn wieder. (80:22) Nein! Wahrlich, er hat nicht getan, was Er ihm geboten hat. (80:23) So soll der Mensch doch seine Nahrung betrachten. (80:24) Siehe, Wir gossen das Wasser in Fülle aus. (80:25) Alsdann spalteten Wir die Erde in wunderbarer Weise (80:26) und ließen Korn in ihr wachsen (80:27) und Reben und Gezweig (80:28) und Ölbäume und Palmen (80:29) und dicht bepflanzte Gartengehege (80:30) und Obst und Futtergras (80:31) als Versorgung für euch und euer Vieh. (80:32)</p>\n<p>Diese Worte bilden im sprachlichen Sinne einen Ausdruck der Missbilligung, wie z.B.: <strong>\"pfui, schäm dich\"</strong>. Derjenige Mensch wird hier deshalb getadelt, weil er seinem Herrn, Der ihn erschaffen hat, keine demütige Dankbarkeit entgegengebracht hat, und das bedeutet für ihn ein Verderb, sowohl im Diesseits als auch im Jenseits.</p>",
    "timestamp": "2025-12-20T14:27:52.303336+00:00",
    "version": "1.0",
    "copyright": {
      "author": "Muhammad Ibn Ahmad Ibn Rassoul",
      "publisher": "IB Verlag Islamische Bibliothek",
      "edition": "41. Auflage",
      "title": "Tafsīr Al-Qur'ān Al-Karīm"
    }
  },
  {
    "key": "de_tafsir-al-azhar",
    "verse_key": "80:18",
    "verses": [
      "80:18"
    ],
    "text": "<p>Hat dieser Mensch, der sich gegen seinen Herrn auflehnt, einmal gedacht, woraus er erschaffen wurde? (vgl. 16:3-4 und die Anmerkung dazu).</p>",
    "timestamp": "2025-12-20T14:27:52.303336+00:00",
    "version": "1.0",
    "copyright": {
      "author": "Muhammad Ibn Ahmad Ibn Rassoul",
      "publisher": "IB Verlag Islamische Bibliothek",
      "edition": "41. Auflage",
      "title": "Tafsīr Al-Qur'ān Al-Karīm"
    }
  },
  {
    "key": "de_tafsir-al-azhar",
    "verse_key": "80:19",
    "verses": [
      "80:19"
    ],
    "text": "<p>Sein Ursprung (s. oben 80:18) war ein Samentropfen, aus dem er zustande kam und von dem er in seinen Entwicklungsphasen andere Gestalt bekam.</p>",
    "timestamp": "2025-12-20T14:27:52.303336+00:00",
    "version": "1.0",
    "copyright": {
      "author": "Muhammad Ibn Ahmad Ibn Rassoul",
      "publisher": "IB Verlag Islamische Bibliothek",
      "edition": "41. Auflage",
      "title": "Tafsīr Al-Qur'ān Al-Karīm"
    }
  },
  {
    "key": "de_tafsir-al-azhar",
    "verse_key": "80:20",
    "verses": [
      "80:20"
    ],
    "text": "<p><em>Allā</em> h (t) hat ihn aus dem <strong>\"Gefängnis\"</strong> im Leib seiner Mutter zu einem bestimmten Zeitpunkt befreit und seinen Weg nach außen so leicht gemacht, dass er später ganz allein seine Nahrung und Trank nimmt. Ferner, dass er sich zu einem Wesen entwickelt hat, das hört, sieht und denkt. (vgl. 16:3-4 und die Anmerkung dazu). 80:21-23 - Wir Menschen halten es für zu schade, wenn ein schönes Werk vernichtet wird. Hängen die Malereien von berühmten Künstlern mit ihrem unbezahlbaren Wert nicht in Museen, bewacht und mit Millionen von Geldsummen versichert? Das Geschöpf Mensch mit seinen wunderbaren Fähigkeiten und mit seiner schönen Gestalt wäre eigentlich zu schade, um zu sterben und unter die Erde gebracht zu werden. Bei <em>Allā</em> h aber sieht diese Sache ganz anderes aus: Er lässt den Menschen sterben, ins Grab bringen, und am Tage der Auferstehung bringt Er ihn - wie er war - als Ganzes heraus. Hier dann steht er wieder vor seinem Herrn, um zu rechtfertigen, warum er in seinem irdischen Leben die Gebote seines Herrn nicht befolgt hatte. 80:24-25 - Um den Weg zum Glauben leicht zu machen erklärt <em>Allā</em> h (t) uns hier, wie wir dies tun: Wir sollen unsere Nahrung betrachten und an das Wasser denken, das in Fülle aus den Regenwolken herabkommt. Davon kommt unsere Versorgung und die unserer Viehherden. (vgl.</p>\n<p><em>Tafsīr</em> Al-Qur’<em>ān</em> <em>Al-Karīm</em> dazu unten 80:26-32). 80:26-32 - Hier ist an das Aufspalten der Erde durch die keimenden Pflanzen, moglicherweise aber auch an ihr Aufspalten durch das Pflügen mit Rindern gedacht. <em>Allā</em> h (t) schreibt Sich das Aufspalten in solcher Weise Selbst zu, wie man eine Handlung ihrer Ursache zuschreibt. Von <em>Abū</em> Bakr, dem Wahrheitsliebenden ist überliefert, dass er nach der Bedeutumg von <strong>\"Abb\"</strong> gefragt wurde. Darauf sagte er: Welcher Himmel wird mich beschirmen und welche Erde mich tragen, wenn ich sage, dass es in der Schrift <em>Allā</em> hs etwas gibt, das ich nicht kenne? Von ‘Umar ist überliefert, dass er diesen Vers rezitierte und sagte: ”Das alles kennen wir. Aber was ist <strong>\"Abb\"</strong>?“ Dann warf er einen Stock weg, den er in der Hand hatte, und sprach: ”Bei <em>Allā</em> h, Dem Ewigen! Das ist Künstelei. Was soll es dir schon ausmachen, Sohn der Mutter ‘Umars, wenn du nicht weißt, was <strong>\"Abb\"</strong> ist?“ Und er setzte hinzu: ”Folgt dem, was euch in dieser Schrift klar ist, und lasst beiseite, was nicht klar ist!“ Man kann nun sagen: Dies sieht aus, als sei es verboten, den Sinngehalten des Qur’<em>ā</em> n nachzugehen und seine unerklärlichen Stellen zu untersuchen. Darauf antworte ich (Zam): Das hat ‘Umar nicht gemeint. Aber die Leute hatten damals ihre Hauptsorge auf das Handeln gerichtet, während ihnen die Beschäftigung mit Wissenschaftlichem, das nicht der Praxis diente, als eine Künstelei galt. ‘Umar hat gemeint, dass dieser Vers vorgebracht worden ist, weil dem Menschen die Gnade der Nahrung gewährt wird und er zur Dankbarkeit aufgerufen ist. Dabei wusste ‘Umar aus dem Sinnzusammenhang des Verses, dass <strong>\"Abb\"</strong> etwas ist, das der Mensch für seine Lebensbedürfnisse oder für sein Weidevieh anpflanzt. Er wollte sagen: Man beschäftige sich bei den hier aufgezählten Wohltaten <em>Allā</em> hs vorerst mit denjenigen, die in stärkerem Maße die Dankbarkeit gegenüber <em>Allā</em> h erwecken, soweit sie einem klar und nicht unverständlich sind. Und man lasse sich davon nicht durch die Frage nach der Bedeutung von <strong>\"Abb\"</strong> und der Kenntnis bestimmter Pflanzen abbringen, die diesen Namen tragen. Man begnüge sich zunächst mit der angemessenen Kenntnis, bis einem dieses Wort zu anderer Zeit klar wird. Sodann hat ‘Umar den Menschen anempfohlen, diese Regel auch bei anderen ähnlich unklaren Stellen des Qur’<em>ā</em> n zu beobachten. (Zam, Gät) Doch wenn das betäubende Getöse kommt (80:33) am Tage, da der Mensch seinen Bruder fluchtartig verlässt (80:34) sowie seine Mutter und seinen Vater (80:35) und seine Frau und seine Söhne (80:36), an jenem Tage wird jeder eigene Sorgen genug haben, die ihn beschäftigen. (80:37) An jenem Tage werden manche Gesichter strahlend sein (80:38), heiter und freudig. (80:39) Und andere Gesichter, an jenem Tage, werden staubbedeckt sein. (80:40) Trübung wird darauf liegen. (80:41) Das sind die Ungläubigen, die Unverschämten. (80:42) 80:33-41 - Das betäubende Getöse ist die Vorankündigung des Weltuntergangs. An diesem Tag herrscht gewaltiges Schrecken, dass die normale Beziehungen und Bindungen unter Menschen verschwinden. Selbst die nahen Verwandten, wie z.B. teurer Bruder, geschätzte Mutter, geliebte Ehefrau und Kinder, gehören zu denjenigen, die der Mensch verlässt, um um sich selbst zu kümmern. Dies ist so, weil jeder an sich denkt und sich mit seinem Schicksal beschäftigt. Durch den Gesichtseindruck ist die Lage der Menschen zwischen Glückseligkeit und Elend zu erkennen.</p>",
    "timestamp": "2025-12-20T14:27:52.303336+00:00",
    "version": "1.0",
    "copyright": {
      "author": "Muhammad Ibn Ahmad Ibn Rassoul",
      "publisher": "IB Verlag Islamische Bibliothek",
      "edition": "41. Auflage",
      "title": "Tafsīr Al-Qur'ān Al-Karīm"
    }
  },
  {
    "key": "de_tafsir-al-azhar",
    "verse_key": "79:46",
    "verses": [
      "79:46"
    ],
    "text": "<p>Zum Schluss dieser schönen Sura wird uns eine Szene aus der Endzeit vor Augen gestellt, nämlich die Auferstehung aus dem Tod, die dem Aufstehen nach dem Schlaf ähnelt. Denn im Schlaf spüren wir nicht, wie die Zeit schnell vergeht. Gepriesen sei der Herr aller Welten. (vgl. dazu 2:259; 17:52; 18:19; 20:103-104; 23:112-113; 30:55). Ende der Sura 79</p>\n<p><em>Tafsīr</em> Al-Qur’<em>ān</em> <em>Al-Karīm</em> (80) Sura ‘Abasa (Er runzelte die Stirn) (offenbart zu Makka) 42 <em>Ā</em> y <em>ā</em> t Diese frühe makkanische Sure bezieht sich auf einen Vorfall, dessen Erwähnung im Offenbarungstext die vorbehaltlose Aufrichtigkeit des Propheten (a.s.s.) widerspiegelt. Der Grundsatz, den der Qur’<em>ā</em> n hier erklärt, ist der, dass die Menschen ihre Wertvorstellungen einzig aus göttlichen Anweisungen herleiten sollen und nicht aus Gegebenheiten des täglichen Lebens. Nach der Erklärung des hier ewigwährenden Grundsatzes göttlicher Offenbarung werden in dieser Sure die Gnadenerweise <em>Allā</em> hs dem Menschen gegenüber erläutert und die Folgen eines guten oder schlechten Lebens auf aufgezeigt. (ÜB) Im Namen <em>Allāhs</em>, des Allerbarmers, des Barmherzigen! Er runzelte die Stirn und wandte sich ab (80:1), als der blinde Mann zu ihm kam. (80:2) Was lässt dich aber wissen, dass er sich nicht reinigen wollte (80:3) oder dass er Ermahnung suchte und ihm somit die Lehre nützlich würde? (80:4) Wer aber es nicht für nötig hält (80:5), dem kommst du (bereitwillig) entgegen (80:6), ohne dir etwas daraus zu machen, dass er sich nicht reinigen will. (80:7) Was aber den anbelangt, der in Eifer zu dir kommt (80:8) und gottesfürchtig ist (80:9), um den kümmerst du dich nicht. (80:10) Nicht so. Wahrlich, dies ist eine Ermahnung (80:11); so möge, wer da will, diesem eingedenk sein. (80:12) (Es ist eine Ermahnung) auf geehrten Seiten (80:13); sie sind emporgehoben, rein (80:14) in den Händen rechtschaffener Sendboten (80:15), die edel und tugendhaft sind. (80:16) 80:1-12 - Er, der Prophet <em>Muḥ</em> ammad, runzelte die Stirn und wandte sich ab von einem Mann, der sein Gesicht nicht sehen konnte, weil er blind war. <em>Allā</em> h aber sieht und hört alles und hat Sich sofort in einer Tadelsform gegen Seinen Propheten - ohne seinen Namen zu nennen - eingesetzt, um ein Unrecht für allemal in der Menscheit zu beenden. Die qur’<em>ā</em> nische Zurechtweisung deutet an, dass das, was bei einem gewöhnlichen Menschen nur eine Unhöflichkeit von geringer Bedeutung gewesen wäre, den Aspekt einer ernsthaften Verfehlung, die den göttlichen Tadel verdient, annehmen müsste, wenn es sich um eine vom Propheten begangene Tat handelte. Es handelt sich beim historischen Hintergund dieser Offenbarung um den blinden ‘<em>Abdullā</em> h Ibn Umm <em>Maktū</em> m, der den Propheten (a.s.s.) aufsuchte, um sich von ihm Auskunft über Glaubensfragen zu erlangen, während dieser (der Prophet) sich mit Stammesoberhäuptern der Götzendiener beschäftigte, und zwar mit der Hoffnung, diese für den Islam zu gewinnen. In diesem wichtigen Augenblick kam der blinde ‘<em>Abdullā</em> h und, weil er nicht sehen konnte, in welcher Lage sich der Prophet befand, zog am Ärmel des Propheten, dass dieser über seine Art und Weise erbost war und seine Stirn runzelte. Für einen blinden, hilflosen Mann kam sofort die Botschaft des Erhabenen Gottes, um ihn und seine Artsgenossen zu allen Orten und Zeiten vor menschlicher Willkür zu schützen. In späteren Jahren geschah es, dass der Prophet den blinden ‘<em>Abdullā</em> h Ibn Umm <em>Maktū</em> m mit den Worten grüßte: ”Ein herzliches Willkommen gebührt dir, um dessentwillen mein Herr mich zurechtgewiesen hat!“ (ÜB) Dieser Versblock liefert den Beweis für die Echtheit dieser Botschaft. Wäre der Qur’<em>ā</em> n von <em>Muḥ</em> ammad, <em>Allā</em> hs Segen und Friede auf ihm, selbst geschrieben - wie manche Orientalisten behaupten - so hätte er keine</p>\n<p><em>Tafsīr</em> Al-Qur’<em>ān</em> <em>Al-Karīm</em> derartigen scharfen Zurechtweisungen gegen sich selbst gerichtet, die gewöhnlich einen Menschen in Misskredit bringen und ihm nur Nachteile in der Gesellschaft verursachen würden. (vgl. dazu 53:3). 80:13-16 - Der Qur’<em>ā</em> n, der die göttlichen Normen und Gebote für die Menschheit enthält - und dazu gehören solche oben in 80:1-12, ist auf geehrten Seiten niedergeschrieben, die vor jeglicher Fälschung geschützt sind. Verderben auf den Menschen! Wie undankbar ist er! (80:17) Woraus hat Er ihn erschaffen? (80:18) Aus einem Samentropfen hat Er ihn erschaffen und gebildet. (80:19) Dann hat Er ihm den Weg leicht gemacht. (80:20) Dann lässt Er ihn sterben und lässt ihn ins Grab bringen. (80:21) Dann, wenn Er will, erweckt Er ihn wieder. (80:22) Nein! Wahrlich, er hat nicht getan, was Er ihm geboten hat. (80:23) So soll der Mensch doch seine Nahrung betrachten. (80:24) Siehe, Wir gossen das Wasser in Fülle aus. (80:25) Alsdann spalteten Wir die Erde in wunderbarer Weise (80:26) und ließen Korn in ihr wachsen (80:27) und Reben und Gezweig (80:28) und Ölbäume und Palmen (80:29) und dicht bepflanzte Gartengehege (80:30) und Obst und Futtergras (80:31) als Versorgung für euch und euer Vieh. (80:32)</p>",
    "timestamp": "2025-12-20T14:27:52.303336+00:00",
    "version": "1.0",
    "copyright": {
      "author": "Muhammad Ibn Ahmad Ibn Rassoul",
      "publisher": "IB Verlag Islamische Bibliothek",
      "edition": "41. Auflage",
      "title": "Tafsīr Al-Qur'ān Al-Karīm"
    }
  }
]