[
  {
    "key": "de_tafsir-al-azhar",
    "verse_key": "71:1",
    "verses": [
      "71:1"
    ],
    "text": "<h2>Sura Nūḥ (Noah)</h2>\n<p><em>(offenbart zu Makka)</em></p>\n<p><em>0 Āyāt</em></p>\n<p>(offenbart zu Makka) 28 <em>Ā</em> y <em>ā</em> t Diejenigen, die hartnäckig <em>Allā</em> hs Botschaft ablehnen, werden bestraft. Die Lehre ist, dass das Gute die Wahrheit und Rechtschaffenheit hüten muss. Eine Stufe ist erreicht, wenn es sich von dem Bösen trennen muss, um zu verhüten, dass das Böse seine Verdorbenheit weiter verbreitet. Das wird alles in Noahs Geschichte hervorgehoben, die fast ein Gleichnis zu <em>Muḥ</em> ammads Geschichte mit den gottlosen makkanischen Heiden ist. Im Namen <em>Allāhs</em>, des Allerbarmers, des Barmherzigen! Wahrlich, Wir sandten Noah zu seinem Volk (und sprachen:) ”Warne dein Volk, bevor über sie eine schmerzliche Strafe kommt.“ (71:1) Er sagte: ”O mein Volk! Wahrlich, ich bin für euch ein deutlicher Warner (71:2), auf dass ihr <em>Allāh</em> dienen und Ihn fürchten und mir gehorchen mögt. (71:3) Dann wird Er euch etwas von euren Sünden vergeben und euch Aufschub bis zu einer bestimmten Frist gewähren. Wahrlich, <em>Allāhs</em> Termin kann nicht verschoben werden, wenn er fällig ist - wenn ihr es nur wüsstet!“ (71:4)</p>\n<p>Die von <em>Allā</em> h (t) ausgesprochene Warnung entsprang - wie jede Warnung - Seiner Barmherzigkeit und Mitleid für die Menschen. Er gewährt von Sich aus den Aufschub, um den Menschen Gelegenheit für Umkehr zu gewährleisten. (vgl. 4:18; 11:25-49; 26:105-110 und die Anmerkung dazu). Er sagte: ”Mein Herr, ich habe mein Volk bei Nacht und bei Tag (zum Glauben) aufgerufen. (71:5) Doch mein Ruf hat nur bewirkt, dass sie mehr und mehr davonliefen (71:6); und sooft ich sie rief, dass Du ihnen vergeben mögest, steckten sie ihre Finger in die Ohren und hüllten sich in ihre Gewänder und verharrten (in ihrem Zustand) und wurden allzu hochmütig. (71:7) Dann rief ich sie laut vernehmbar auf. (71:8) Dann predigte ich ihnen öffentlich, und ich redete zu ihnen im geheimen (71:9), und ich sagte: »Sucht Vergebung bei eurem Herrn; denn Er ist Allvergebend. (71:10) Er wird Regen für euch in Fülle herniedersenden (71:11); und Er wird euch mit Glücksgütern und Kindern stärken und wird euch Gärten bescheren und für euch Flüsse strömen lassen. (71:12) Was ist mit euch, dass ihr <em>Allāh</em> nicht (in der Ihm gebührenden Weise) ehrt (71:13), wo Er euch doch in (verschiedenen) Phasen erschaffen hat? (71:14) Habt ihr nicht gesehen, wie <em>Allāh</em> sieben aufeinander geschichtete Himmel erschaffen hat (71:15) und den Mond als ein Licht in sie gesetzt hat? Und gemacht hat Er die Sonne zu einer Leuchte. (71:16) Und <em>Allāh</em> hat euch wie die Pflanzen aus der Erde wachsen lassen. (71:17) Dann wird Er euch wieder in sie zurückkehren lassen, und Er wird euch dann aus ihr hervorbringen. (71:18) Und <em>Allāh</em> hat die Erde für euch zu einer ausgelegten Fläche gemacht (71:19), auf dass ihr auf ihren gangbaren Wegen ziehen mögt.«“ (71:20) 71:5-13 - Diese Worte Noahs kamen erst, nachdem er sein Volk andauernd und ausreichend warnete. Dennoch steckten sie ihre Finger in die Ohren und hüllten sich in ihre Gewänder, damit</p>\n<p><em>Tafsīr</em> Al-Qur’<em>ān</em> <em>Al-Karīm</em> die Stimme ihres Propheten sie nicht erreichen konnte. Noah hatte trotzdem mit allen Mitteln und zu allen Zeiten versucht, sein Volk zur Umkehr zu bringen. Er predigte in der Öffentlichkeit und redete im Vertrauen zu jedem von ihnen. Eine ähnliche Haltung nahm unser Prophet <em>Muḥ</em> ammad (a.s.s.) ein. Und die makkanischen Götzendiener verhielten sich ihm gegenüber wie das Volk Noahs. (vgl. 7:26; 11:32-34, 52; 26:105-110; 74:4 und die Anmerkung dazu).</p>",
    "timestamp": "2025-12-20T14:27:52.303336+00:00",
    "version": "1.0",
    "copyright": {
      "author": "Muhammad Ibn Ahmad Ibn Rassoul",
      "publisher": "IB Verlag Islamische Bibliothek",
      "edition": "41. Auflage",
      "title": "Tafsīr Al-Qur'ān Al-Karīm"
    }
  },
  {
    "key": "de_tafsir-al-azhar",
    "verse_key": "71:14",
    "verses": [
      "71:14"
    ],
    "text": "<p>Mit den verschiedenen Phasen sind die Entwicklungsstadien des Menschen im Mutterleib gemeint, und zwar von der Samenflüssigkeit bis zum fein gebildeten lebendigen Embryo, und nach seiner Geburt zum kräftigen Erwachsenen mit hoher Urteilskraft und Bildungsfähigkeit, dann zu einem schwachen Greis, dessen Wissen zurückschrumpft - manchmal bis auf das Niveau eines Kindes. 71:15-20 - Die Zahl der sieben Himmel wird im Qur’<em>ā</em> n hier an dieser Stelle und an weiteren sieben Stellen betont (vgl. 2:29; 17:44; 23:17; 23:86; 41:12; 65:12; 67:3 und die Anmerkungen dazu; ferner 3:37; 10:5 ; 20:53, 55; 23:17; 25:61). Noah sagte: ”Mein Herr, sie haben mir nicht gehorcht und sind einem gefolgt, dessen Reichtum und Kinder nur sein Verderben verstärkt haben. (71:21) Und sie haben gewaltige Ränke geschmiedet. (71:22) Und sie sagen (zueinander): »Lasst eure Götter nicht im Stich. Und verlasst weder Wadd noch <em>Suwā</em> ‘ noch Yaġūṯ und Ya‘<em>ū</em> q und Nasr.« (71:23) Und wahrlich, sie haben viele verführt; so mache, dass die Ungerechten selber um so mehr in die Irre gehen.“ (71:24) 71:21-22 - Noah (a.s.) als einziger unter allen Propheten in der Menschheitsgeschichte gibt von sich selbst jegliche Hoffnung auf, wendet sich an seinen Herrn mit diesen Worten und berichtet Ihm über einen auswegslosen Zustand, den <em>Allā</em> h (t) sowieso kennt. Man darf Noah (a.s.) in diesem Zusammenhang keine Ungeduld vorhalten; denn die erfolglose Zeitdauer seiner Wirkung betrug 950 Jahre (vgl. 29:14), d.h. die längste Zeit, um einem auflehnenden Volk einen Aufschub zur Besinnung zu geben. 71:23-24 - Es sieht so aus, als seien die so benannten Wesen ihre größten und bedeutsamsten Götzen gewesen und als hätten sie sie daher hinter dem Wort <strong>\"Lasst eure Götter nicht im Stich\"</strong> aufgeführt. Diese Götzen sind von den heidnischen Stammesgenossen Noahs an die Araber gelangt, und zwar bekam der Stamm Kalb den Wadd, der Stamm Hamḏān den <em>Suwā</em> ‘, der Stamm Maḏḥi <em>ǧ</em> den Yaġūṯ, der Stamm <em>Murā</em> d den Ya‘<em>ū</em> q und der Stamm <em>Ḥ</em> imyar den Nasr. Daher nannte man die Araber ‘Abd Wadd (Diener des Wadd) und ‘Abd Yaġūṯ (Diener des Yaġūṯ). Ferner sagt man: Wadd hatte die Gestalt eines Mannes, <em>Suwā</em> ‘ die einer Frau, Yaġūṯ die eines Löwen, Ya‘<em>ū</em> q die eines Pferdes und Nasr die eines Adlers. (Zam, Gät) Ihrer Sünden wegen wurden sie ertränkt und in ein Feuer gebracht. Und dort konnten sie keine Helfer für sich gegen <em>Allāh</em> finden. (71:25) Und Noah sagte: ”Mein Herr, lass auf der Erdoberfläche keinen einzigen von den Ungläubigen (übrig) (71:26); denn, wenn Du sie lässt, so werden sie nur Deine Diener verführen und werden nur eine unverschämte Nachkommenschaft von Ungläubigen zeugen. (71:27) Mein Herr, vergib mir und meinen Eltern und dem, der mein Haus gläubig betritt, und den gläubigen Männern und den gläubigen Frauen; und stürze die Ungerechten aber umso tiefer ins Verderben.“ (71:28)</p>\n<p><em>Tafsīr</em> Al-Qur’<em>ān</em> <em>Al-Karīm</em> 71:25-27 - Diese Beschreibung gilt als ein warnendes Zeichen für alle Menschen und richtete sich zur Zeit der Offenbarung des Qur’<em>ā</em> n an die Götzendiener von Makka, die den Propheten (a.s.s.) verfolgten. Das frevelhafte Volk Noahs erlitt nicht nur die Strafe der Ertränkung im Diesseits, sondern auch die Strafe des Höllenfeuers im Jenseits. Die Vollendung in der Vergangenheit durch den Ausdruck <strong>\"... wurden sie ertränkt und in ein Feuer gebracht\"</strong> ist in der bekannten Sprachform der <strong>\"Gewesenheit\"</strong> als vollendete Tatsache in der Zukunft, die in <em>Allā</em> hs Wissen feststeht. (vgl. 6:128; 20:74; 21:76-77; 23:26-30 und die Anmerkung dazu).</p>",
    "timestamp": "2025-12-20T14:27:52.303336+00:00",
    "version": "1.0",
    "copyright": {
      "author": "Muhammad Ibn Ahmad Ibn Rassoul",
      "publisher": "IB Verlag Islamische Bibliothek",
      "edition": "41. Auflage",
      "title": "Tafsīr Al-Qur'ān Al-Karīm"
    }
  },
  {
    "key": "de_tafsir-al-azhar",
    "verse_key": "70:44",
    "verses": [
      "70:44"
    ],
    "text": "<p>Zum Ende dieser ehrwürdigen Sura folgt eine eindrucksvolle Warnung aus der Szene am Tag der Abrechnung, den die Schuldigen verleugnet haben. Gepriesen sei <em>Allā</em> h, Der Allmächtige Gott! Ende der Sura 70</p>\n<p><em>Tafsīr</em> Al-Qur’<em>ān</em> <em>Al-Karīm</em> (71) Sura <em>Nūḥ</em> (Noah) (offenbart zu Makka) 28 <em>Ā</em> y <em>ā</em> t Diejenigen, die hartnäckig <em>Allā</em> hs Botschaft ablehnen, werden bestraft. Die Lehre ist, dass das Gute die Wahrheit und Rechtschaffenheit hüten muss. Eine Stufe ist erreicht, wenn es sich von dem Bösen trennen muss, um zu verhüten, dass das Böse seine Verdorbenheit weiter verbreitet. Das wird alles in Noahs Geschichte hervorgehoben, die fast ein Gleichnis zu <em>Muḥ</em> ammads Geschichte mit den gottlosen makkanischen Heiden ist. Im Namen <em>Allāhs</em>, des Allerbarmers, des Barmherzigen! Wahrlich, Wir sandten Noah zu seinem Volk (und sprachen:) ”Warne dein Volk, bevor über sie eine schmerzliche Strafe kommt.“ (71:1) Er sagte: ”O mein Volk! Wahrlich, ich bin für euch ein deutlicher Warner (71:2), auf dass ihr <em>Allāh</em> dienen und Ihn fürchten und mir gehorchen mögt. (71:3) Dann wird Er euch etwas von euren Sünden vergeben und euch Aufschub bis zu einer bestimmten Frist gewähren. Wahrlich, <em>Allāhs</em> Termin kann nicht verschoben werden, wenn er fällig ist - wenn ihr es nur wüsstet!“ (71:4)</p>",
    "timestamp": "2025-12-20T14:27:52.303336+00:00",
    "version": "1.0",
    "copyright": {
      "author": "Muhammad Ibn Ahmad Ibn Rassoul",
      "publisher": "IB Verlag Islamische Bibliothek",
      "edition": "41. Auflage",
      "title": "Tafsīr Al-Qur'ān Al-Karīm"
    }
  }
]