[
  {
    "key": "de_tafsir-al-azhar",
    "verse_key": "48:2",
    "verses": [
      "48:2"
    ],
    "text": "<h2>Sura Al-Fatḥ (Der Sieg)</h2>\n<p><em>(offenbart zu Unknown)</em></p>\n<p><em>0 Āyāt</em></p>\n<p>(offenbart zu <em>Al-Madī</em> na) 29 <em>Ā</em> y <em>ā</em> t Diese Sura wurde nach dem Vertrag von <em>Al-Ḥ</em> udaibiyya 628 n.Chr. (6 n.H.) offenbart, der zwischen den Muslimen und den makkanischen Heiden geschlossen wurde. <em>Al-Ḥ</em> udaibiyya ist eine Ebene, die nördlich von Makka nach einem Tagesmarsch erreichbar ist. Der Gesandte <em>Allā</em> hs, <em>Allā</em> hs Segen und Friede auf ihm, wollte, zusammen mit 1400 Muslimen, die ‘Umra durchführen. Der Abschluss des Abkommens von <em>Al-Ḥ</em> udaibiyya war eine große Stärkung und ein sozialer und politischer Sieg für die Muslime. Sieg kommt durch den Glauben. Habgier oder Hartherzigkeit können niemals den Sieg bringen. Die Belohnung für Dienste kann nicht immer an sofortigen Ereignissen gemessen werden. Bekämpft das Böse, aber seid freundlich und liebenswürdig unter euch. Durch solch ein Verhalten wird <em>Allā</em> h (t) euch lieben. Im Namen <em>Allāhs</em>, des Allerbarmers, des Barmherzigen! Wahrlich, Wir haben dir einen offenkundigen Sieg beschieden (48:1), auf dass <em>Allāh</em> dir deine vergangene und künftige Schuld vergebe, und auf dass Er Seine Gnade an dir vollende und dich auf einen geraden Weg leite (48:2), und auf dass <em>Allāh</em> dir zu einem würdigen Sieg verhelfe. (48:3) 48:1-3 - Es handelt sich hier um eine Verheißung, dass <em>Muḥammad</em> (a.s.s.) Makka erobern werde. Wenn diese Verheißung in der Form des Perfekts gegeben und damit der Inhalt der Verheißung als etwas Vollzogenes hingestellt ist, obwohl Makka bei der Herabsendung dieser Offenbarung noch nicht erobert war, dann deshalb, weil die Eroberung bereits Gewissheit war. Oder es handelt sich um eine Verheißung dessen, was <em>Muḥammad</em> (a.s.s.) in jenem Jahre, in dem diese Offenbarung herabkam, widerfuhr, wie der Sieg von Ḫaibar und Fadak. Oder es handelt sich um einen Bericht über den gerade vollzogenen Vergleich von <em>Al-Ḥudaibiyya</em>. In diesem Fall ist deshalb von einem Sieg und nicht nur von einem bloßen Vergleich die Rede, weil dieser Vergleich stattfand, als <em>Muḥammad</em> (a.s.s.) die Götzendiener schon so weit überwältigt hatte, dass sie um den Vergleich bitten mussten, und weil dadurch die Eroberung Makkas begründet wurde. Dadurch gewann der Gesandte <em>Allāhs</em>, <em>Allāhs</em> Segen und Friede auf ihm, Zeit, sich mit den übrigen Arabern zu beschäftigen. Er konnte sie überfallen, Ortschaften erobern und zahlreiche Menschen zum Eintritt in den Islam veranlassen. In <em>Al-Ḥudaibiyya</em> erschien ihm ein gewichtiges Zeichen. Das Wasser dieses Ortes war nämlich ganz ausgetrocknet. Als er sich nun den Mund mit Wasser ausspülte und es an diesem Ort ausspie, strömte das Wasser in <em>Al-Ḥudaibiyya</em> so reichlich, dass all seine Begleiter davon trinken konnten. Oder es geht hier schließlich um den Sieg der Byzantiner; denn diese haben die Perser in jenem Jahre geschlagen, in dem diese Offenbarung herabkam. Man weiß ja aus der Sura <strong>\"Die Byzantiner\"</strong> (Nr. 30), dass dies ein Sieg des Gesandten <em>Allāhs</em> war, der den Erfolg der Byzantiner vorausgesagt und als freudiges Ereignis für die Gläubigen hingestellt hatte. <strong>\"... auf dass <em>Allāh</em> dir ... vergebe\"</strong>: Dies ist ein Motiv für den Sieg, der</p>\n<p><em>Tafsīr</em> Al-Qur’<em>ān</em> <em>Al-Karīm</em> <em>Muḥammad</em> (a.s.s.) als Vergebung und Lohn für seinen Eifer verliehen wurde; denn es war ja dadurch ein Anlaß für den Sieg gegeben, dass <em>Muḥammad</em> gegen die Ungläubigen gekämpft und sich bemüht hatte, die Religion zu erhöhen, die Götzendienerei zu beseitigen, die unvollkommenen Seelen zunächst zwangsweise zu vervollkommnen, damit sie stufenweise zu freiwilliger Vervollkommnung kamen, und die Schwachen aus den Händen der Tyrannen zu befreien. <strong>\"... deine vergangene und künftige Schuld\"</strong>: alles Tadelnswerte, das von dir ausgegangen ist. <strong>\"... und auf dass Er Seine Gnade an dir vollende\"</strong>, indem Er die Religion erhöht und dem Prophetentum nun auch die Herrschaft im Lande verleiht, und dich bei der Vermittlung der Sendung und bei der Einsetzung von Normen für die Leitung der Gemeinde einen geraden Weg führen. (Baid, Gät) (vgl. dazu 9:43-45; ferner den Titel: <strong>\"<em>Muḥammad</em>, Prophet der Barmherzigkeit\"</strong>, Islamische Bibliothek).</p>\n<p>Der Prophet (a.s.s.) hat immer wieder <em>Allā</em> h (t) darum gebeten, seine Sünden zu vergeben. Er sagte zu den Gläubigen: ”Bittet <em>Allā</em> h um Vergebung; denn ich bitte Ihn jeden Tag hundertmal um Vergebung.“ Nachdem diese Sura offenbart wurde, in der <em>Allā</em> h ihm die frohe Mitteilung macht, Er hätte ihm alle seine Sünden vergeben, betete er weiter stundenlang in der Nacht, bis seine Beine durch das lange Stehen im Gebet stark geschwollen waren. Seine Frau ‘<em>Ā</em> ’iš a (r) fragte ihn: ”Warum gibst du dir soviel Mühe, obwohl <em>Allā</em> h dir alle Sünden vergeben hat?“ Seine Antwort lautete: ”Sollte ich nicht ein dankbarer Diener <em>Allā</em> hs sein?“ (ÜB) (vgl. 40:55; 47:19).</p>",
    "timestamp": "2025-12-20T14:27:52.303336+00:00",
    "version": "1.0",
    "copyright": {
      "author": "Muhammad Ibn Ahmad Ibn Rassoul",
      "publisher": "IB Verlag Islamische Bibliothek",
      "edition": "41. Auflage",
      "title": "Tafsīr Al-Qur'ān Al-Karīm"
    }
  },
  {
    "key": "de_tafsir-al-azhar",
    "verse_key": "48:3",
    "verses": [
      "48:3"
    ],
    "text": "<p>Der Prophet (a.s.s.) war sehr glücklich, als diese Sura auf seinem Weg zurück von Al- <em>Ḥ</em> udaibiyya offenbart wurde. Wegen der Gaben und Verheißungen, die ihm von <em>Allā</em> h (t) in dieser Sura gemacht wurden, sagte er zu seinen Gefährten: ”Es ist mir in dieser Nacht eine Sura offenbart worden, die mir lieber ist als alles, was die Sonne mit ihren Strahlen erreicht.“ (ÜB) Er ist es, Der die Ruhe in die Herzen der Gläubigen niedersandte, damit sie ihrem Glauben Glauben hinzufügen - und <em>Allāhs</em> sind die Heerscharen der Himmel und der Erde, und <em>Allāh</em> ist Allwissend, Allweise (48:4), auf dass Er die gläubigen Männer und die gläubigen Frauen einführe in Gärten, durch die Bäche fließen, um ewig darin zu verweilen, und auf dass Er ihre Missetaten von ihnen nehme - und das ist vor <em>Allāh</em> ein großer Gewinn (48:5); und (auf dass Er) die Heuchler und Heuchlerinnen und die Götzendiener und Götzendienerinnen bestrafe, die üble Gedanken über <em>Allāh</em> hegen. Auf solche (Sünder) wird ein böses Unheil niederfallen; und <em>Allāh</em> ist zornig auf sie; und Er hat sie verflucht und <em>Ǧ</em> ahannam für sie bereitet. Und das ist eine üble Bestimmung. (48:6) Und <em>Allāhs</em> sind die Heerscharen der Himmel und der Erde; und <em>Allāh</em> ist Erhaben, Allweise. (48:7)</p>",
    "timestamp": "2025-12-20T14:27:52.303336+00:00",
    "version": "1.0",
    "copyright": {
      "author": "Muhammad Ibn Ahmad Ibn Rassoul",
      "publisher": "IB Verlag Islamische Bibliothek",
      "edition": "41. Auflage",
      "title": "Tafsīr Al-Qur'ān Al-Karīm"
    }
  },
  {
    "key": "de_tafsir-al-azhar",
    "verse_key": "48:4",
    "verses": [
      "48:4"
    ],
    "text": "<p>Die Herzen der Gläubigen waren bei diesem Ereignis in <em>Al-Ḥ</em> udaibiyya von verschiedenen Gefühlen bewegt. Zunächst harrten sie erwartungsvoll der Verwirklichung der Vision des Propheten, wonach sie die heilige Moschee betreten würden, mussten aber plötzlich erfahren, dass dies nicht in diesem Jahr sein würde und dass sie abseits der Al-Ka‘ba, ihren Weihezustand beenden, ihre Opfer schlachten und nach <em>Al-Madī</em> na zurückkehren sollten. Das war für sie eine schwere Enttäuschung. Das Ergebnis kam durch die Ruhe, den kühlen Mut und die innere Zufriedenheit der 1500 unbewaffneten Muslime zustande, die den Propheten (a.s.s.) nach Al- <em>Ḥ</em> udaibiyya begleitet hatten und von den erregten Führern der Makkaner mit Gewaltanwendung bedroht wurden. (vgl. 9:25-27 und die Anmerkung dazu).</p>\n<p><em>Tafsīr</em> Al-Qur’<em>ān</em> <em>Al-Karīm</em></p>",
    "timestamp": "2025-12-20T14:27:52.303336+00:00",
    "version": "1.0",
    "copyright": {
      "author": "Muhammad Ibn Ahmad Ibn Rassoul",
      "publisher": "IB Verlag Islamische Bibliothek",
      "edition": "41. Auflage",
      "title": "Tafsīr Al-Qur'ān Al-Karīm"
    }
  },
  {
    "key": "de_tafsir-al-azhar",
    "verse_key": "48:5",
    "verses": [
      "48:5"
    ],
    "text": "<p>Im Qur’<em>ā</em> n wird der Lohn für die Gläubigen im Allgemeinen kollektiv verheißen, und Männer und Frauen werden nicht gesondert erwähnt. Da in diesem Zusammenhang jedoch irrtümlich der Eindruck entstehen könnte, diese Verheißung gelte nur für die Männer, sind die Frauen als Partnerinnen der Männer besonders aufgeführt worden; denn sie haben ihre männlichen Angehörigen ermutigt und in ihrer Abwesenheit zum Kampf ihr Eigentum und ihre Kinder geschützt. Selbst wenn sie zu Hause geblieben sind, steht ihnen also gleichermaßen der Lohn für den <em>Ǧ</em> <em>ihā</em> d zu. (ÜB) 48:6-7 - Wie die Belohung oben in 48:5 für Männer und Frauen gleichermaßen gewährleistet wird, so werden hier die Heuchler, Männer und Frauen, und die Götzendiener, Männer und Frauen, bei der Erwähnung ihrer Strafe zusammengefasst. Wahrlich, Wir haben dich als Zeugen und als Bringer froher Botschaft und als Warner gesandt (48:8), auf dass ihr an <em>Allāh</em> und Seinen Gesandten glauben und ihm helfen und ihn ehren und Ihn (<em>Allāh</em>) morgens und abends preisen mögt. (48:9) Wahrlich, diejenigen, die dir huldigen - sie huldigen in der Tat nur <em>Allāh</em>; die Hand <em>Allāhs</em> ist über ihren Händen. Und wer daher den Eid bricht, bricht ihn zu seinem eigenen Schaden; dem aber, der das hält, wozu er sich <em>Allāh</em> gegenüber verpflichtet hat, wird Er einen gewaltigen Lohn geben. (48:10)</p>",
    "timestamp": "2025-12-20T14:27:52.303336+00:00",
    "version": "1.0",
    "copyright": {
      "author": "Muhammad Ibn Ahmad Ibn Rassoul",
      "publisher": "IB Verlag Islamische Bibliothek",
      "edition": "41. Auflage",
      "title": "Tafsīr Al-Qur'ān Al-Karīm"
    }
  },
  {
    "key": "de_tafsir-al-azhar",
    "verse_key": "48:8",
    "verses": [
      "48:8"
    ],
    "text": "<p>Mit diesen drei Eigenschaften wurde unser Prophet (a.s.s.) nicht nur zu den Götzendienern von Makka, sondern zu der gesamten Menscheit entsandt. Er wird Zeugnis am Jüngsten Tag darüber ablegen, dass er die Botschaft <em>Allā</em> hs vollständig und gewissenhaft brachte; er wurde ferner als ein Verkünder froher Botschaft von <em>Allā</em> hs Barmherzigkeit und Gnade für alle, die umkehren und ein gutes Leben führen. Er gilt weiter als derjenige, der die Ungerechten vor den Folgen ihrer Vergehen warnt.</p>",
    "timestamp": "2025-12-20T14:27:52.303336+00:00",
    "version": "1.0",
    "copyright": {
      "author": "Muhammad Ibn Ahmad Ibn Rassoul",
      "publisher": "IB Verlag Islamische Bibliothek",
      "edition": "41. Auflage",
      "title": "Tafsīr Al-Qur'ān Al-Karīm"
    }
  },
  {
    "key": "de_tafsir-al-azhar",
    "verse_key": "48:9",
    "verses": [
      "48:9"
    ],
    "text": "<p>Die Entsendung des Propheten (a.s.s.) hat ferner zur Folge, dass er als Gesandter <em>Allā</em> hs im irdischen Leben Anerkennung findet und dass die Muslime, an diese Botschaft glauben, <em>Allā</em> h dafür dankbar sein werden, und Ihn (<em>Allā</em> h) am Tagesanfang und -ende, d.h. zu allen Zeiten, verehren und preisen.</p>",
    "timestamp": "2025-12-20T14:27:52.303336+00:00",
    "version": "1.0",
    "copyright": {
      "author": "Muhammad Ibn Ahmad Ibn Rassoul",
      "publisher": "IB Verlag Islamische Bibliothek",
      "edition": "41. Auflage",
      "title": "Tafsīr Al-Qur'ān Al-Karīm"
    }
  },
  {
    "key": "de_tafsir-al-azhar",
    "verse_key": "48:10",
    "verses": [
      "48:10"
    ],
    "text": "<p>Bei den Verhandlungen von <em>Al-Ḥ</em> udaibiyya, als es noch ungewiss war, ob die <em>Banū</em> Quraiš die Abgesandten des Propheten nach Makka gut oder schlecht behandeln würden, ging eine große Welle von Mitgefühl durch das Lager der 1500 Muslime. Sie kamen mit großer Begeisterung herbei und schworen dem Propheten (a.s.s.) mit Handschlag die Treue. Dies war ein wirklicher Sieg, der in der islamischen Geschichte als Bai‘<em>a-tu-r-Riḍ</em> w <em>ā</em> n (Treueschwur des göttlichen Wohlwollens) genannt wird. Sie legten ihre Hände auf die Hand des Propheten, aber <em>Allā</em> hs Hand war über ihren Händen, und Er nahm ihren Schwur an. Dieser Handschlag galt <em>Allā</em> h (t) Selbst, nicht nur Seinem Gesandten. Über dieses historische Ereignis hinaus hat dieser Vers die Bedeutung, dass der Glaube an den Gesandten <em>Allā</em> hs gleichbedeutend ist mit der Erklärung des Glaubens an <em>Allā</em> h (t) Selbst, und umgekehrt bedeutet die Bereitschaft, <em>Allā</em> h (t) in allen Dingen zu gehorchen, einen Gehorsam Seinem Gesandten gegenüber. (ÜB) (vgl. den Titel: <strong>\"<em>Muḥ</em> ammad, Prophet der Barmherzigkeit\"</strong>, Islamische Bibliothek). Diejenigen unter den Wüstenarabern, die zurückblieben, werden zu dir sagen: ”Beschäftigt haben uns unsere Besitztümer und unsere Familien, darum bitte um Verzeihung für uns.“</p>\n<p><em>Tafsīr</em> Al-Qur’<em>ān</em> <em>Al-Karīm</em> Sie sagen mit ihren Zungen, was nicht in ihren Herzen ist. Sprich: ”Wer vermag etwas für euch bei <em>Allāh</em> (auszurichten), wenn Er euch Schaden oder Nutzen zufügen will? Nein, <em>Allāh</em> ist dessen wohl kundig, was ihr tut. (48:11) Nein, ihr meintet, dass der Gesandte und die Gläubigen nimmermehr zu ihren Familien zurückkehren würden, und das wurde euren Herzen wohlgefällig gemacht, und ihr hegtet einen bösen Gedanken, und ihr wart ein verderbtes Volk.“ (48:12) Und jene, die nicht an <em>Allāh</em> und Seinen Gesandten glauben - für die Ungläubigen haben Wir ein flammendes Feuer bereitet. (48:13) Und <em>Allāhs</em> ist das Königreich der Himmel und der Erde. Er vergibt, wem Er will, und bestraft, wen Er will, und <em>Allāh</em> ist Allvergebend, Barmherzig. (48:14) 48:11-12 - Als der Prophet (a.s.s.) von <em>Al-Madī</em> na zu seiner Reise nach Makka aufbrach, die in <em>Al-Ḥ</em> udaibiyya enden sollte, forderte er alle Muslime auf, ihn bei diesem Unternehmen zu begleiten, und dieser Aufforderung kamen viele begeistert nach. Nur einige der Wüstenstämme blieben mit Entschuldigungen zurück. Es handelte sich um die Ġ <em>ifā</em> r, Muzaina, <em>Ǧ</em> uhaina, Ašǧa‘, Aslam und Ḏ ail, die zwar äußerlich mit dem Propheten verbündet waren und sich zum Islam bekannten, sich aber jetzt mit verschiedenen Entschuldigungen geweigert hatten, ihn auf seiner Reise nach Makka zu begleiten, da sie davon überzeugt waren, dass die Makkaner die unbewaffneten Muslime überfallen und vernichten würden. Ihre Entschuldigung, sie müssten nach ihren Herden und Familien sehen, war nachträglich ausgedacht, nachdem der Prophet und seine Gefährten wohlbehalten und siegreich nach <em>Al-Madī</em> na zurückgekehrt waren. Die Wüstenaraber, die zurückblieben hatten in Wirklichkeit mehr Sympathien für die heidnischen <em>Banū</em> Quraiš als für den Propheten und seine Begleiter. (ÜB) 48:13-14 - Hier wird den Wüstenarabern, die zurückblieben, eine Verhaltensweise des Unglaubens vorgeworfen. Während sie mit einer schmerzhaften Strafe rechnen müssen, öffnet ihnen <em>Allā</em> h die Tore der Umkehr, damit Er ihnen vergibt; denn Er ist Allvergebend und Barmherzig. Diejenigen, die zurückblieben, werden sagen: ”Wenn ihr nach Beute auszieht, die ihr zu nehmen beabsichtigt, so erlaubt uns, euch zu folgen.“ Sie wollen <em>Allāhs</em> Spruch ändern. Sprich: ”Ihr sollt uns nicht folgen; so hat <em>Allāh</em> zuvor gesprochen.“ Dann werden sie sagen: ”Nein, aber ihr beneidet uns.“ Das nicht, jedoch sie verstehen nur wenig. (48:15)</p>",
    "timestamp": "2025-12-20T14:27:52.303336+00:00",
    "version": "1.0",
    "copyright": {
      "author": "Muhammad Ibn Ahmad Ibn Rassoul",
      "publisher": "IB Verlag Islamische Bibliothek",
      "edition": "41. Auflage",
      "title": "Tafsīr Al-Qur'ān Al-Karīm"
    }
  },
  {
    "key": "de_tafsir-al-azhar",
    "verse_key": "48:15",
    "verses": [
      "48:15"
    ],
    "text": "<p>Die Wüstenaraber liebten Kampf und Plünderung und verstanden dies als einen Grund zum Krieg. Hier kommt noch ein anderer Beweggrund der Zurückgebliebenen zum Vorschein. Die Reise zur Pilgerfahrt hatte keine Aussicht auf Kriegsbeute. Wenn es in der Zukunft Aussicht auf Beute gäbe, dann würden sie schon kommen! Im <em>Ǧihād</em> geht es nicht um persönlichen Gewinn oder um Beute, sondern um das Streben für <em>Allāhs</em> Sache. Allgemein wird dies auf den bevorstehenden Ḫaibar-Feldzug verstanden. Hier bezieht sich dies offensichtlich auf 8:1. (ÜB) (vgl. ferner 2:193). Sprich zu den Wüstenarabern, die zurückblieben: ”Ihr sollt gegen ein Volk von starken Kriegern aufgerufen werden; ihr kämpft gegen sie, es sei denn, sie treten zum Islam über; und wenn ihr gehorcht, wird <em>Allāh</em> euch einen schönen Lohn geben; doch wenn ihr (Ihm) den Rücken kehrt, wie ihr ihn zuvor gekehrt habt, dann wird Er euch mit qualvoller Strafe bestrafen.“ (48:16) Kein Vorwurf trifft den Blinden, noch trifft ein Vorwurf den</p>\n<p><em>Tafsīr</em> Al-Qur’<em>ān</em> <em>Al-Karīm</em> Gehbehinderten, noch trifft ein Vorwurf den Kranken. Und den, der <em>Allāh</em> und Seinem Gesandten gehorcht, wird Er in Gärten führen, durch die Bäche fließen; doch den, der (Ihm) den Rücken kehrt, wird Er mit schmerzlicher Strafe bestrafen. (48:17)</p>",
    "timestamp": "2025-12-20T14:27:52.303336+00:00",
    "version": "1.0",
    "copyright": {
      "author": "Muhammad Ibn Ahmad Ibn Rassoul",
      "publisher": "IB Verlag Islamische Bibliothek",
      "edition": "41. Auflage",
      "title": "Tafsīr Al-Qur'ān Al-Karīm"
    }
  },
  {
    "key": "de_tafsir-al-azhar",
    "verse_key": "48:16",
    "verses": [
      "48:16"
    ],
    "text": "<p>Den Wüstenarabern (vgl. oben 48:15) wird hier erlaubt, dass sie sich für den Islam einsetzen dürfen, wenn es um wirklichen Kampf gegen gut organisierte Armeen gehen würde - wie es z.B. später in den Kriegen gegen die Perser und Byzantiner der Fall war. (vgl. 27:33). Die Worte <strong>\"... es sei denn, sie treten zum Islam über\"</strong> bedeuten, dass - wenn der Feind den Islam annimmt und sich fügt, dann gibt es keinen Grund zum Kampf und zur Beute. Wenn diese Vorschrift des Qur’<em>ā</em> n nicht befolgt wird, so müssen die Ungehorsamen mit einer qualvollen Strafe rechnen.</p>",
    "timestamp": "2025-12-20T14:27:52.303336+00:00",
    "version": "1.0",
    "copyright": {
      "author": "Muhammad Ibn Ahmad Ibn Rassoul",
      "publisher": "IB Verlag Islamische Bibliothek",
      "edition": "41. Auflage",
      "title": "Tafsīr Al-Qur'ān Al-Karīm"
    }
  },
  {
    "key": "de_tafsir-al-azhar",
    "verse_key": "48:17",
    "verses": [
      "48:17"
    ],
    "text": "<p>In diesen drei Fällen wird die Kampfunfähigkeit genannt, die die Betroffenen von der Verpflichtung zum <em>Ǧ</em> <em>ihā</em> d befreit. <em>Allāh</em> ist wohl zufrieden mit den Gläubigen, weil sie dir unter dem Baum Treue gelobten; und Er wusste, was in ihren Herzen war, dann sandte Er Ruhe auf sie hinab und belohnte sie mit einem nahen Sieg (48:18) und mit viel Beute, die sie machen werden. Und <em>Allāh</em> ist Erhaben, Allweise. (48:19)</p>",
    "timestamp": "2025-12-20T14:27:52.303336+00:00",
    "version": "1.0",
    "copyright": {
      "author": "Muhammad Ibn Ahmad Ibn Rassoul",
      "publisher": "IB Verlag Islamische Bibliothek",
      "edition": "41. Auflage",
      "title": "Tafsīr Al-Qur'ān Al-Karīm"
    }
  },
  {
    "key": "de_tafsir-al-azhar",
    "verse_key": "48:18",
    "verses": [
      "48:18"
    ],
    "text": "<p>Hier handelt es sich um die oben in 48:10 gennaten Treueschwur des göttlichen Wohlwollens (arab.: Bai‘<em>atu-r-Riḍwān</em>). Er kannte ihre Aufrichtigkeit beim Gelöbnis und ihre Selbstkontrolle und Rücksicht als ihre Gefühle aufgestachelt wurden. Sie standen trotz allem in Gehorsam, Geduld und Ergebenheit hinter dem Wort des Propheten. Diejenigen, die diesen Treueschwur leisteten, haben gehört, wie der Prophet (a.s.s.) nach ihrer Huldigung sagte: ”Heute seid ihr die Besten unter den Erdenbewohnern.“ In 9:26 werden ähnliche Erklärung im Zusammenhang mit der Schlacht von <em>Ḥunain</em> benutzt und in 9:40 in Verbindung mit der Berghöhle <strong>\"<em>Ǧabal</em> Ṯaur\"</strong> während der <em>Hiǧra</em> nach <em>Al-Madīna</em>.</p>",
    "timestamp": "2025-12-20T14:27:52.303336+00:00",
    "version": "1.0",
    "copyright": {
      "author": "Muhammad Ibn Ahmad Ibn Rassoul",
      "publisher": "IB Verlag Islamische Bibliothek",
      "edition": "41. Auflage",
      "title": "Tafsīr Al-Qur'ān Al-Karīm"
    }
  },
  {
    "key": "de_tafsir-al-azhar",
    "verse_key": "48:19",
    "verses": [
      "48:19"
    ],
    "text": "<p>Die Historiker beziehen dies auf den Ḫaibar-Feldzug, der wenige Monate nach dem Abkommen von <em>Al-Ḥudaibiyya</em> stattfand. (vgl. 9:25-27 und die Anmerkung dazu). <em>Allāh</em> hat euch viel Beute verheißen, die ihr machen werdet, und Er hat euch dies eilends aufgegeben und hat die Hände der Menschen von euch abgehalten, auf dass es ein Zeichen für die Gläubigen sei und auf dass Er euch auf einen geraden Weg leite. (48:20) Und einen anderen (Teil der Beute), den ihr noch nicht zu erlangen vermochtet, hat <em>Allāh</em> jedoch in Seiner Macht. Und <em>Allāh</em> hat Macht über alle Dinge. (48:21) Und wenn die Ungläubigen euch bekämpft hätten, hätten sie (euch) gewiss den Rücken gekehrt; dann hätten sie weder Beschützer noch Helfer finden können. (48:22) Derart ist <em>Allāhs</em> Vorgehen, wie es zuvor gewesen ist; und nie wirst du in <em>Allāhs</em> Vorgehen einen Wandel finden. (48:23) Und Er ist es, Der ihre Hände von euch abhielt und eure Hände von ihnen in dem Tal von Makka, nachdem Er euch den Sieg über sie gegeben hatte. Und <em>Allāh</em> sieht alles, was ihr tut. (48:24) 48:20-21 - Der Gewinn, der aus dem Treueschwur und dem ruhigen, disziplinierten Verhalten der Muslime erwuchs, war sicherlich groß. Zu den ersten Früchten des Treueschwurs gehörte das Abkommen von <em>Al-Ḥ</em> udaibiyya, das für die nächste Zeit alle Feindseligkeiten der heidnischen</p>\n<p><em>Tafsīr</em> Al-Qur’<em>ān</em> <em>Al-Karīm</em> Makkaner beendete und den Weg nach Makka öffnete. 48:22-23 - Diese Verheißung erfüllte sich in einer ununterbrochenen Reihe von Siegen nach dem Abkommen von <em>Al-Ḥ</em> udaibiyya, die schließlich dazu führten, dass ein Reich vom Atlantik bis zu den Grenzen Chinas entstand.</p>",
    "timestamp": "2025-12-20T14:27:52.303336+00:00",
    "version": "1.0",
    "copyright": {
      "author": "Muhammad Ibn Ahmad Ibn Rassoul",
      "publisher": "IB Verlag Islamische Bibliothek",
      "edition": "41. Auflage",
      "title": "Tafsīr Al-Qur'ān Al-Karīm"
    }
  },
  {
    "key": "de_tafsir-al-azhar",
    "verse_key": "48:24",
    "verses": [
      "48:24"
    ],
    "text": "<p>Kleinere Zwischenfälle hatten stattgefunden, die die <em>Banū</em> Quraiš und die Muslime aus Al- <em>Madī</em> na in Kampfhandlungen hätten verwickeln können. Einerseits waren die <em>Banū</em> Quraiš entschlossen, die Muslime aus der Stadt fernzuhalten, obgleich sie kein Recht dazu hatten; andererseits hatten die Muslime - obwohl sie unbewaffnet waren - geschworen, zusammenzuhalten, und in einem Gegenangriff hätten sie sich sehr wohl den Zugang zur Al- Ka‘ba erzwingen können (vgl. unten 48:25). Aber <em>Allā</em> h (t) hielt beide Seiten von allem zurück, das den Frieden des Heiligtums hätte verletzen können, bis das Abkommen unterzeichnet und die Gefahr vorüber war. Kurz vor dem Vertragsschluss griff eine Gruppe von achtzig Mann der <em>Banū</em> Quraiš das Lager des Propheten (a.s.s.) an, aber seine praktisch waffenlosen Männer überwältigten sie und nahmen sie gefangen, um sie nach der Unterzeichnung unversehrt freizulassen. <em>Allā</em> h (t) weist hier auf einen Zwischenfall hin, der geschah, während das Abkommen von <em>Al-Ḥ</em> udaibiyya niedergeschrieben wurde. Er erwähnt ihn auf diese Art und Weise, damit sie wissen, dass alles, was geschah, von Ihm gewollt und geplant war. Und wenn sie wissen, dass dieses Abkommen von <em>Allā</em> h (t) gewollt und gutgeheißen ist, dann werden sie es ohne Murren akzeptieren und treu einhalten. (ÜB) Sie sind es, die ungläubig waren und euch von der heiligen Moschee fernhielten und die Opfertiere daran hinderten, ihren Bestimmungsort zu erreichen. Und wäre es nicht wegen der gläubigen Männer und der gläubigen Frauen gewesen, die ihr nicht kanntet und die ihr vielleicht unwissentlich niedergetreten hättet, so dass ihr euch an ihnen versündigt hättet, (hättet ihr kämpfen können). Damit <em>Allāh</em> in Seine Gnade führe, wen Er will. Wären sie getrennt gewesen, hätten Wir sicher jene unter ihnen, die ungläubig waren, mit schmerzlicher Strafe bestraft. (48:25) Als die Ungläubigen in ihren Herzen Parteilichkeit hegten - die Parteilichkeit der <em>Al-Ǧāhiliyya</em>, sandte <em>Allāh</em> auf Seinen Gesandten und auf die Gläubigen Seine Ruhe hinab und ließ sie an dem Wort der Gottesfurcht festhalten, und sie hatten wohl Anspruch auf dieses (Wort) und waren seiner würdig. Und <em>Allāh</em> weiß über alle Dinge Bescheid. (48:26)</p>",
    "timestamp": "2025-12-20T14:27:52.303336+00:00",
    "version": "1.0",
    "copyright": {
      "author": "Muhammad Ibn Ahmad Ibn Rassoul",
      "publisher": "IB Verlag Islamische Bibliothek",
      "edition": "41. Auflage",
      "title": "Tafsīr Al-Qur'ān Al-Karīm"
    }
  },
  {
    "key": "de_tafsir-al-azhar",
    "verse_key": "48:25",
    "verses": [
      "48:25"
    ],
    "text": "<p>Die Muslime aus <em>Al-Madī</em> na hatten ihre Opfertiere mitgebracht und ihre Pilgerkleidung angezogen (vgl. 2:197). Aber sie durften Makka nicht betreten, und darüber hinaus wurde ihnen nicht erlaubt, ihre Tiere zum Platz der Opferung in Makka zu schicken, wie sie es nach Sura 2:196 hätten tun können. Das Opfer wurde deshalb in <em>Al-Ḥ</em> udaibiyya vollzogen. Es gab zu jener Zeit in Makka gläubige Muslime, Männer und Frauen und der Glaube von einigen von ihnen war ihren Glaubensgenossen aus <em>Al-Madī</em> na unbekannt. Hätten in Makka Kampfhandlungen stattgefunden, hätten die Muslime, selbst wenn sie erfolgreich gewesen wären, unbeabsichtigt einige dieser unbekannten Muslime getötet und sich damit unbeabsichtigt des Blutvergießens an Muslimen schuldig gemacht. Dies wurde durch den Vertrag verhindert. Unter den gegebenen Umständen war der Vertrag von <em>Al-Ḥ</em> udaibiyya jedoch die beste Lösung. (ÜB) (vgl. 9:74).</p>",
    "timestamp": "2025-12-20T14:27:52.303336+00:00",
    "version": "1.0",
    "copyright": {
      "author": "Muhammad Ibn Ahmad Ibn Rassoul",
      "publisher": "IB Verlag Islamische Bibliothek",
      "edition": "41. Auflage",
      "title": "Tafsīr Al-Qur'ān Al-Karīm"
    }
  },
  {
    "key": "de_tafsir-al-azhar",
    "verse_key": "48:26",
    "verses": [
      "48:26"
    ],
    "text": "<p>In diesem Zusammenhang wird über folgenden Zwischenfall berichtet: Der Prophet</p>\n<p><em>Tafsīr</em> Al-Qur’<em>ān</em> <em>Al-Karīm</em> (a.s.s.) fing an, ‘Alyy Ibn <em>Abī</em> <em>Ṭālib</em> den Text der vorgeschlagenen Vereinbarungen zu diktieren: ”Schreibe: Im Namen <em>Allā</em> hs, des Allerbarmers, des Barmherzigen.“ Aber Suhail, der Vertreter der Makkaner, unterbrach ihn und sagte: ”Wir haben den Ausdruck <strong>\"Allerbarmer\"</strong> nie gehört; schreibt nur das, was wir wissen.“ Darauf sagte der Prophet zu ‘Alyy: ”Schreibe dann: <strong>\"In deinem Namen, o Gott.“ ‘Alyy schrieb, wie ihm geheißen wurde, und der Prophet fuhr fort: ”Folgendes wurde vereinbart zwischen <em>Muḥ</em> ammad, dem Gesandten <em>Allā</em> hs, und den Leuten von Makka.“ Aber Suhail unterbrach ihn wieder. ”Wenn du wirklich ein Gesandter <em>Allā</em> hs wärst, dann wäre dies ein Zugeständnis, dass wir dir Unrecht getan haben; schreibe darum so, wie wir es verstehen.“ Also diktierte der Prophet ‘Alyy: ”Schreibe: \"</strong>Folgendes wurde vereinbart zwischen <em>Muḥ</em> ammad, dem Sohn des ‘<em>Abdallā</em> h, des Sohnes des ‘<em>Abdulmuṭṭalib</em>, und den Leuten von Makka.“ (vgl. oben 48:18; ferner 9:25-27 und die Anmerkung dazu). Auf diese Provokation verhielten sich die Muslime sehr ruhig und gelassen. Dies war der Ausdruck des Satzes: <strong>\"... sandte <em>Allā</em> h auf Seinen Gesandten und auf die Gläubigen Seine Ruhe hinab\"</strong>. Wahrlich, <em>Allāh</em> hat Seinem Gesandten das Traumgesicht zu Wirklichkeit gemacht. Ihr werdet gewiss - denn <em>Allāh</em> wollte (es so) - in Sicherheit in die heilige Moschee mit geschorenem Haupt oder kurzgeschnittenem Haar eintreten; ihr werdet keine Furcht haben. Und Er wusste, was ihr nicht wusstet, und Er hat (euch) außer diesem (Sieg) einen nahen Sieg bestimmt. (48:27) Er ist es, Der Seinen Gesandten mit der Führung und der wahren Religion geschickt hat, auf dass Er sie über jede andere Religion siegen lasse. Und <em>Allāh</em> genügt als Zeuge. (48:28)</p>",
    "timestamp": "2025-12-20T14:27:52.303336+00:00",
    "version": "1.0",
    "copyright": {
      "author": "Muhammad Ibn Ahmad Ibn Rassoul",
      "publisher": "IB Verlag Islamische Bibliothek",
      "edition": "41. Auflage",
      "title": "Tafsīr Al-Qur'ān Al-Karīm"
    }
  },
  {
    "key": "de_tafsir-al-azhar",
    "verse_key": "48:27",
    "verses": [
      "48:27"
    ],
    "text": "<p>Der Prophet (a.s.s.) hatte im Traum gesehen, dass er die heilige Moschee von Makka betrat, kurz bevor er zu der Reise aufbrach, die mit dem Vertrag von <em>Al-Ḥ</em> udaibiyya endete. Dadurch konnten er und seine Gefährten im folgenden Jahr ohne jede Störung und Belästigung Makka betreten und die üblichen Riten durchführen. (vgl. 2:196).</p>",
    "timestamp": "2025-12-20T14:27:52.303336+00:00",
    "version": "1.0",
    "copyright": {
      "author": "Muhammad Ibn Ahmad Ibn Rassoul",
      "publisher": "IB Verlag Islamische Bibliothek",
      "edition": "41. Auflage",
      "title": "Tafsīr Al-Qur'ān Al-Karīm"
    }
  },
  {
    "key": "de_tafsir-al-azhar",
    "verse_key": "48:28",
    "verses": [
      "48:28"
    ],
    "text": "<p>Letztendlich setzte sich die wahre Religion nicht nur auf der arabischen Halbinsel durch, sondern in relativ kurzer Zeit in großen Teilen der Welt, sowohl im oströmischen Kaiserreich als auch in Persien, Indien, China, Indonesien und vielen anderen Ländern. (ÜB) (vgl. 8:19; 61:9) <em>Muḥ</em> ammad ist der Gesandte <em>Allāhs</em>. Und die, die mit ihm sind, sind hart gegen die Ungläubigen, doch barmherzig zueinander. Du siehst sie sich (im Gebet) beugen, niederwerfen (und) <em>Allāhs</em> Huld und Wohlgefallen erstreben. Ihre Merkmale befinden sich auf ihren Gesichtern: die Spuren der Niederwerfungen. Das ist ihre Beschreibung in der Thora. Und ihre Beschreibung im Evangelium lautet: (Sie sind) gleich dem ausgesäten Samenkorn, das seinen Schößling treibt, ihn dann stark werden lässt, dann wird er dick und steht fest auf seinem Halm, zur Freude derer, die die Saat ausgestreut haben - auf dass Er die Ungläubigen bei ihrem (Anblick) in Wut entbrennen lasse. <em>Allāh</em> hat denjenigen, die glauben und gute Werke tun, Vergebung und einen gewaltigen Lohn verheißen. (48:29)</p>",
    "timestamp": "2025-12-20T14:27:52.303336+00:00",
    "version": "1.0",
    "copyright": {
      "author": "Muhammad Ibn Ahmad Ibn Rassoul",
      "publisher": "IB Verlag Islamische Bibliothek",
      "edition": "41. Auflage",
      "title": "Tafsīr Al-Qur'ān Al-Karīm"
    }
  },
  {
    "key": "de_tafsir-al-azhar",
    "verse_key": "46:34",
    "verses": [
      "46:34"
    ],
    "text": "<p>D.h., heute müssen sie die Wahrheit erkennen, die sie geleugnet haben. 46:35 -Zu diesem eindrucksvollen Schluss dieser schönen Sura wird die Anweisung an unseren Propheten <em>Muḥ</em> ammad (a.s.s.) gerichtet, der soviel Spott und Verfolgung von seinem Volk ertragen musste. An dieser Stelle wäre es angebracht, etwas von seinem Leiden und von seinem gütigen Verhalten zu erfahren: Einmal wurde er so gequält und von Kindern und Herzlosen mit Steinen so heftig beworfen, dass er mit blutenden Beinen den langen Weg nach Makka zurücklegen musste. Dann tat er nichts anderes als sich mit einem Bittgebet an seinen barmherzigen Herrn zu wenden und Ihn um Vergebung für sein Volk zu bitten (vgl. 6:47). Ende der Sura 46 (47) Sura <em>Muḥ</em> ammad (offenbart zu <em>Al-Madī</em> na) 38 <em>Ā</em> y <em>ā</em> t Diese Sura wurde etwa ein Jahr nach der <em>Hiǧ</em> ra offenbart, als die Möglichkeit gegeben war, dass die heidnischen Makkaner die Muslime ausschalten. Diese und die zwei nächsten Suren behandeln die äußeren und inneren Beziehungen der Umma als sie neu gegründet wurde. Diejenigen, die <em>Allā</em> h (t) ablehnen und die Menschen auf dem Wege <em>Allā</em> hs behindern - <em>Allā</em> h wird ihre Taten in die Irre gehen lassen und sie selbst vernichten. <em>Allā</em> h (t) wird den Gläubigen das Übel von ihnen nehmen und die Bedingungen ihres irdischen Lebens verbessern. <em>Allā</em> h (t) schenkt denjenigen, die für Seine Sache kämpfen, Seine Rechtleitung. Die Heuchler, wie ihr Beispiel in <em>Al-Madī</em> na z.Zt. des Gesandten <em>Allā</em> hs, <em>Allā</em> hs Segen und Friede auf ihm, sind ein Übel für die Umma; denn sie geben dem Islam nur ein Lippenbekenntnis ab. Das sind Leute, die <em>Allā</em> h verflucht hat. <em>Allā</em> h (t) wird sie bestrfen, da sie nicht für den Islam kämpfen wollen. Dient dem Islam aufrichtig, andernfalls wird <em>Allā</em> h euch wegnehmen und andere an eure Stelle bringen, die nicht so sind wie ihr.</p>\n<p><em>Tafsīr</em> Al-Qur’<em>ān</em> <em>Al-Karīm</em> Im Namen <em>Allāhs</em>, des Allerbarmers, des Barmherzigen! Die Werke derjenigen, die ungläubig sind und vom Weg <em>Allāhs</em> abhalten, macht Er zunichte. (47:1) Denjenigen aber, die gläubig sind und gute Werke tun und an das glauben, was auf <em>Muḥ</em> ammad herabgesandt worden ist - und es ist ja die Wahrheit von ihrem Herrn, denen tilgt Er ihre schlechten Taten und stellt ihre gute Lage wieder her. (47:2) Dies (ist deshalb so), weil jene, die ungläubig sind, dem Trügerischen folgen, und weil diejenigen, die gläubig sind, der Wahrheit ihres Herrn folgen. So beschreibt <em>Allāh</em> den Menschen ihre Lage. (47:3) 47:1-3 - Dieser Vers schließt an den letzten Vers von Sura 46 an. Mit ihm wird es allen Menschen in aller Deutlichkeit klargemacht, dass Werke und Taten ohne den Glauben an den Erhabenen Schöpfer wertlos sind und kein Gewicht haben. Das Argument: <strong>\"Ich glaube nicht an Gott, tue aber keinem Menschen Leid, und helfe vielmehr den Armen und den Schwachen\"</strong>, wird sinnlos sein. Neben dem Glauben an <em>Allā</em> h und an Seinen Propheten <em>Muḥ</em> ammad (a.s.s.) müssen gute Taten folgen, damit <em>Allā</em> h (t) die schlechten Taten tilgt und die gute Lage der Wohltäter - sowohl in dieser Welt als auch im zukünftigen Leben - wieder herstellt. D.h.: <em>Allā</em> h (t) wird alles auslöschen, was die Makkaner in der Zeit der Unwissenheit vor dem Islam (arab.: <em>Ǧāhiliyya</em>) an Fehlern begangen haben. Wenn ihr (im Kampf) auf die stoßt, die ungläubig sind, so haut (ihnen) auf den Nacken; und wenn ihr sie schließlich siegreich niedergekämpft habt, dann schnürt ihre Fesseln fest. (Lasst) dann hernach entweder Gnade walten oder (fordert) Lösegeld, bis der Krieg seine Lasten (von euch) wegnimmt. Das ist so. Und hätte <em>Allāh</em> es gewollt, hätte Er Selbst sie besiegen können, aber Er wollte die einen von euch durch die anderen prüfen. Und diejenigen, die auf <em>Allāhs</em> Weg gefallen sind - nie wird Er ihre Werke zunichte machen. (47:4) Er wird sie rechtleiten und ihren Stand verbessern (47:5) und sie ins Paradies führen, das Er ihnen zu erkennen gegeben hat. (47:6) O ihr, die ihr glaubt, wenn ihr <em>Allāhs</em> (Sache) helft, so wird Er euch helfen und euren Füßen festen Halt geben. (47:7) Die aber ungläubig sind - nieder mit ihnen! Er lässt ihre Werke fehlgehen. (47:8) Dies (ist so), weil sie das hassen, was <em>Allāh</em> herabgesandt hat; so macht Er ihre Werke zunichte. (47:9) Denn man kann nicht mit Samthandschuhen kämpfen. (vgl. 2:190, 191; 8:67; 22:39-40). Über die Kriegsgefangenen wird hier gesagt, dass sie gegen Lösegeld oder ohne Gegenleistung freigelassen werden sollen. Nach der Schlacht von Badr sind Gefangene auch gegen Lösegeld freigelassen worden. Ihnen wurde aufgetragen, jeweils zehn muslimische Kinder Lesen und Schreiben zu lehren und damit ihre Freiheit zu erlangen. Als <em>Al-Ḥ</em> a <em>ǧǧāǧ</em> Ibn <em>Yū</em> suf den ‘<em>Abdullā</em> h Ibn ‘Umar aufforderte, Kriegsgefangene zu töten, weigerte dieser sich unter Berufung auf diesen Vers. (vgl. 8:67-69 und die Anmerkung dazu). 47:5-6 - Unser Prophet (a.s.s.) hat gesagt: ”Dem Märtyrer werden sechs Vorteile gewährt: Beim ersten Tropfen seines Blutes werden ihm alle Sünden vergeben, er sieht seinen Platz im Paradies, wird mit den schönen Paradiesjungfrauen verheiratet, er bleibt am Tag der größten Schrecken seelenruhig und unberührt, er erfährt keine Pein im Grab, und wird geschmückt mit dem Kleid des</p>\n<p><em>Tafsīr</em> Al-Qur’<em>ān</em> <em>Al-Karīm</em> festen Glaubens.“ (Ha) kommen bestimmt die Hilfe <em>Allā</em> hs und die Festigung ihrer Schritte. 47:8-9 - Dies bezieht sich hier auf die Feinde in der Schlacht von Badr. Ihre Werke werden fruchtlos sein. Sind sie denn nicht im Lande umhergezogen, so dass sie schauen konnten, wie das Ende derer war, die vor ihnen lebten? <em>Allāh</em> richtete sie zugrunde, und für die Ungläubigen ist das gleiche wie ihnen bestimmt. (47:10) Dies ist (so), weil <em>Allāh</em> der Beschützer derer ist, die glauben; die Ungläubigen aber haben keinen Beschützer. (47:11) <em>Allāh</em> lässt diejenigen, die glauben und gute Werke tun, in Gärten eingehen, in denen Bäche fließen; die aber, die ungläubig sind, genießen und fressen wie das Vieh, und das Feuer wird ihre Wohnstatt sein. (47:12) Und so manche Stadt, mächtiger als deine Stadt, die dich vertrieb, haben Wir schon zerstört; und sie hatten keinen Helfer! (47:13) zwischen dem Norden und dem süden unternahmen (vgl. Sura 106). Sie haben auf ihren Wegen die Ruinen der früheren Generationen gesehen, die reicher und mächtiger als sie waren und von <em>Allā</em> h (t) wegen ihrer Freveltaten vernichtet (vgl. 6:10). ausruhte, rief <em>Abū</em> <em>Sufyā</em> n: ”Wir haben Al-‘Uzza und ihr nicht.“ Darauf antworteten der Prophet und seine Gefährten: ”Unser Beschützer und Helfer ist <em>Allā</em> h, und ihr habt keinen Beschützer und Helfer.“ kommt. (a.s.s.) seine Heimatstadt Makka verlassen musste, sagte er: ”O Makka, du bist von <em>Allā</em> h die geliebteste Stadt, und ich liebe dich von allen Städten <em>Allā</em> hs am meisten; wenn die Götzendiener mich nicht vertrieben hätten, dann hätte ich dich nie verlassen.“ Die Leute von Makka glaubten, mit der Vertreibung des Propheten hätten sie den großen Erfolg erlangt. In der Tat haben sie ihren eigenen Untergang besiegelt. Ist denn der, der sich auf einen klaren Beweis von seinem Herrn stützt, denen gleich, denen das Übel ihres Tuns schön dargestellt wurde und die ihren bösen Neigungen folgen? (47:14) (So ist) die Lage des Paradieses, das den Gottesfürchtigen verheißen wurde: Darin sind Bäche von Wasser, das nicht faulig wird, und Bäche von Milch, deren Geschmack sich nicht ändert, und Bäche von berauschendem Getränk - ein Genuss für die Trinkenden - und Bäche von geläutertem Honig. Und darin werden sie Früchte aller Art bekommen und Vergebung von ihrem Herrn. Können sie wohl jenen gleich sein, die ewig im Feuer sind, und denen siedendes Wasser zu trinken gegeben wird, das ihre Därme zerreißt? (47:15)</p>\n<p><em>Tafsīr</em> Al-Qur’<em>ān</em> <em>Al-Karīm</em> Verbindung zu ihrem Gnädigen Herrn und ließen sich direkt von Ihm leiten, während die Ungläubigen sich täuschen und betrügen ließen. Was hässlich und übel ist, schien ihren kranken Seelen schön und gut. (ÜB) Fall ist. Sie wird weder stichig noch sauer noch irgendwie als Speise widerwärtig. <strong>\"Ein Genuss\"</strong>: Gemeint ist, dass der Wein ein reiner Genuss ist, den weder Bewusstseinsschwund noch Kater noch Kopfschmerzen noch irgendwelche üble Folgen des Weines begleiten. <strong>\"... geläutertem Honig, der nicht aus dem Leib der Bienen kommt und folglich ohne Wachs und anderes ist. \"</strong>siedendes Wasser\": Wenn sie es trinken, wird es ihnen die Eingeweide zerreißen. (Zam, Gät) (vgl. 13:35). ist auch nicht bitter und übelriechend wie irdisches Berauschendes. (vgl. 37:47; 56:19). Die Wirklichkeit des Jenseits, wie der Prophet (a.s.s.) sagte, ist noch unvorstellbar schöner. (vgl. 92:20). Kann dieses Gleichnis vom Paradies mit dem Gleichnis der Vergeltung für diejenigen verglichen werden, die im Höllenfeuer in aller Ewigkeit bleiben müssen? (vgl. 6:70; 37:66-67). Unter ihnen sind einige, die auf dich hören, doch wenn sie von dir fortgehen, sagen sie jenen, denen das Wissen gegeben wurde: ”Was hat er da soeben gesagt?“ Das sind diejenigen, deren Herzen <em>Allāh</em> versiegelt hat und die ihren Neigungen folgen. (47:16) Denen aber, die rechtgeleitet sind, verstärkt Er die Führung und verleiht ihnen Gottesfürchtigkeit. (47:17) Sie warten nur auf die Stunde, dass sie plötzlich über sie komme. Die Zeichen dafür sind schon eingetroffen. Doch was wird ihnen ihr Erinnern nützen, wenn sie über sie gekommen ist? (47:18) Wisse nun, dass kein Gott da ist außer <em>Allāh</em>, und bitte um Vergebung für deine Schuld und für die gläubigen Männer und die gläubigen Frauen. Und <em>Allāh</em> weiß, wo ihr verkehrt oder euch aufhaltet. (47:19) 47:16-17 - Ab hier beginnt ein Abschnitt in dieser Sura, der sich mit den Heuchlern befasst. Er beschreibt ihre Einstellung gegenüber dem Propheten (a.s.s.), gegenüber dem Qur’<em>ā</em> n und in Hinsicht auf den Kampf gegen die Feinde <em>Allā</em> hs, der den Gläubigen von <em>Allā</em> h (t) als Pflicht auferlegt wurde. Die Heuchler nahmen an den islamischen Zusammenkünften in <em>Al-Madī</em> na teil und gaben vor, dem Propheten zuzuhören. Aber ihre Herzen und Gemüter waren nicht auf Rechtschaffenheit ausgerichtet, sondern darauf, die Dinge, die sie sahen und hörten, zu verspotten. Wenn sie fortgingen, hatten sie nichts von der Lehre begriffen, sondern stellten im Gegenteil sinnlose und unvernünftige Fragen, die bei anderen Menschen Zweifel auslösen sollten. Die Versiegelung ihrer Herzen geschieht infolge ihrer absichtlichen Ablehnung und ihrer Orientierung nach den eigenen Begierden. (ÜB) (vgl. 2:7; 6:25, 36; 10:42 43). den Zeitpunkt betrachten, an dem diese Sura offenbart wurde, nämlich unmittelbar nach der <em>Hiǧ</em> ra, so gab es schon damals Anzeichen dafür, dass sich die Pläne der Götzendiener, den Islam zu vernichten, zerschlagen würden. Die <em>Hiǧ</em> ra zeigte, wieviel Bereitwilligkeit es in <em>Al-Madī</em> na gab, den Gesandten <em>Allā</em> hs aufzunehmen und zu unterstützen, und wieviele Menschen in Makka ihm anhingen. Die Schlacht von Badr zeigte, dass sie es mit einer dreifachen Übermacht</p>\n<p><em>Tafsīr</em> Al-Qur’<em>ān</em> <em>Al-Karīm</em> aufnehmen konnten. Das Zeichen für den Jüngsten Tag, wie die Ankunft des letzen Propheten, ist eine Bezugnahme auf die vielen Hinweise im Qur’<em>ā</em> n darauf, dass die Zeit der Abrechnung unvermeidlich ist. (ÜB) (vgl. 43:66). gläubigen Männer und die gläubigen Frauen.\" Dies bedeutet keinesfalls, dass der Prophet absichtlich Fehler begangen hat, für die er jetzt um Vergebung bitten müsste, sondern die korrekte Bedeutung ist die, dass es nicht einmal dem größten Diener <em>Allā</em> hs zusteht, auch nur die leiseste Spur von Selbstgerechtigkeit und Stolz auf seine Errungenschaften im Herzen zu haben, sondern er sollte trotz aller seiner wichtigen und hervorragenden Dienste immer seine Fehler und Schwächen vor <em>Allā</em> h (t) eingestehen. In diesem Bewusstsein betete der Prophet der Überlieferung zufolge hundertmal am Tag um Vergebung. (ÜB) (vgl. 40:55). Und die da glauben, sagen: ”Warum wird keine Sura herabgesandt?“ Doch wenn eine entscheidende Sura herabgesandt wird und darin von Kampf die Rede ist, dann siehst du die, in deren Herzen Krankheit ist, dich mit dem Blick eines (Menschen) anschauen, der im Sterben von Ohnmacht befallen wird; also wehe ihnen! (47:20) Gehorsam und geziemende Worte (ständen ihnen besser an). Und wenn die Sache beschlossen ist, dann wäre es für sie am besten, sie würden <em>Allāh</em> gegenüber aufrichtig sein. (47:21) (Wollt) ihr denn, indem ihr euch (vom Glauben) abwendet, Verderben im Land anrichten und die Bande eurer Blutsverwandtschaft zerreißen? (47:22) Diese sind es, die von <em>Allāh</em> verflucht sind, so dass Er sie taub macht und ihre Augen erblinden lässt. (47:23) eines Gebotes oder einer Erklärung über den Umgang mit denjenigen, die den Kampf verweigern. Bei dieser Krankheit handelt es sich um die Heuchelei und die Treulosigkeit gegenüber <em>Allā</em> hs Sache. (vgl. 2:10; 4:77; 9:86; 9:86-87). Herzen besser, aufrichtig mit <em>Allā</em> h (t) zu sein, und Ihn zu bitten um Festigung ihrer Schritte. Er würde dann die Schwierigkeiten und Gefahren, die ihnen so groß erscheinen, beiseite schieben und ihnen eine der beiden schönsten Dinge schenken - den Sieg oder das Märtyrertum. (ÜB) 47:22-23 - Die Kommentatoren betrachten diese rhetorische Frage als eine Bezugnahme auf die chaotischen Zustände im vorislamischen Arabien, seine sinnlosen Stammesfehden und die moralische Finsternis, von der der Islam seine Anhänger befreit hat. Trotzdem hat dieser Vers wie der ganze Abschnitt, zu dem er gehört, eine überzeitliche Bedeutung. Im Zusammenhang mit der Blutsverwandtschaft berichtete <em>Abū</em> Huraira (r), dass er den Propheten, <em>Allā</em> hs Segen und Friede auf ihm, folgendes sagen hörte: ”Wahrlich, <em>Allā</em> h ist Der, Der alles erschaffen hat. Und als Er seine Schöpfung vollendet hatte, sagte die Gebärmutter zu Ihm: »Jetzt wäre es angebracht, dass bei Dir Zuflucht vor der Zerstörung der Verwandtschaftsbande genommen wird!« <em>Allā</em> h sagte zu ihr: »Wirst du nicht damit zufrieden sein, dass Ich Meine Bindung zu demjenigen aufrechterhalte, der sich mit dir verbindet, und dass Ich Meine Bindung zu demjenigen abbreche, der seine Bindung zu dir abbricht?« Sie sagte: »Doch, o mein Herr!« <em>Allā</em> h sagte dann zu ihr: »Das habe Ich für dich bestimmt.« Der Gesandte <em>Allā</em> hs, <em>Allā</em> hs Segen und Friede auf ihm, fuhr fort: »Lest, wenn ihr wollt: >(Wollt) ihr denn, indem ihr euch (vom Glauben) abwendet, Verderben im Land</p>\n<p><em>Tafsīr</em> Al-Qur’<em>ān</em> <em>Al-Karīm</em> anrichten und die Bande eurer Blutsverwandschaft zerschneiden?<«“ <em>Abū</em> Huraira berichtete ferner, dass der Prophet, <em>Allā</em> hs Segen und Friede auf ihm, sagte: ”Wahrlich, die <em>Ar-Raḥ</em> im (Gebärmutter) ist von <em>Ar-Raḥ</em> m <em>ā</em> n (Der Allerbarmer / Eine der Eigenschaften <em>Allā</em> hs) hergeleitet, und deshalb sagte <em>Allā</em> h: »Wer sich mit dir verbindet, mit dem verbinde Ich Mich, und wer sich von dir löst, von dem löse Ich Mich auch!«“ (Bu) <em>Abū</em> Huraira berichtete auch, dass er den Gesandten <em>Allā</em> hs, <em>Allā</em> hs Segen und Friede auf ihm, folgendes sagen hörte: ”Wer Freude daran hat, dass (<em>Allā</em> hs) Gabe an ihn reichlich wird, und dass er länger lebt, der soll seine Bindung zur Verwandtschaft pflegen.“ (Bu) <em>Salmā</em> n Ibn ‘<em>Ā</em> mir, <em>Allā</em> hs Wohlgefallen auf ihm, berichtete: ”Der Gesandte <em>Allā</em> hs, <em>Allā</em> hs Segen und Friede auf ihm, sagte: »Eine milde Gabe an einen Armen ist ein Almosen und diese an einen Verwandten hat eine Doppelfunktion: Almosen und Festigung der Verwandtschaftsbande.«“ (Na, Ti). Und <em>Ǧ</em> ubair Ibn <em>Muṭ</em> ‘im berichtete, dass er den Propheten, <em>Allā</em> hs Segen und Friede auf ihm, folgendes sagen hörte: ”Kein Zerstörer der Verwandtschaftsbande (arab.: <em>Qāṭi</em>‘) wird ins Paradies eintreten.“ (Bu) (vgl. 2:7). Wollen sie also nicht über den Qur’<em>ā</em> n nachdenken, oder ist es (so), dass ihre Herzen verschlossen sind? (47:24) Wahrlich, jene, die den Rücken kehren, nachdem ihnen die Rechtleitung sichtbar geworden ist - Satan hat es ihnen eingeredet und ihnen falsche Hoffnungen gemacht. (47:25) Dies (geschah), weil sie zu denen, die das hassen, was <em>Allāh</em> herniedersandte, sagten: ”Wir wollen euch in einigen Sachen folgen.“ Und <em>Allāh</em> kennt ihre Heimlichkeiten. (47:26) Was aber, wenn (die) Engel sie abberufen und sie ins Gesicht und auf den Rücken schlagen? (47:27) Dies (geschieht), weil sie dem folgten, was <em>Allāh</em> erzürnte, und das hassten, was ihm wohlgefällig war. So macht Er ihre Werke zunichte. (47:28) 47:24-26 - Entweder denken solche Menschen überhaupt nicht über den Qur’<em>ā</em> n nach, oder sie haben sich ihm innerlich so verschlossen, dass sie seinen Sinn gar nicht verstehen. Im weiteren Sinne bezieht sich dies jedoch auf all diejenigen, die zwar von den Lehren des Qur’<em>ā</em> n beeindruckt sind, sich trotzdem aber weigern, ihn als von <em>Allā</em> h (t) offenbart und damit als verbindlich anzuerkennen. Die Juden in <em>Al-Madī</em> na waren die ersten, denen diese Offenbarung zuwider war. Sie hatten gehofft, dass der letzte Prophet aus ihren Reihen sein würde und hatten vor den Götzendienern von <em>Al-Madī</em> na geprahlt, sie würden ihm folgen und ihr früheres Reich wieder errichten. Als der Prophet aber berufen wurde, und zwar aus dem anderen Zweig der Nachkommen Abrahams, hassten die meisten von ihnen seine Botschaft, und als er nach Al- <em>Madī</em> na auswanderte, war seine Gegenwart in <em>Al-Madī</em> na ihnen zuwider. Sie heckten vom ersten Tag an Verschwörungen gegen ihn aus; denn sie waren zu feige, um sich öffentlich gegen ihn aufzulehnen. Ihnen schlossen sich in ihren Verschwörungen alle Heuchler und alle Personen an, deren Herzen mit Neid erfüllt war. Die Auseinandersetzungen zwischen ihnen und dem Propheten (a.s.s.) flammten immer wieder auf, bis er sie schließlich aus der Halbinsel Arabiens vertrieb. (ÜB) (vgl. 59:11). 47:27-28 - Das ist eine furchtbare erniedringende Szene in dem Moment, in dem sie ihr irdisches Leben beenden und das nächste Leben anfangen. Es fängt mit grausamen Schlägen an, auf ihre Gesichter um sie zu demütigen und auf die Hinterteile, auf denen sie rückwärts flohen, nachdem sie doch von der Wahrheit der Botschaft überzeugt waren (ÜB) (vgl. 8:50). Oder meinen etwa die, in deren Herzen Krankheit ist, <em>Allāh</em> würde ihren Groll nicht an den Tag bringen? (47:29) Und wenn Wir es wollten, könnten Wir sie dir zeigen, so dass du sie an</p>\n<p><em>Tafsīr</em> Al-Qur’<em>ān</em> <em>Al-Karīm</em> ihren Merkmalen erkennen würdest. Und du sollst sie gewiss am Klang der Rede erkennen. Und <em>Allāh</em> kennt euer Tun. (47:30) Und Wir wollen euch sicherlich prüfen, bis Wir diejenigen von euch kennen, die kämpfen und standhaft sind. Und Wir wollen dann eure Verhaltensweise bekanntgeben. (47:31) 47:29-31 - D.h. <em>Allā</em> h wird sie bloß stellen und ihre Machenschaften deutlich erkennen lassen. Darüber hinaus stellt <em>Allā</em> h (t) die Menschen, einschließlich der Gläubigen, auf die Probe um ihre Geduld und Standhaftigkeit zu prüfen. Dann wird <em>Allā</em> h alles bekanntgeben, genauso wie Er in Bezug auf die Heuchler, in deren Herzen Krankheit ist, gemacht und sie bloß gestellt hat. (vgl. 3:140, 154; 34:21). Wahrlich, jene, die ungläubig sind und die sich von <em>Allāhs</em> Weg abwenden und sich dem Gesandten widersetzen, nachdem ihnen der Weg sichtbar geworden ist - sie werden <em>Allāh</em> in nichts schaden; und Er wird ihre Werke zunichte machen. (47:32) O ihr, die ihr glaubt, gehorcht <em>Allāh</em> und gehorcht dem Gesandten und vereitelt nicht eure Werke! (47:33) Wahrlich, jene, die ungläubig sind und die sich von <em>Allāhs</em> Weg abwenden und dann als Ungläubige sterben - ihnen wird <em>Allāh</em> gewiss nicht vergeben. (47:34) So lasst (im Kampf) nicht nach und ruft nicht zum Waffenstillstand auf, wo ihr doch die Oberhand habt. Und <em>Allāh</em> ist mit euch, und Er wird euch eure Taten nicht schmälern. (47:35) 47:32-33 - Die Ungläubigen versuchen mit allen Mitteln zu verhindern, dass die Menschen zum Islam kommen, und stehen dem Gesandten <em>Allā</em> hs äußerst feindlich gegenüber. Diese Worte gelten auch sinngemäß für alle Zeiten (vgl. 2:190; 8:13). zu vergeben, der zu Seiner Rechtleitung umkehrt und sich für eine aufrichtige Reue entschlossen hat. Dies gilt solange die Todesstunde nicht eingetreten ist. Wer als Ungläubiger stirbt, dem wird nicht mehr vergeben. Friedensabmachung gibt es Garantie dafür, dass sich die Kontrahenten auf die Dauer für ein kampfloses Leben einstellen. Der Waffenstillstand gewährt dagegen eine Möglichkeit, dass die Kämpfer sich ausruhen, Stärkung holen, sich erneut ausrüsten und den Kampf zu jeder Zeit fortsetzen. Dies ist äußerst schädlich für eine Kampftruppe, die durch <em>Allā</em> hs Macht unterstüzt ist und dadurch die Oberhand hat. Diese Warnung und Ermutigung zugleich ist an die Adresse derjenigen unter den Muslimen gerichtet, die die Last des Kampfes und seine Unannehmlichkeiten als zu schwer empfinden und sich nach einem Frieden sehnen, um diese Schwierigkeiten los zu werden. Zur Zeit des Propheten (a.s.s.) war es üblich, dass einige von den muslimischen Kämpfern zum Waffenstillstand neigten, weil sie Verwandte unter den Ungläubigen oder aber auch irdische Interessen hatten. Diese werden hier ermahnt, sich von diesen Gedanken zu distanzieren. (vgl. 3:139). Wahrlich, das diesseitige Leben ist nur ein Spiel und Zeitvertreib, und wenn ihr gläubig und gottesfürchtig seid, so wird Er euch euren Lohn geben und wird nicht euer Gut von euch verlangen. (47:36) Sollte Er es von euch verlangen und drängen, würdet ihr geizig sein, und Er würde euren Groll an den Tag bringen. (47:37) Seht, ihr seid diejenigen, die (dazu)</p>\n<p><em>Tafsīr</em> Al-Qur’<em>ān</em> <em>Al-Karīm</em> berufen sind, auf <em>Allāhs</em> Weg zu spenden; doch unter euch sind manche, die geizig sind. Und wer geizig ist, der geizt nur gegen sich selber; und <em>Allāh</em> ist Der Reiche, und ihr seid die Armen. Und wenn ihr (Ihm) den Rücken kehrt, so wird Er ein anderes Volk an eure Stelle setzen; und es wird nicht so sein wie ihr. (47:38) es einem Spiel und Zeitvertreib, der nach bestimmter Zeit sein Ende hat. Durch diese Worte müssen wir davon ausgehen, dass das irdische Leben nur zur Vorbereitung auf das ewige und wahre Leben dient. Durch den Glauben an <em>Allā</em> h und durch die Verrichtung guter Taten wird die Ewigkeit im Paradies gewirkt, und durch den Unglauben und den Verderb auf Erden ist die Ewigkeit im Höllenfeuer bestimmt (vgl. 6:32; 29:64). normalerweise ohnehin zu Heimlichtuerei und Geiz führen, wenn durch gesetzliche Vorschriften alles verlangt würde (vgl. 3:180). erwähnt Er diejenigen unter den Muslimen, die geizig sind, wenn sie zu einer Spende auf <em>Allā</em> hs Weg gerufen sind. Diese werden hier vor dieser Untugend ermahnt; denn aller Reichtum gehört <em>Allā</em> h und diejenigen, die geizen, sind in der Tat die Armen, die <em>Allā</em> hs Bescherung bedürfen. Er, Der Schöpfer aller Dinge, ist in der Lage, Seine Schöpfung zu wiederholen, eine Schöpfungsart zu löschen und eine Neuschöpfung an ihrer Stelle hervorzurufen, die sich besser verhalten würde als die frühere. Mit dieser gewaltigen Tatsache endet diese wunderschöne Sura in der Offenbarung des Allmächtigen. Ende der Sura 47 Segensreich ist der Name deines Herrn, des Herrn der Erhabenheit und Ehre. (55) Sura <em>Ar-Raḥ</em> m <em>ā</em> n (Der Allerbarmer), Vers 78</p>\n<p><em>Tafsīr</em> Al-Qur’<em>ān</em> <em>Al-Karīm</em> (48) Sura <em>Al-Fatḥ</em> (Der Sieg) (offenbart zu <em>Al-Madī</em> na) 29 <em>Ā</em> y <em>ā</em> t Diese Sura wurde nach dem Vertrag von <em>Al-Ḥ</em> udaibiyya 628 n.Chr. (6 n.H.) offenbart, der zwischen den Muslimen und den makkanischen Heiden geschlossen wurde. <em>Al-Ḥ</em> udaibiyya ist eine Ebene, die nördlich von Makka nach einem Tagesmarsch erreichbar ist. Der Gesandte <em>Allā</em> hs, <em>Allā</em> hs Segen und Friede auf ihm, wollte, zusammen mit 1400 Muslimen, die ‘Umra durchführen. Der Abschluss des Abkommens von <em>Al-Ḥ</em> udaibiyya war eine große Stärkung und ein sozialer und politischer Sieg für die Muslime. Sieg kommt durch den Glauben. Habgier oder Hartherzigkeit können niemals den Sieg bringen. Die Belohnung für Dienste kann nicht immer an sofortigen Ereignissen gemessen werden. Bekämpft das Böse, aber seid freundlich und liebenswürdig unter euch. Durch solch ein Verhalten wird <em>Allā</em> h (t) euch lieben. Im Namen <em>Allāhs</em>, des Allerbarmers, des Barmherzigen! Wahrlich, Wir haben dir einen offenkundigen Sieg beschieden (48:1), auf dass <em>Allāh</em> dir deine vergangene und künftige Schuld vergebe, und auf dass Er Seine Gnade an dir vollende und dich auf einen geraden Weg leite (48:2), und auf dass <em>Allāh</em> dir zu einem würdigen Sieg verhelfe. (48:3) 48:1-3 - Es handelt sich hier um eine Verheißung, dass <em>Muḥammad</em> (a.s.s.) Makka erobern werde. Wenn diese Verheißung in der Form des Perfekts gegeben und damit der Inhalt der Verheißung als etwas Vollzogenes hingestellt ist, obwohl Makka bei der Herabsendung dieser Offenbarung noch nicht erobert war, dann deshalb, weil die Eroberung bereits Gewissheit war. Oder es handelt sich um eine Verheißung dessen, was <em>Muḥammad</em> (a.s.s.) in jenem Jahre, in dem diese Offenbarung herabkam, widerfuhr, wie der Sieg von Ḫaibar und Fadak. Oder es handelt sich um einen Bericht über den gerade vollzogenen Vergleich von <em>Al-Ḥudaibiyya</em>. In diesem Fall ist deshalb von einem Sieg und nicht nur von einem bloßen Vergleich die Rede, weil dieser Vergleich stattfand, als <em>Muḥammad</em> (a.s.s.) die Götzendiener schon so weit überwältigt hatte, dass sie um den Vergleich bitten mussten, und weil dadurch die Eroberung Makkas begründet wurde. Dadurch gewann der Gesandte <em>Allāhs</em>, <em>Allāhs</em> Segen und Friede auf ihm, Zeit, sich mit den übrigen Arabern zu beschäftigen. Er konnte sie überfallen, Ortschaften erobern und zahlreiche Menschen zum Eintritt in den Islam veranlassen. In <em>Al-Ḥudaibiyya</em> erschien ihm ein gewichtiges Zeichen. Das Wasser dieses Ortes war nämlich ganz ausgetrocknet. Als er sich nun den Mund mit Wasser ausspülte und es an diesem Ort ausspie, strömte das Wasser in <em>Al-Ḥudaibiyya</em> so reichlich, dass all seine Begleiter davon trinken konnten. Oder es geht hier schließlich um den Sieg der Byzantiner; denn diese haben die Perser in jenem Jahre geschlagen, in dem diese Offenbarung herabkam. Man weiß ja aus der Sura <strong>\"Die Byzantiner\"</strong> (Nr. 30), dass dies ein Sieg des Gesandten <em>Allāhs</em> war, der den Erfolg der Byzantiner vorausgesagt und als freudiges Ereignis für die Gläubigen hingestellt hatte. <strong>\"... auf dass <em>Allāh</em> dir ... vergebe\"</strong>: Dies ist ein Motiv für den Sieg, der</p>\n<p><em>Tafsīr</em> Al-Qur’<em>ān</em> <em>Al-Karīm</em> <em>Muḥammad</em> (a.s.s.) als Vergebung und Lohn für seinen Eifer verliehen wurde; denn es war ja dadurch ein Anlaß für den Sieg gegeben, dass <em>Muḥammad</em> gegen die Ungläubigen gekämpft und sich bemüht hatte, die Religion zu erhöhen, die Götzendienerei zu beseitigen, die unvollkommenen Seelen zunächst zwangsweise zu vervollkommnen, damit sie stufenweise zu freiwilliger Vervollkommnung kamen, und die Schwachen aus den Händen der Tyrannen zu befreien. <strong>\"... deine vergangene und künftige Schuld\"</strong>: alles Tadelnswerte, das von dir ausgegangen ist. <strong>\"... und auf dass Er Seine Gnade an dir vollende\"</strong>, indem Er die Religion erhöht und dem Prophetentum nun auch die Herrschaft im Lande verleiht, und dich bei der Vermittlung der Sendung und bei der Einsetzung von Normen für die Leitung der Gemeinde einen geraden Weg führen. (Baid, Gät) (vgl. dazu 9:43-45; ferner den Titel: <strong>\"<em>Muḥammad</em>, Prophet der Barmherzigkeit\"</strong>, Islamische Bibliothek).</p>",
    "timestamp": "2025-12-20T14:27:52.303336+00:00",
    "version": "1.0",
    "copyright": {
      "author": "Muhammad Ibn Ahmad Ibn Rassoul",
      "publisher": "IB Verlag Islamische Bibliothek",
      "edition": "41. Auflage",
      "title": "Tafsīr Al-Qur'ān Al-Karīm"
    }
  }
]