[
  {
    "key": "de_tafsir-al-azhar",
    "verse_key": "19:1",
    "verses": [
      "19:1"
    ],
    "text": "<h2>Sura Maryam (Maria)</h2>\n<p><em>(offenbart zu Makka)</em></p>\n<p><em>0 Āyāt</em></p>\n<p>(offenbart zu Makka) 98 <em>Ā</em> y <em>ā</em> t Hier werden die Geschichten zahlreicher Propheten in Verbindung mit ihrer Umgebung erzählt; dennoch trägt diese Sure den Namen Marias, die in Übereinstimmung der Gelehrten keine Prophetin war. Zacharias (a.s.) wünschte sich einen Sohn, der <em>Allā</em> hs Botschaft unter den gottlosen Leuten verbreitet, und Johannes (a.s.) wurde ihm geschenkt. Die Geburt Jesu (a.s.) und die Beschuldigung seiner Mutter Maria (a.s.) werden behandelt. Abraham (a.s.) wurde von seinen Leuten schlecht behandelt, sein Vater eingeschlossen, aber er zog sich von ihnen zurück und wurde gesegnet. Moses (a.s.) wurde von seinem Bruder Aaron (a.s.) geholfen. Ismael (a.s.) wurde von seiner Familie in Frömmigkeit aufgezogen. <em>Idī</em> rs (a.s.) war ehrlich, so dass er eine hohe Stellung in seinem Leben erreichte. Diese Propheten zeigten den Weg; folge ihnen deshalb. Glaube an das Jenseits und habe keine falschen Gedanken von <em>Allā</em> h, so wie die Christen, die glauben, dass Jesus <strong>\"Gottes Sohn\"</strong> sei. Im Namen <em>Allāhs</em>, des Allerbarmers, des Barmherzigen! K <em>ā</em> f <em>Hā</em> Y <em>ā</em> ‘<em>Aī</em> n <em>Ṣād</em> . (19:1) Erwähnt wird (hier) die Barmherzigkeit deines Herrn gegenüber Seinem Diener Zacharias. (19:2) Als er seinen Herrn mit leisem Ruf anrief (19:3), sagte er:</p>\n<p><em>Tafsīr</em> Al-Qur’<em>ān</em> <em>Al-Karīm</em> ”Mein Herr, mein Gebein ist nun schwach geworden, und die Haare meines Hauptes schimmern grau, doch niemals, mein Herr, bin ich mit meiner Bitte an Dich unglücklich gewesen. (19:4) Nun aber fürchte ich meine Verwandten, die mich überleben werden, und meine Frau ist unfruchtbar. Gewähre Du mir darum einen Nachfolger (19:5), auf dass er mein Erbe sei und der Erbe des Hauses Jakobs. Und mache ihn, mein Herr, (Dir) wohlgefällig.“ (19:6)</p>\n<p>Über die Bedeutung dieser arabischen Buchstaben vgl. Erläuterung der Termini (s.u. <strong>\"Alif\"</strong>). 19:2-6 - Zacharias rief seinen Herrn insgeheim ohne Mittler an; denn er klagte an Altersschwäche und wollte dies seinen Verwandten und Amtsbrüdern nicht preisgeben. Bei der hier erwähnten Erbschaft handelt es sich nicht um das Materielle, sondern um das Prophetentum des Hauses Jakobs, zu dem Zacharias gehört. Unser Prophet <em>Muḥ</em> ammad, <em>Allā</em> hs Segen und Friede auf ihm, sagte: ”Wir Propheten werden nicht beerbt. Was wir hinterlassen, gilt als milde Gabe an die Armen (arab.: <em>Ṣ</em> adaqa).“ (vgl. ÜB; ferner 3:38-41 und die Anmerkung dazu). ”O Zacharias, Wir geben dir die frohe Botschaft von einem Sohn, dessen Name <em>Yaḥ</em> y <em>ā</em> sein soll. Wir haben noch keinen dieses Namens erschaffen.“ (19:7)</p>",
    "timestamp": "2025-12-20T14:27:52.303336+00:00",
    "version": "1.0",
    "copyright": {
      "author": "Muhammad Ibn Ahmad Ibn Rassoul",
      "publisher": "IB Verlag Islamische Bibliothek",
      "edition": "41. Auflage",
      "title": "Tafsīr Al-Qur'ān Al-Karīm"
    }
  },
  {
    "key": "de_tafsir-al-azhar",
    "verse_key": "19:7",
    "verses": [
      "19:7"
    ],
    "text": "<p>Diese frohe Botschaft bestätigt, dass <em>Allāh</em> (t) Zacharias' Bittgebet erhört hat. Ferner, dass ihm ein Sohn gewährt wird, und dass <em>Allāh</em> (t) für ihn speziell einen einzigartigen Namen bestimmt. Der Name <em>Yaḥyā</em> bedeutet <strong>\"er wird leben\"</strong> (vgl. 3:39 und die Anmerkung dazu). Er sagte: ”Mein Herr, wie soll mir ein Sohn (geboren) werden, wo doch meine Frau unfruchtbar ist und ich schon das fortgeschrittene Alter erreicht habe?“ (19:8) Er sprach: ”So ist es; dein Herr aber spricht: »Es ist Mir ein leichtes, und Ich habe dich zuvor erschaffen, als du ein Nichts warst.«“ (19:9) 19:8-9 - Zacharias reagiert auf die oben in 19:7 erwähnte Botschaft und argumentiert als Mensch. Da jedoch die natürlichen Voraussetzungen fehlen, möchte er wissen, wie dies verwirklicht werden kann, um sein Herz zu beruhigen. Diese Frage ist also kein Ausdruck der Missbilligung, sondern des Erstaunens über <em>Allā</em> hs Macht. Die Antwort darauf erfolgte von den Engeln und bedeutet, dass es <strong>\"Schweres\"</strong> in Bezug auf <em>Allā</em> hs Macht nicht gibt. Dies soll uns auf die Geburt Jesu, sowohl in Sura 3 als auch in den folgenden Versen dieser Sura, vorbereiten. Er sagte: ”Mein Herr, gib mir ein Zeichen.“ Er sprach: ”Dein Zeichen sei, dass du - obgleich gesund - drei (Tage und) Nächte lang nicht zu den Menschen reden sollst.“ (19:10) So trat er aus dem Tempel heraus vor sein Volk und gab ihm zu verstehen, dass es (<em>Allāh</em>) am Morgen und am Abend preisen soll. (19:11) 19:10-11 - Das Zeichen sollte ihn vertrauter machen und sein Herz beruhigen (so wie Abraham einst suchte (vgl. 3:37, 41). ”O <em>Yaḥ</em> y <em>ā</em> , halte das Buch kraftvoll fest.“ Und wir verliehen ihm Weisheit im Knabenalter (19:12) und ein liebevolles Gemüt von Uns und Reinheit. Und er war fromm (19:13) und</p>\n<p><em>Tafsīr</em> Al-Qur’<em>ān</em> <em>Al-Karīm</em> ehrerbietig gegenüber seinen Eltern. Und er war nicht hochfahrend, trotzig. (19:14) Und Friede war auf ihm an dem Tage, als er geboren wurde, und an dem Tage, als er starb, und (Friede wird auf ihm sein) an dem Tage, wenn er wieder zum Leben erweckt wird. (19:15) 19:12-15 - Hier handelt es sich um einen weiten Sprung im Knabenalter <em>Yaḥ</em> y <em>ā</em> s. Er sollte den Weg für Jesus (a.s.) bereiten. Friede und <em>Allā</em> hs Segen waren immer mit <em>Yaḥ</em> y <em>ā</em> seit Anbeginn - als er geboren wurde; sie setzen sich fort, als er durch die Hand des Tyrannen eines ungerechten Todes stirbt; und sie manifestieren sich besonders am Tag des Gerichts (vgl. 19:29-33 und die Anmerkung dazu). Und erwähne im Buch Maria. Als sie sich von ihrer Familie nach einem östlichen Ort zurückzog (19:16) und sich vor ihr abschirmte, da sandten Wir Unseren Geist (Engel Gabriel) zu ihr, und er erschien ihr in der Gestalt eines vollkommenen Menschen (19:17); und sie sagte: ”Ich nehme meine Zuflucht vor dir zum Allerbarmer, (lass ab von mir) wenn du Gottesfurcht hast.“ (19:18) Er sprach: ”Ich bin der Bote deines Herrn. (Er hat mich zu dir geschickt) auf dass ich dir einen reinen Sohn beschere.“ (19:19) Sie sagte: ”Wie soll mir ein Sohn (beschert) werden, wo mich doch kein Mann (je) berührt hat und ich auch keine Hure bin?“ (19:20) Er sprach: ”So ist es; dein Herr aber spricht: »Es ist Mir ein leichtes, und Wir machen ihn zu einem Zeichen für die Menschen und zu Unserer Barmherzigkeit, und dies ist eine beschlossene Sache.«“ (19:21) 19:16-21 - In den vorangegangenen Versen dieser Sura handelt es sich um einen Vorspann für die Geschichte Marias und ihres Sohnes Jesus, wie auch bereits in 3:42-51 erwähnt wird. Die Geschichte wendet sich von der Not Zacharias über die Geburt <em>Yaḥ</em> y <em>ā</em> s zu der noch wunderbaren Geburt Jesu. Als Maria sich vor den Ihren abschirmte, um Gebete zu verrichten, geschah es in diesem Zustand der Reinheit, dass Gabriel ihr in Menschengestalt erschien (vgl. dazu 6:9). Hierzu ist noch zu bemerken, dass Maria (a.s.) von ihrer Mutter dem Tempeldienst geweiht worden war (vgl. 3:35-37). So nahm sie ihre Zuflucht beim Allerbarmer, bei Dessen Namen ein Gottesfürchtiger erschauert. Die Sendung Jesu wird als Zeichen für die Menschheit sein. (vgl. 16:38-40 und die Anmerkung dazu). 19:16-22 - Damals als sie sich vor ihren Angehörigen an einen östlichen Ort zurückzog: Man sagt: Maria (a.s.) ließ sich an einem sonnigen Platz (maš raqa) nieder, wenn sie sich von der Menstruation reinigen wollte, und verbarg sich hinter einer Wand oder irgendetwas anderem, das sie den Blicken entzog. Die Stelle, an der sie sich gewöhnlich aufhielt, war die Kultstätte. Sobald sie ihre Regel bekam, zog sie um in das Haus ihrer Tante mütterlicherseits. Wenn sie sich dann wieder im Zustand der Reinheit befand, kehrte sie zur Kultstätte zurück. Als sie nun an der Stelle war, an der sie sich zu reinigen pflegte, kam der Engel zu ihr als ein junger, bartloser Mensch mit reinem Antlitz, gelocktem Haar und ebenmäßigem Körperbau, ohne dass er als menschliche Erscheinung einen Makel aufgewiesen hätte. Er stellte sich ihr in der Erscheinung eines Menschen dar, damit sie mit seiner Sprache vertraut sei und nicht vor ihm fliehen würde. Wäre er nämlich in der Erscheinung eines Engels bei ihr aufgetreten, wäre sie geflohen und hätte sich seine Sprache nicht anhören können. Wenn Maria nun bei <em>Allā</em> h Zuflucht vor dieser anmutigen, überragenden und schönen Erscheinung suchte, so zeigt das, dass sie sittsam und gottesfürchtig war. Durch das Auftreten des Engels in dieser Art und Weise wurde sie einer Prüfung unterworfen und ihre Sittsamkeit ergründet. Der Engel ist Gabriel. <strong>\"... auf dass ich dir einen reinen Sohn beschere\"</strong>: um</p>\n<p><em>Tafsīr</em> Al-Qur’<em>ān</em> <em>Al-Karīm</em> durch einen Hauch unter dein Hemd zu veranlassen, dass dir ein Junge geschenkt wird ... <strong>\"Wie soll mir ein Sohn (beschert) werden, wo mich doch kein Mann (je) berührt hat\"</strong>: <em>Allā</em> h setzt hier das Berühren mit der legitimen Ehe gleich, da es ein metonymischer Ausdruck dafür ist. (vgl. 4:43; 5:6; 33:49) Nach Ibn ‘<em>Abbā</em> s (r) fand Maria (a.s.) Beruhigung in den Worten des Engels, und so trat dieser nahe an sie heran und hauchte unter ihr Hemd, worauf der Hauch in ihren leib gelangte und sie schwanger wurde. Man sagt, die Dauer der Schwangerschaft seien drei Stunden gewesen. Man behauptet, Maria sei in einer Stunde mit Jesus schwanger geworden, er sei in einer Stunde gebildet worden und sie habe ihn bei Sonnenuntergang in einer Stunde zur Welt gebracht. (Zam, Gät) Und so empfing sie ihn und zog sich mit ihm an einen entlegenen Ort zurück. (19:22) Und die Wehen der Geburt trieben sie zum Stamm einer Dattelpalme. Sie sagte: ”O wäre ich doch zuvor gestorben und wäre ganz und gar vergessen!“ (19:23) 19:22-23 - Die Geschichte überspringt alle Einzelheiten, die zwischen der Empfängnis und den Wehen der Geburt lagen. Denn es wird nicht erwähnt, wie lange ihre Schwangerschaft gedauert und ob sie einen natürlichen Verlauf genommen hatte (vgl. die Anmerkung zu 19:16-22). Wir gehen davon aus, dass bei <em>Allā</em> h (t), Dessen Macht mit dem Wort <strong>\"Sei\"</strong> geschieht - und Er Jesus in 19:24 als Säugling sprechen lässt - die Einleitung einer sofortigen Geburt durch die Wehen keine Rolle spielt (vgl. unten 19:27-33 und die Anmerkung dazu). Die seelischen Schmerzen Marias waren viel größer als die Wehen der Geburt; sie wünschte sich aus Scham den Tod. Ist dieser Qur’<em>ā</em> n-Vers keine Ermahnung für alle christlichen Frauen, die offen schamlos außereheliche Beziehungen mit einem Freund angeben, und halbnackt in einem Dekollete mit einer goldenen Kreuz-Kette um den Hals in der Öffentlichkeit herumlaufen? Da rief er ihr von unten her zu: ”Sei nicht traurig. Dein Herr hat dir ein Bächlein fließen lassen (19:24); und schüttele den Stamm der Palme in deine Richtung, und sie wird frische reife Datteln auf dich fallen lassen. (19:25) So iss und trink und sei frohen Mutes. Und wenn du einen Menschen siehst, dann sprich: »Ich habe dem Allerbarmer zu fasten gelobt, darum will ich heute mit keinem Menschen reden.«“ (19:26) 19:24-26 - <strong>\"Von unten her\"</strong> weist auf die Lage Jesu unter seiner Mutter bei der Geburt hin und stellt das erste Wunder dar, das <em>Allā</em> h (t) Jesus gab, nämlich dass er als Neugeborenes zu den Menschen spricht (vgl. dazu unten 19:30). Das Bächlein ließ <em>Allā</em> h als Geschenk an Maria (a.s.) entspringen. Mit den Datteln hat <em>Allā</em> h (t) eine vollkommene Nahrung für Jesu Mutter gegeben. Für Wöchnerinnen sind sie bekannt als besonders geeignet. Das Schütteln eines dicken Palmenstammes bringt gewöhnlich für eine schwache Frau, die gerade entbunden hat, zwar keine Datteln herunter; hier aber spielt die Kausalität eine Rolle, die <em>Allā</em> h (t) Seine Gesetze gelten lässt, d.h. Maria braucht nur an den Palmenstamm leicht zu tippen, und dies genügt vollkommen, dass die reifen Datteln von oben herfallen. Die Fastensform Marias war das Schweigen, das manchen Frauen zu empfehlen ist, die ihre Zunge nicht unter Kontrolle halten und das sinnlose Geschwätz nicht einstellen können. Diese Passivität gegenüber der Öffentlichkeit ist stärker als jedes andere Argument. Mit diesem Gelübde <em>Allā</em> h (t) gegenüber sollt sie jedes Gespräch mit anderen Menschen meiden. Dann brachte sie ihn auf dem Arm zu den Ihren. Sie sagten: ”O Maria, du hast etwas</p>\n<p><em>Tafsīr</em> Al-Qur’<em>ān</em> <em>Al-Karīm</em> Unerhörtes getan. (19:27) O Schwester Aarons, dein Vater war kein Bösewicht, und deine Mutter war keine Hure.“ (19:28) Da zeigte sie auf ihn. Sie sagten: ”Wie sollen wir zu einem reden, der noch ein Kind in der Wiege ist?“ (19:29) Er (Jesus) sagte: ”Ich bin ein Diener <em>Allāhs</em>; Er hat mir das Buch gegeben und mich zu einem Propheten gemacht. (19:30) Und Er gab mir Seinen Segen, wo ich auch sein möge, und Er befahl mir Gebet und <em>Zakā</em> h , solange ich lebe (19:31); und ehrerbietig gegenüber meiner Mutter (zu sein); Er hat mich nicht gewalttätig und unselig gemacht. (19:32) Und Friede war über mir an dem Tage, als ich geboren wurde, und (Friede wird über mir sein) an dem Tage, wenn ich sterben werde, und an dem Tage, wenn ich wieder zum Leben erweckt werde.“ (19:33) 19:27-28 - Diese Worte waren die erste Reaktion der Familie Marias. Nach einer kurzen Abwesenheit von ihr kommt die fromme Tochter mit dem Kind auf dem Arm! Diese Stelle verrät, dass die Niederkunft Jesu unmittelbar nach der Schwangerschaft seiner Mutter stattgefunden hatte (vgl. 19:22-23 und die Anmerkung dazu). Welche Rolle spielte dieses Ereignis über das fromme Haus Aarons als Quelle der Tugendhaftigkeit. <em>Qatā</em> da (r) berichtete: ”Aaron war ein Mann unter den Kindern Israels, der durch seine Tugendhaftigkeit bekannt war. Mit ihm wurde sie immer verglichen. Er war also nicht der Bruder Moses.“ (vgl. 3:35 und die Anmerkung dazu). 19:29-33 - Durch sein erstes Wunder konnte Jesus schon im Säuglingsalter seine Mutter verteidigen und bei seinem Volk, den Kindern Israels, predigen. Hier verdeutlicht Jesus (a.s.) seine Unterwerfung vor <em>Allāh</em> (t). Er ist weder Gott noch Gottessohn noch einer von Dreien. Jesus (a.s.) erklärt von Anfang an, dass er ein Diener <em>Allāhs</em> ist. Der Ausdruck <strong>\"solange ich lebe\"</strong> bedeutet, dass Jesus sterblich ist. Der Ausdruck <strong>\"und ehrerbietig gegenüber meiner Mutter\"</strong> zeigt, dass Jesus keinen Vater hatte. Deswegen heißt er überall im Qur’<em>ān</em> ausdrücklich <strong>\"Jesus, der Sohn der Maria\"</strong>. Wer glaubt, Jesus sei nicht sterblich, sollte über die Worte dieser Verse nachdenken (vgl. 2:43; 3:45, 46; 4:157; 5:110; 19:15 und die Anmerkung dazu; ferner in Bezug auf die <em>Zakāh</em> den Titel: <strong>\"Handbuch der <em>Zakāh</em> und der islamischen Wirtschaftslehre\"</strong>, Islamische Bibliothek). Dies ist Jesus, Sohn der Maria - (dies ist) eine Aussage der Wahrheit, über die sie uneins sind. (19:34) Es geziemt <em>Allāh</em> nicht, Sich einen Sohn zu nehmen. Gepriesen sei Er! Wenn Er etwas beschließt, so spricht Er nur: ”Sei!“ und es ist. (19:35) ”Wahrlich, <em>Allāh</em> ist mein Herr und euer Herr. So dient Ihm! Das ist ein gerader Weg.“ (19:36) Doch die Parteien wurden uneinig untereinander; wehe darum denen, die ungläubig sind; sie werden einen großen Tag erleben. (19:37) 19:34-37 - Die kurze und prägnante Information über Marias Empfängnis, Geburtswehen, Geburt Jesu und Aufnahme in die Familie, wird zusammengefasst in den Worten: <strong>\"Dies ist Jesus, Sohn der Maria\"</strong>. Man merkt, dass es bei einer solchen Auskunft um die Wahrheit, <strong>\"über die sie uneins sind\"</strong>. Das Pronom <strong>\"sie\"</strong> bezieht sich auf diejenigen, die ihn für Gott, Sohn Gottes und/oder einen von Dreien erklären. Hier sind die Christen gemeint. Konkret wird diese These mit den Worten verneint: <strong>\"Es geziemt <em>Allā</em> h nicht, Sich einen Sohn zu nehmen\"</strong>. Mit den Worten: ”Wahrlich, <em>Allā</em> h ist mein Herr und euer Herr. So dient Ihm! Das ist ein gerader Weg“ verkündet Jesus (a.s.) seine Gottergebenheit vor den Menschen. Dies ist der gerade Weg; denn im Qur’<em>ā</em> n gibt es nichts Krummes (vgl. 18:1). Während es bei der oben erwähnten Uneinigkeit um die Christen handelt, handelt es sich hier am Ende des Textblocks um eine völlig andere Art von Uneinigkeit unter den Gruppen der Juden, Christen und Polyatheisten, die Jesus entweder völlig ablehnen, wie die</p>\n<p><em>Tafsīr</em> Al-Qur’<em>ān</em> <em>Al-Karīm</em> Juden, oder - wie es bei den Christen der Fall ist - ihn vergöttern (vgl. 2:116; 3:51; 4:156; 43:64 und die Anmerkung dazu). Wie gut wird ihr Hören und Sehen an dem Tage sein, wo sie zu Uns kommen werden! Heute aber befinden sich die Frevler in offenbarem Irrtum. (19:38) Und warne sie vor dem Tag der Verbitterung, wenn alles entschieden werden wird, während sie (jetzt) noch in Sorglosigkeit leben und immer noch nicht glauben. (19:39) Wir sind es, Die die Erde, und alle, die auf ihr sind, erben werden, und zu Uns werden sie zurückgebracht. (19:40) 19:38-40 - Am Tag der Verbitterung werden diejenigen jammern, die nichts Gutes in ihrem Leben getan haben. Hier sind die Bewohner Makkas gemeint, die dem Propheten <em>Muḥ</em> ammad (a.s.s.) und seiner Botschaft einen erbitterten Widerstand geleistet haben. Und erwähne in diesem Buch Abraham. Er war ein Wahrhaftiger, ein Prophet (19:41), als er zu seinem Vater sagte: ”O mein Vater, warum verehrst du das, was weder hört noch sieht noch dir (irgend) etwas nützen kann? (19:42) O mein Vater, zu mir ist Wissen gekommen, das nicht zu dir kam; so folge mir, ich will dich auf den ebenen Weg leiten. (19:43) O mein Vater, diene nicht Satan; denn Satan empört sich gegen den Allerbarmer. (19:44) O mein Vater, siehe, ich fürchte, es könnte dich die Strafe des Allerbarmers treffen, und dann wirst du ein Freund Satans werden.“ (19:45) 19:41-45 - Die Makkaner wussten von der Geschichte Abrahams (2000 v. Chr.) und des Hauses <em>Allā</em> hs (Al-Ka‘ba), das in Makka vor ihren Augen steht. Hier werden sie ermahnt durch die Erwähnung Abrahams im Qur’<em>ā</em> n (vgl. oben 19:38-40 und die Anmerkung dazu). Wie Abraham (a.s.) den Götzendienst verabscheute und bekämpfte, soll für die Makkaner ins Gewissen geredet werden, weil sie dasselbe Übel im Haus <em>Allā</em> hs betreiben. Auch wenn Abraham jünger ist als sein Vater und weniger Erfahrung hat, ist er doch mit Hilfe des göttlichen Wissens berechtigt, seinen Vater zu belehren. Genauso spielte die Arroganz in der Hierarchie der <em>Banū</em> Quraiš , dem Stamm des Propheten <em>Muḥ</em> ammad, <em>Allā</em> hs Segen und Friede auf ihm, der die älteren Stammesführer zur Unterlassung des Götzendienstes und zur Verehrung der Einheit des Erhabenen und Einzigen Schöpfers aufrief (vgl. 6:74-82; 21:68-70; 26:69-77; 29:16-18 und die Anmerkung dazu; ferner den Titel: <strong>\"<em>Allā</em> hs Friede auf <em>Ibrā</em> h <em>ī</em> m\"</strong>, Islamische Bibliothek). Er sagte: ”Wendest du dich von meinen Göttern ab, o Abraham? Wenn du (damit) nicht aufhörst, so werde ich dich wahrlich steinigen. Verlaß mich für lange Zeit.“ (19:46) Er (Abraham) sagte: ”Friede sei auf dir! Ich will bei meinem Herrn um Vergebung für dich bitten; denn Er ist gnädig gegen mich. (19:47) Und ich werde mich von euch und von dem, was ihr statt <em>Allāh</em> anruft, fernhalten; und ich will zu meinem Herrn beten; ich werde durch das Gebet zu meinem Herrn bestimmt nicht unglücklich sein.“ (19:48) 19:46-48 - Wir merken in diesem Dialog, wie hart die Reaktion des ungläubigen Vaters und wie sanftmütig die Antwort des gläubigen Abrahams ist; wir sehen also den Unterschied zwischen heidnischer Selbstherrlichkeit des Vaters und der Güte seines frommen Sohnes. In der Geschichte Abrahams ist es bekannt, dass er seinen Vater und die Heimat seiner Ahnen (Ur in Chaldäa) für immer verließ (vgl. 9:114; 14:38-41; 21:68-70; 26:69-77 und die Anmerkung dazu; für ausführliche Information über Abraham (a.s.) vgl. den Titel: <strong>\"<em>Allā</em> hs Friede auf <em>Ibrā</em> h <em>ī</em> m\"</strong>,</p>\n<p><em>Tafsīr</em> Al-Qur’<em>ān</em> <em>Al-Karīm</em> Islamische Bibliothek). Als er sich nun von ihnen und von dem, was sie statt <em>Allāh</em> verehrten, getrennt hatte, da bescherten Wir ihm Isaak und Jakob und machten beide zu Propheten. (19:49) Und Wir verliehen ihnen Unsere Barmherzigkeit; und Wir gaben ihnen einen guten Ruf und hohes Ansehen. (19:50) 19:49-50 - Für den Verlust seiner Verwandtschaft in der Heimat schenkte ihm <em>Allā</em> h (t) Isaak. Jakob (a.s.) ist Isaaks Sohn; beide waren Propheten und von ihnen kam eine große Nachkommenschaft zustande. Diese Worte sollen die Auswanderer aus Makka trösten, die gezwungen waren, ihre Heimat zu verlassen. Ihnen wird hier mitgeteilt, dass sie ebenso gesegnet und mit einem guten Ruf geehrt werden würden wie einst der Prophet Abraham (a.s.) nach seiner Auswanderung. (ÜB) (vgl. 21:72; 26:69-77, 84; 29:16-18 und die Anmerkung dazu). Und erwähne in diesem Buch Moses. Er war wahrlich ein Erwählter; und er war ein Gesandter, ein Prophet. (19:51) Wir riefen ihn von der rechten Seite des Berges und ließen ihn zu einer vertraulichen Unterredung näher treten. (19:52) Und Wir machten ihm in Unserer Barmherzigkeit seinen Bruder Aaron zum Propheten. (19:53) 19:51-53 - Nach manchen Gelehrten gibt es Unterschied zwischen einem Gesandten und einem Propheten. Ein Prophet ist jemand, dem <em>Allā</em> h eine Aufgabe auferlegt und offenbart, dass er sein Volk zum Weg des Erhabenen führt. Ein Gesandter <em>Allā</em> hs ist auch ein Prophet mit offenbarter Schrift und göttlicher Gesetzgebung (vgl. dazu unten 19:53). Andere Gelehrte sind der Meinung, dass es keinen Unterschied zwischen Propheten und Gesandten gibt; sie begründen dies damit, dass die beiden Begriffe im Qur’<em>ā</em> n identisch benutzt werden. Mit dem Wort <strong>\"Berg\"</strong> ist der Berg Sinai gemeint. Die <strong>\"rechte Seite\"</strong> des Berges weist geographisch auf Madyan hin. Moses (a.s.) war schüchtern und zögerte, zu Pharao zu gehen; denn er konnte nicht gut sprechen. Deshalb bat er darum, dass sein Bruder Aaron (a.s.) ihn bei dieser Aufgabe begleitete. In Seiner Barmherzigkeit gewährte <em>Allā</em> h (t) ihm dies und nannte Aaron einen Propheten (vgl. dazu oben 19:51; ferner 4:164; 7:108-144; 20:9-86; 22:52; 28:3, 32 und die Anmerkung dazu). Und erwähne in diesem Buch Ismael. Er blieb wahrlich seinem Versprechen treu und war ein Gesandter, ein Prophet (19:54); und er pflegte seinen Angehörigen Gebet und <em>Zakā</em> h ans Herz zu legen und war seinem Herrn wohlgefällig. (19:55) 19:54-55 - Nun wendet sich der Text dem anderen Zweig der Nachkommen Abrahams zu und erwähnt Ismael (a.s.), den Stammvater des arabischen Volkes, und damit des Propheten <em>Muḥ</em> ammad (a.s.s.) aus dem Stamm der <em>Banū</em> Quraiš (ÜB). Ismael (a.s.) war der erste Prophet, der unter seinem Volk das Gebet und die <em>Zakā</em> h einführte. (Zu <em>Zakā</em> h vgl. 2:43 und den Titel <strong>\"Handbuch der <em>Zakā</em> h und der islamischen Wirtschaftslehre\"</strong>. Für die Vorgeschichte vgl. den Titel <strong>\"<em>Muḥ</em> ammad, Prophet der Barmherzigkeit\"</strong>; ferner den Titel: <strong>\"Zamzam, Geschichte eines Brunnens\"</strong>, sowie <strong>\"<em>Allā</em> hs Friede auf <em>Ibrā</em> h <em>ī</em> m\"</strong> [s.u.: <strong>\"<em>Ibrā</em> h <em>ī</em> m im Qur’<em>ā</em> n\"</strong>], alle Titel bei der Islamischen Bibliothek) (vgl. ferner 21:85-86 und die Anmerkung dazu). Und erwähne in diesem Buch <em>Idrī</em> s. Er war ein Wahrhaftiger, ein Prophet. (19:56) Wir erhoben ihn zu hohem Rang (19:57);</p>\n<p><em>Tafsīr</em> Al-Qur’<em>ān</em> <em>Al-Karīm</em> 19:56-57 - Der Qur’<em>ā</em> n beschreibt <em>Idrī</em> s als einen Wahrhaftigen, einen Propheten, dessen Rang <em>Allā</em> h (t) erhöht hat. Er wird zweimal im Qur’<em>ā</em> n erwähnt, nämlich hier und in 21:85, zusammen mit denen, die geduldig und standhaft waren (vgl. ÜB). (vgl. 21:85-86 und die Anmerkung dazu). sie waren jene unter den Propheten, denen <em>Allāh</em> Gnade erwiesen hat aus der Nachkommenschaft Adams und aus denen, die Wir mit Noah dahintrugen, und aus der Nachkommenschaft Abrahams und Israels und aus denen, die Wir rechtgeleitet und erwählt hatten. Wenn ihnen die Verse des Allerbarmers verlesen wurden, fielen sie anbetend und weinend nieder. (19:58)</p>",
    "timestamp": "2025-12-20T14:27:52.303336+00:00",
    "version": "1.0",
    "copyright": {
      "author": "Muhammad Ibn Ahmad Ibn Rassoul",
      "publisher": "IB Verlag Islamische Bibliothek",
      "edition": "41. Auflage",
      "title": "Tafsīr Al-Qur'ān Al-Karīm"
    }
  },
  {
    "key": "de_tafsir-al-azhar",
    "verse_key": "19:58",
    "verses": [
      "19:58"
    ],
    "text": "<p>vgl. 16:120-123; 32:15 und die Anmerkung dazu. Dann aber kamen nach ihnen Nachfahren, die das Gebet vernachlässigten und ihren Leidenschaften folgten. So gehen sie nun sicher dem Untergang entgegen (19:59); außer denen, die bereuen und glauben und rechtschaffen handeln. Diese werden ins Paradies eingehen, und sie werden kein Unrecht erleiden (19:60) (in den) Gärten von Eden, die der Allerbarmer Seinen Dienern im Verborgenen verhieß. Wahrlich, Seine Verheißung wird in Erfüllung gehen. (19:61) Sie hören dort kein leeres Gerede, sondern (genießen) nur Frieden; und sie werden dort ihren Unterhalt morgens und abends empfangen. (19:62) Dies ist das Paradies, das Wir jenen Unserer Diener zum Erbe geben, die gottesfürchtig sind. (19:63) 19:59-60 - Hier wird auf den Anfang hingewiesen, mit dem der Missstand durch die Vernachlässigung des Gebets und damit den Bruch mit dem Erhabenen Schöpfer, als dann den Niedergang der Völker beginnt. Ausdrücklich wird hier aber erwähnt, dass das Tor der Umkehr und Reue offen bleibt. 19:61-63 - Die Verheißung <em>Allā</em> hs bleibt im Verborgenen, weil sie in keiner menschlichen Wahrnehmung wiedergegeben werden kann. In 19:62 erfahren wir nur einen Teil davon, wo die Paradiesbewohner vor dem Übel der Verleumdung und allen unwürdigen Lauten verschont bleiben. Somit ist das Paradies ein Ort der Ruhe und des Friedens. Die Zeitangabe mit <strong>\"morgens und abends\"</strong> bedeutet <strong>\"immer\"</strong>, <strong>\"am Anfang\"</strong> und <strong>\"am Ende\"</strong> (vgl. 2:3; 5:16; 10:9-10 und die Anmerkung dazu). ”Wir (Engel) kommen nur auf den Befehl deines Herrn hernieder. Sein ist alles, was vor uns und was hinter uns und was dazwischen ist; und dein Herr ist nicht vergesslich. (19:64) (Er ist der) Herr der Himmel und der Erde und all dessen, was zwischen beiden ist. So diene Ihm, und sei beharrlich in Seinem Dienst. Kennst du etwa einen, der Ihm gleich wäre?“ (19:65) 19:64-65 - <em>Allā</em> hs Engel kommen auf <em>Allā</em> hs Geheiß entsprechend Seinem allumfassenden Willen und Plan. Wenn Dinge verzögert werden, dann geschieht dies in Übereinstimmung mit einer weisen Voraussicht und bedeutet nicht, dass <em>Allā</em> h (t) sie vergisst. Hier geht es um den Engel Gabriel (a.s.), nachdem unser Prophet <em>Muḥ</em> ammad, <em>Allā</em> hs Segen und Friede auf ihm, in eifriger Erwartung über die langen Zwischenräume zwischen den Offenbarungen geklagt hatte (ÜB). Und der Mensch sagt: ”Wie? Wenn ich tot bin, soll ich dann wirklich (wieder) zum Leben</p>\n<p><em>Tafsīr</em> Al-Qur’<em>ān</em> <em>Al-Karīm</em> auferstehen?“ (19:66) Bedenkt der Mensch denn nicht, dass Wir ihn zuvor erschufen, als er ein Nichts war? (19:67) Und, bei deinem Herrn, Wir werden sie ganz gewiss versammeln und auch die Satane; dann werden Wir sie auf den Knien rund um <em>Ǧ</em> ahannam bringen. (19:68) Alsdann werden Wir aus jeder Partei diejenigen herausgreifen, die am trotzigsten in der Empörung gegen den Allerbarmer waren. (19:69) Und Wir kennen die am besten, die es am meisten verdienen, darein zu gehen. (19:70) 19:66-70 - Die letzte Lehre in der Prophetenreihe dieser Sura, welche den Namen Marias trägt, setzt die Auseinandersetzung mit dem ungerechten Götzendienst und der Verleugnung der Auferstehung fort (vgl. 15:44; 19:44-45 und die Anmerkung dazu). Und keiner ist unter euch, der nicht daran vorbeikommen wird - das ist eine von deinem Herrn beschlossene Fügung. (19:71) Dann werden Wir die Gottesfürchtigen erretten, die Frevler aber werden Wir darin auf den Knien belassen. (19:72) 19:71-72 - Nach allgemeiner Auslegung wird jede Seele dem Höllenfeuer vorbeigehen und sehen, wie es wirklich aussieht. Diejenigen aber, die auf Grund ihrer Gottesfurcht begnadigt werden, werden davor bewahrt und gerettet. Und als ihnen Unsere deutlichen Zeichen verlesen wurden, sagten die Ungläubigen zu den Gläubigen: ”Welche der beiden Gruppen ist besser gestellt und gibt eine eindrucksvollere Versammlung ab?“ (19:73) Und wieviele Geschlechter vor ihnen haben Wir schon vernichtet, (die) ansehnlicher an Vermögen und äußerer Erscheinung (waren)! (19:74) 19:73-74 - Hier bezieht es sich auf jene Ungläubigen, die in 19:66 erwähnt sind. Als die Götzendiener zur Zeit des Propheten <em>Muḥ</em> ammad (a.s.s.) die deutlichen Zeichen hörten, aber nicht in der Lage waren, sie zu widerlegen, prahlten sie mit ihrem Reichtum in dieser Welt. Sie zogen daraus Rückschlüsse auf ihren höheren Wert. Die <em>Banū</em> Quraiš meinten: ”Wäre das, was <em>Muḥ</em> ammad predigte, Gutes, so wären seine Anhänger nicht ausschließlich solche, die in den Augen der Leute keine Wertschätzung genießen.“ (ÜB) Zeitweilig mögen die Ungläubigen äußerlich ein besseres Bild abgeben, beispielsweise in Volksversammlungen, wo Dinge durch Abstimmen entschieden werden. Aber auch in dieser Welt setzt sich die Wahrheit durch, und letztendlich werden die Positionen umgekehrt. Sprich: ”Diejenigen, die sich im Irrtum befinden, erhalten langes Gewähren vom Allerbarmer, bis sie das sehen, was ihnen angedroht wurde - ob es nun die Strafe ist oder die Stunde, und dann erkennen, wer in der schlechteren Lage und schwächer an Streitmacht ist. (19:75)</p>",
    "timestamp": "2025-12-20T14:27:52.303336+00:00",
    "version": "1.0",
    "copyright": {
      "author": "Muhammad Ibn Ahmad Ibn Rassoul",
      "publisher": "IB Verlag Islamische Bibliothek",
      "edition": "41. Auflage",
      "title": "Tafsīr Al-Qur'ān Al-Karīm"
    }
  },
  {
    "key": "de_tafsir-al-azhar",
    "verse_key": "19:75",
    "verses": [
      "19:75"
    ],
    "text": "<p>Dies soll der Prophet <em>Muḥ</em> ammad (a.s.s.) zu jenen sagen, die von ihrem Reichtum und ihrer Macht betört sind. Und <em>Allāh</em> bestärkt die, die rechtgeleitet sind, in Seiner Führung. Und die bleibenden guten Werke sind lohnender bei deinem Herrn und fruchtbarer.“ (19:76)</p>",
    "timestamp": "2025-12-20T14:27:52.303336+00:00",
    "version": "1.0",
    "copyright": {
      "author": "Muhammad Ibn Ahmad Ibn Rassoul",
      "publisher": "IB Verlag Islamische Bibliothek",
      "edition": "41. Auflage",
      "title": "Tafsīr Al-Qur'ān Al-Karīm"
    }
  },
  {
    "key": "de_tafsir-al-azhar",
    "verse_key": "18:110",
    "verses": [
      "18:110"
    ],
    "text": "<p>Die Anrede <strong>\"Sprich\"</strong> gilt unserem Propheten <em>Muḥ</em> ammad, <em>Allā</em> hs Segen und Friede auf ihm. Ihm als Mensch wurde die frohe Botschaft gegeben, welche lautet: ”Möge denn derjenige, der auf die Begegnung mit seinem Herrn hofft, gute Werke tun und keinen anderen einbeziehen in den Dienst an seinem Herrn.“ Damit endet diese herrliche Sura unseres Erhabenen Schöpfers. Ende der Sura 18 (19) Sura Maryam (Maria) (offenbart zu Makka) 98 <em>Ā</em> y <em>ā</em> t Hier werden die Geschichten zahlreicher Propheten in Verbindung mit ihrer Umgebung erzählt; dennoch trägt diese Sure den Namen Marias, die in Übereinstimmung der Gelehrten keine Prophetin war. Zacharias (a.s.) wünschte sich einen Sohn, der <em>Allā</em> hs Botschaft unter den gottlosen Leuten verbreitet, und Johannes (a.s.) wurde ihm geschenkt. Die Geburt Jesu (a.s.) und die Beschuldigung seiner Mutter Maria (a.s.) werden behandelt. Abraham (a.s.) wurde von seinen Leuten schlecht behandelt, sein Vater eingeschlossen, aber er zog sich von ihnen zurück und wurde gesegnet. Moses (a.s.) wurde von seinem Bruder Aaron (a.s.) geholfen. Ismael (a.s.) wurde von seiner Familie in Frömmigkeit aufgezogen. <em>Idī</em> rs (a.s.) war ehrlich, so dass er eine hohe Stellung in seinem Leben erreichte. Diese Propheten zeigten den Weg; folge ihnen deshalb. Glaube an das Jenseits und habe keine falschen Gedanken von <em>Allā</em> h, so wie die Christen, die glauben, dass Jesus <strong>\"Gottes Sohn\"</strong> sei. Im Namen <em>Allāhs</em>, des Allerbarmers, des Barmherzigen! K <em>ā</em> f <em>Hā</em> Y <em>ā</em> ‘<em>Aī</em> n <em>Ṣād</em> . (19:1) Erwähnt wird (hier) die Barmherzigkeit deines Herrn gegenüber Seinem Diener Zacharias. (19:2) Als er seinen Herrn mit leisem Ruf anrief (19:3), sagte er:</p>\n<p><em>Tafsīr</em> Al-Qur’<em>ān</em> <em>Al-Karīm</em> ”Mein Herr, mein Gebein ist nun schwach geworden, und die Haare meines Hauptes schimmern grau, doch niemals, mein Herr, bin ich mit meiner Bitte an Dich unglücklich gewesen. (19:4) Nun aber fürchte ich meine Verwandten, die mich überleben werden, und meine Frau ist unfruchtbar. Gewähre Du mir darum einen Nachfolger (19:5), auf dass er mein Erbe sei und der Erbe des Hauses Jakobs. Und mache ihn, mein Herr, (Dir) wohlgefällig.“ (19:6)</p>",
    "timestamp": "2025-12-20T14:27:52.303336+00:00",
    "version": "1.0",
    "copyright": {
      "author": "Muhammad Ibn Ahmad Ibn Rassoul",
      "publisher": "IB Verlag Islamische Bibliothek",
      "edition": "41. Auflage",
      "title": "Tafsīr Al-Qur'ān Al-Karīm"
    }
  }
]