[
  {
    "key": "de_tafsir-al-azhar",
    "verse_key": "92:17",
    "verses": [
      "92:17"
    ],
    "text": "<h2>Sura Aḍ-Ḍuḥā (Der Vormittag)</h2>\n<p><em>(offenbart zu Makka)</em></p>\n<p><em>0 Āyāt</em></p>\n<p>(offenbart zu Makka) 11 <em>Ā</em> y <em>ā</em> t In dieser Sura erinnert <em>Allā</em> h (t) Seinen Propheten <em>Muḥ</em> ammad, <em>Allā</em> hs Segen und Friede auf ihm, daran, dass Er immer an seiner Seite ist, und dass Jenseits besser für ihn ist als das diesseitige Leben. <em>Muḥ</em> ammad (a.s.s.) wird aufgetragen, allen Liebe zu zeigen, und <em>Allā</em> hs Botschaft zu verkünden. Obwohl <em>Muḥ</em> ammad in dieser und der nächsten Sura angesprochen wird, spricht diese Botschaft alle Gläubigen an, um <em>Allā</em> hs Wahrheit zu verbreiten. Im Namen <em>Allāhs</em>, des Allerbarmers, des Barmherzigen! Beim Vormittag (93:1) und bei der Nacht, wenn alles still ist! (93:2) Dein Herr hat dich weder verlassen, noch verabscheut. (93:3) Wahrlich, das Jenseits ist besser für dich als das Diesseits. (93:4) Und wahrlich, dein Herr wird dir geben und du wirst wohlzufrieden sein. (93:5) Hat Er dich nicht als Waise gefunden und aufgenommen (93:6), und dich auf dem Irrweg gefunden und richtig geführt (93:7), und dich dürftig gefunden und reich gemacht? (93:8) Was die Waise angeht, so unterdrücke sie nicht. (93:9) Und was den Bittenden angeht, so fahre ihn nicht an (93:10), und sprich überall von der Gnade deines Herrn. (93:11) 93:1-2 - Dies ist eine Art Schwur, die <em>Allā</em> h (t) allein zusteht und von uns Menschen nicht angewendet werden darf. <em>Allā</em> h (t) schwört beim Vormittag, den Er erschaffen hat und hinter dem eine gewaltige Gesetzmäßigkeit der Erdumdreheung vor der Sonne geschieht. Das herrliche und angenehme Morgenlicht am vormittag ist das Gegenteil von der Nacht, die alle Dinge mit ihrer Dunkelheit verhüllt.</p>\n<p>In diesem Vers handelt es sich um die bekannte Parallelität des Qur’<em>ā</em> n. D.h., dass jedesmal, wenn <em>Allā</em> h (t) von der Belohnung der rechtschaffenen Diener im Paradies spricht (vgl. oben 92:12-16), berichtet Er von der Bestrafung der Ungläubigen, und zwar aus dem Prinzip der Barmherzigkeit und der Gerechtigkeit zugelich, weil die Botschaft stets diese Eigenschaft hat: Als frohe Botschaft und als Warnung. 92:18-21 - Mit diesem schönen Versblock endet diese lehrreiche Sura. Was der Mensch von seinem Vermögen u.a. an die Armen abgibt, um sich zu reinigen nennt man im Islam <strong>\"<em>Zakā</em> h\"</strong> (Reinigung). (vgl. dazu den Titel: <strong>\"Handbuch der <em>Zakā</em> h und der islamischen Wirtschaftslehre\"</strong>, Islamische Bibliothek). Dieser Teil aus dem Vermögen des Menschen gehört den Armen als verbrieftes Recht des Erhabenen Schöpfers und stellt keinen Akt der persönlichen Gnade dar. Deshalb darf der Gebende nicht eine Gegenleistung - auch nicht einmal den Dank dafür - vom Menschen als Anerkennung seiner Tat erwarten, sondern in Erwartung des Wohlwollens <em>Allā</em> hs, mit dessen Belohnung er bestimmt voll zufrieden sein wird. Ende der Sura 92</p>\n<p><em>Tafsīr</em> Al-Qur’<em>ān</em> <em>Al-Karīm</em> (93) Sura <em>Aḍ-Ḍuḥā</em> (Der Vormittag) (offenbart zu Makka) 11 <em>Ā</em> y <em>ā</em> t In dieser Sura erinnert <em>Allā</em> h (t) Seinen Propheten <em>Muḥ</em> ammad, <em>Allā</em> hs Segen und Friede auf ihm, daran, dass Er immer an seiner Seite ist, und dass Jenseits besser für ihn ist als das diesseitige Leben. <em>Muḥ</em> ammad (a.s.s.) wird aufgetragen, allen Liebe zu zeigen, und <em>Allā</em> hs Botschaft zu verkünden. Obwohl <em>Muḥ</em> ammad in dieser und der nächsten Sura angesprochen wird, spricht diese Botschaft alle Gläubigen an, um <em>Allā</em> hs Wahrheit zu verbreiten. Im Namen <em>Allāhs</em>, des Allerbarmers, des Barmherzigen! Beim Vormittag (93:1) und bei der Nacht, wenn alles still ist! (93:2) Dein Herr hat dich weder verlassen, noch verabscheut. (93:3) Wahrlich, das Jenseits ist besser für dich als das Diesseits. (93:4) Und wahrlich, dein Herr wird dir geben und du wirst wohlzufrieden sein. (93:5) Hat Er dich nicht als Waise gefunden und aufgenommen (93:6), und dich auf dem Irrweg gefunden und richtig geführt (93:7), und dich dürftig gefunden und reich gemacht? (93:8) Was die Waise angeht, so unterdrücke sie nicht. (93:9) Und was den Bittenden angeht, so fahre ihn nicht an (93:10), und sprich überall von der Gnade deines Herrn. (93:11) 93:1-2 - Dies ist eine Art Schwur, die <em>Allā</em> h (t) allein zusteht und von uns Menschen nicht angewendet werden darf. <em>Allā</em> h (t) schwört beim Vormittag, den Er erschaffen hat und hinter dem eine gewaltige Gesetzmäßigkeit der Erdumdreheung vor der Sonne geschieht. Das herrliche und angenehme Morgenlicht am vormittag ist das Gegenteil von der Nacht, die alle Dinge mit ihrer Dunkelheit verhüllt.</p>",
    "timestamp": "2025-12-20T14:27:52.303336+00:00",
    "version": "1.0",
    "copyright": {
      "author": "Muhammad Ibn Ahmad Ibn Rassoul",
      "publisher": "IB Verlag Islamische Bibliothek",
      "edition": "41. Auflage",
      "title": "Tafsīr Al-Qur'ān Al-Karīm"
    }
  }
]