[
  {
    "key": "de_tafsir-al-azhar",
    "verse_key": "39:3",
    "verses": [
      "39:3"
    ],
    "text": "<h2>Sura Az-Zumar (Die Scharen)</h2>\n<p><em>(offenbart zu Makka)</em></p>\n<p><em>0 Āyāt</em></p>\n<p>(offenbart zu Makka) 75 <em>Ā</em> y <em>ā</em> t So wie Regenwasser die Pflanzen der verschiedensten Arten wachsen lässt, so weist die große Vielfalt der Schöpfung auf ihren Herrn hin, den wahren Erhalter. Bete nur zu Ihm; denn niemand ist Ihm gleich. Gehorche Ihm so, wie die Natur Seinen Gesetzen gehorcht, sonst wirst du verlieren. In Seiner Schöpfung können wir die Beweise Seiner Fürsorge um uns sehen. Wie kann jemand, der an <em>Allā</em> h glaubt, gleich jemandem sein, der die Wahrheit ablehnt? Der Gläubige folgt der wunderbaren Botschaft <em>Allā</em> hs und preist Ihn. Der Ungläubige hat nichts, das ihn leitet; sein Ende ist grausam. Erinnere dich an den Tag des Jüngsten Gerichts, wenn alle deine Taten abgerechnet werden. Die Rechtleitung wurde gegeben. Sie erhält und nutzt der eigenen Seele. Sogar im täglichen Leben gibt es Zeichen für diejenigen, die nachdenken. <em>Allā</em> h (t) nimmt die Seele des Menschen zum Zeitpunkt des Todes und während des Schlafes weg. Er hält die Seele des Menschen zurück, über die er das Urteil des Todes verhängt hat, während Er die Seele zum Menschen zurücksendet, den Er am Leben lassen will. Das sollte den Menschen nachdenken lassen, wie nahe er jedesmal dem Tod kommt, wenn er schläft. Er sollte sich entsprechend vorbereiten. Es ist falsch, irgendeinen Helfer neben <em>Allā</em> h anzurufen. Nichts kann dich vor <em>Allā</em> hs Bestrafung schützen, wenn sie zu dir kommt. Sei <em>Allā</em> h dankbar zu jeder Zeit. Zweifle zu keiner Zeit an <em>Allā</em> hs Gnade und bitte Ihn um Vergebung, bevor <em>Allā</em> hs Strafe über dich kommt. Am Tage des Jüngsten Gerichts wird Gutes und Böses erkennbar sein. Im Namen <em>Allāhs</em>, des Allerbarmers, des Barmherzigen! Die Offenbarung des Buches stammt von <em>Allāh</em>, dem Erhabenen, dem Allweisen. (39:1) Wahrlich, Wir haben dir das Buch mit der Wahrheit herabgesandt; so diene denn <em>Allāh</em> in lauterem Gehorsam Ihm gegenüber. (39:2) Wahrlich, <em>Allāh</em> (allein) gebührt lauterer Gehorsam. Und diejenigen, die sich andere zu Beschützern nehmen statt Ihn (sagen): ”Wir dienen ihnen nur, damit sie uns <em>Allāh</em> nahebringen.“ Wahrlich, <em>Allāh</em> wird zwischen ihnen über das, worüber sie uneins sind, richten. Wahrlich, <em>Allāh</em> weist nicht dem den Weg, der ein Lügner, ein Undankbarer ist. (39:3) Hätte <em>Allāh</em> Sich einen Sohn nehmen wollen, hätte Er wählen können, was Ihm beliebte, von dem, was Er erschaffen hat. Preis (sei) Ihm! Er ist <em>Allāh</em>, der Einzige, der Allbezwingende. (39:4) 39:1-2 - Ganz schlicht und einfach startet diese Sura mit dem ersten Vers. Hier sind zwei Merkmale anzutreffen: <em>Allā</em> h ist der Urheber dieser Schrift, Der sie aus Seiner göttlichen Weisheit niedersandte. Damit ist dieses Buch - der Qur’<em>ā</em> n - kein Produkt eines sterblichen Schriftstellers, sondern die volle Wahrheit, die der Schöpfer zum Segen der Menschheit offenbarte. Dazu wird in erster Linie unser Prophet (a.s.s.), dem diese Schrift in Wahrheit offenbart wurde, aufgefordert, <em>Allā</em> h allein in lauterem Gehorsam zu dienen.</p>\n<p>Alle Vorstellungen, wie beispielsweise die altarabische, die Engel seien Töchter <em>Allā</em> hs und könnten sich bei <em>Allā</em> h (t) für die Menschen einsetzen, werden hier zurückgewiesen. Die</p>\n<p><em>Tafsīr</em> Al-Qur’<em>ān</em> <em>Al-Karīm</em> Vorstellung von Wesen, die zwischen <em>Allā</em> h (t) und den Menschen vermitteln können, ist allein aufgrund abergläubischer Vermutungen und Nachahmung früherer Generationen entstanden.</p>",
    "timestamp": "2025-12-20T14:27:52.303336+00:00",
    "version": "1.0",
    "copyright": {
      "author": "Muhammad Ibn Ahmad Ibn Rassoul",
      "publisher": "IB Verlag Islamische Bibliothek",
      "edition": "41. Auflage",
      "title": "Tafsīr Al-Qur'ān Al-Karīm"
    }
  },
  {
    "key": "de_tafsir-al-azhar",
    "verse_key": "39:4",
    "verses": [
      "39:4"
    ],
    "text": "<p>Zu behaupten, <em>Allā</em> h habe einen Sohn, ist eine Gotteslästerung. Wenn dies der Fall wäre, dann müsste Er eine Gefährtin haben (vgl. 6:101), und ein Sohn wäre von derselben Art wie der Vater, während <em>Allā</em> h (t) einzig und einzigartig ist und es nichts gibt, das mit Ihm vergleichbar wäre (vgl. 112:4). (vgl. ferner 6:22-24, 100; 34:31-33 und die Anmerkung dazu). Er erschuf die Himmel und die Erde in gerechter Weise. Er lässt die Nacht über den Tag und den Tag über die Nacht rollen; und Er hat (euch) die Sonne und den Mond dienstbar gemacht; ein jedes (Gestirn) läuft für eine bestimmte Frist. Wahrlich, Er allein ist der Erhabene, der Allverzeihende. (39:5) Er erschuf euch aus einem einzigen Wesen, dann machte Er aus diesem seine Gattin, und an Vieh hat Er euch acht in Paaren herabkommen lassen. Er erschafft euch in den Schößen eurer Mütter, Schöpfung nach Schöpfung, in drei Finsternissen. Das ist <em>Allāh</em>, euer Herr. Sein ist das Reich. Es ist kein Gott außer Ihm. Wie lasst ihr euch da (von Ihm) abwenden? (39:6)</p>",
    "timestamp": "2025-12-20T14:27:52.303336+00:00",
    "version": "1.0",
    "copyright": {
      "author": "Muhammad Ibn Ahmad Ibn Rassoul",
      "publisher": "IB Verlag Islamische Bibliothek",
      "edition": "41. Auflage",
      "title": "Tafsīr Al-Qur'ān Al-Karīm"
    }
  },
  {
    "key": "de_tafsir-al-azhar",
    "verse_key": "39:5",
    "verses": [
      "39:5"
    ],
    "text": "<p>Dieser Vers verrät das Gesetz der Erdrotation vor mehr als 1400 Jahren. Denn nur durch die Erdumdrehung vor der Sonne lässt <em>Allā</em> h (t) <strong>\"den Tag über die Nacht rollen\"</strong>. Jeder der hier genannten Himmelskörper <strong>\"läuft für eine bestimmte Frist\"</strong>. Dies kann auf zweierlei Weise erläutert werden: Entweder ist mit der Frist die Zeit der Laufbahn von 24 Stunden oder die Zeitdauer der Funktion bis zum Weltuntergang gemeint (vgl. 10:5). Niemand außer <em>Allā</em> h (t) kann diese Frist beeinflussen (vgl. 13:2; ferner 6:73 und die Anmerkung dazu).</p>",
    "timestamp": "2025-12-20T14:27:52.303336+00:00",
    "version": "1.0",
    "copyright": {
      "author": "Muhammad Ibn Ahmad Ibn Rassoul",
      "publisher": "IB Verlag Islamische Bibliothek",
      "edition": "41. Auflage",
      "title": "Tafsīr Al-Qur'ān Al-Karīm"
    }
  },
  {
    "key": "de_tafsir-al-azhar",
    "verse_key": "39:6",
    "verses": [
      "39:6"
    ],
    "text": "<p><em>Allā</em> h (t) erschuf uns Menschen aus einem einzigen Wesen, d.h. aus dem ersten Menschen Adam (a.s.); dann machte Er aus Adam selbst seine Gattin Eva. Demnach sind die Menschen aus einem Paar, dem männlichen und dem weiblichen Menschen. Genauso ist der Fall mit dem Vieh, das <em>Allā</em> h in Paaren erschuf. Darunter ist zu verstehen, dass die Gesetzmäßigkeit zwischen Mensch und Tier gleich ist. Die acht paare entsprechen vier Gattungen von Vieh; dies sind: Schafe, Ziegen, Kamele und Rinder. Pferde zählen nicht zum Vieh. Diese Worte sollen den Menschen daran erinnern, dass <em>Allā</em> h (t) sowohl ihn als auch das Vieh versorgt (vgl. 22:5). Die drei Finsternisse, in denen die <strong>\"Schöpfung nach Schöpfung\"</strong>, d.h. die Entwicklung geschieht, sind die Bauchdecke der Mutter, der Uterus (Gebärmutter) und die Fruchtblase. Die Gänokologen haben festgestellt, dass das ungeborene Kind im Leibe seiner Mutter sich mit dem Gesicht nach ihrem Rücken stellt, damit es den stärksten Schutz durch ihren Rücken erreicht. Das ist <em>Allā</em> h, euer Herr. Sein ist das Reich. Es ist kein Gott außer Ihm. Wie lasst ihr euch da von Ihm abwenden? (vgl. 4:1; 6:143-144 und die Anmerkung dazu). Wenn ihr undankbar seid, so ist <em>Allāh</em> auf keinen von euch angewiesen. Und Er findet nicht Wohlgefallen am Unglauben Seiner Diener; doch wenn ihr aber dankbar seid, so gefällt Ihm das an euch. Und keine lasttragende (Seele) soll die Last einer anderen tragen. Danach werdet ihr zu eurem Herrn heimkehren; und Er wird euch verkünden, was ihr zu tun pflegtet. Wahrlich, Er weiß wohl, was in den Herzen ist. (39:7) Und wenn den Menschen ein Unheil trifft, so ruft er seinen Herrn an und wendet sich Ihm bußfertig zu. Dann aber, wenn Er ihm eine Gnade von Sich aus gewährt hat, vergisst er, um was er Ihn zuvor zu bitten pflegte, und setzt <em>Allāh</em> Partner zur Seite, um andere (Menschen) von Seinem Weg in die</p>\n<p><em>Tafsīr</em> Al-Qur’<em>ān</em> <em>Al-Karīm</em> Irre abzuführen. Sprich: ”Vergnüge dich mit deinem Unglauben für eine kurze Zeit; denn du gehörst zu den Bewohnern des Feuers.“ (39:8)</p>",
    "timestamp": "2025-12-20T14:27:52.303336+00:00",
    "version": "1.0",
    "copyright": {
      "author": "Muhammad Ibn Ahmad Ibn Rassoul",
      "publisher": "IB Verlag Islamische Bibliothek",
      "edition": "41. Auflage",
      "title": "Tafsīr Al-Qur'ān Al-Karīm"
    }
  },
  {
    "key": "de_tafsir-al-azhar",
    "verse_key": "39:7",
    "verses": [
      "39:7"
    ],
    "text": "<p>Wenn ihr Menschen dankbar seid, so ist es besser für euch; denn <em>Allā</em> h (t) belohnt die Dankbaren mit dem Paradies. Seid ihr dagegen undankbar, so schadet ihr euch selbst, da ihr den herrlichen Lohn nicht bekommt. Die Undankbarkeit schadet <em>Allā</em> h (t) auf keinen Fall; denn Er ist auf <strong>\"keinen von euch angewiesen\"</strong>. Ob ihr an Ihn glaubt oder nicht, Er ist und bleibt der Erhabene Schöpfer der Himmel und Erde (vgl. 3:97). Daraus geht hervor, dass Unglaube mit <strong>\"Undankbarkeit\"</strong> und <strong>\"Treulosigkeit\"</strong> identisch ist, während Glaube die natürliche Folge von Dankbarkeit bedeutet. (vgl. 6:164). Die Entscheidung über Dankbarkeit und Undankbarkeit steht <em>Allā</em> h (t) allein am Tage der Abrechnung zu. Dann wird niemand die Last eines anderen tragen, auch dann, wenn er der engsten Verwandtschaft gehört. Derartige Aussage erscheint im Qur’<em>ā</em> n fünfmal in genau der gleichen Formulierung, nämlich hier und in 6:164; 17:15; 35:l8; 53:38. Die letzte Stelle ist chronologisch die älteste. Hier enthält sie einen Hinweis auf die christliche Lehre von der stellvertretenden Sühne und damit indirekt auf den Heiligenkult, den der Islam ablehnt.</p>",
    "timestamp": "2025-12-20T14:27:52.303336+00:00",
    "version": "1.0",
    "copyright": {
      "author": "Muhammad Ibn Ahmad Ibn Rassoul",
      "publisher": "IB Verlag Islamische Bibliothek",
      "edition": "41. Auflage",
      "title": "Tafsīr Al-Qur'ān Al-Karīm"
    }
  },
  {
    "key": "de_tafsir-al-azhar",
    "verse_key": "39:8",
    "verses": [
      "39:8"
    ],
    "text": "<p>Hier folgt ein Beispiel der Undankbarkeit. Sobald die Not vorbei ist und es dem Menschen besser geht, vergisst er <em>Allā</em> hs Beistand für ihn und erinnert sich nicht mehr an die schlechten Zeiten (vgl. 2:22; ferner 10:12 und die Anmerkung dazu). Ist etwa jener, der zu <em>Allāh</em> in den Nachtstunden - sich niederwerfend und stehend - betet, der sich vor dem Jenseits fürchtet und auf die Barmherzigkeit seines Herrn hofft (einem Ungehorsamen gleich)? Sprich: ”Sind solche, die wissen, denen gleich, die nicht wissen?“ Allein nur diejenigen lassen sich warnen, die verständig sind. (39:9)</p>",
    "timestamp": "2025-12-20T14:27:52.303336+00:00",
    "version": "1.0",
    "copyright": {
      "author": "Muhammad Ibn Ahmad Ibn Rassoul",
      "publisher": "IB Verlag Islamische Bibliothek",
      "edition": "41. Auflage",
      "title": "Tafsīr Al-Qur'ān Al-Karīm"
    }
  },
  {
    "key": "de_tafsir-al-azhar",
    "verse_key": "39:9",
    "verses": [
      "39:9"
    ],
    "text": "<p>Wenn die Menschen nach weltlichen Maßstäben vor dem Gesetz gleich sein sollten, so sind sie hier vor <em>Allā</em> h (t) nicht gleich (vgl. 3:133-117). Sprich: ”O Meine Diener, die ihr gläubig seid, fürchtet euren Herrn. Für diejenigen, die in dieser Welt Gutes tun, ist Gutes (bestimmt). Und <em>Allāhs</em> Erde ist weit. Wahrlich, den Geduldigen wird ihr Lohn (von <em>Allāh</em>) ohne zu rechnen gewährt werden.“ (39:10) Sprich: ”Mir wurde befohlen, <em>Allāh</em> zu dienen, in lauterem Glauben Ihm gegenüber. (39:11) Und mir wurde befohlen, der erste der Gottergebenen zu sein.“ (39:12)</p>",
    "timestamp": "2025-12-20T14:27:52.303336+00:00",
    "version": "1.0",
    "copyright": {
      "author": "Muhammad Ibn Ahmad Ibn Rassoul",
      "publisher": "IB Verlag Islamische Bibliothek",
      "edition": "41. Auflage",
      "title": "Tafsīr Al-Qur'ān Al-Karīm"
    }
  },
  {
    "key": "de_tafsir-al-azhar",
    "verse_key": "39:10",
    "verses": [
      "39:10"
    ],
    "text": "<p>Das Possesivpronomen bezieht sich auf <em>Allā</em> h (t) und nicht auf den Propheten (a.s.s.), der hier angesprochen ist (vgl. 4:97; 23:60; 29:57; 30:32; 39:11 und die Anmerkung dazu). 39:11-12 - Dem Propheten wird geboten, <em>Allāh</em> (t) allein zu dienen im aufrichtigen Glauben an Ihn, und als erster Muslim zu sein (das heißt in <em>Allāhs</em> Willen ergeben), und dass er die Strafe <em>Allāhs</em> fürchte, wenn er von Seinem Auftrag abweicht. Hier steht <em>Muḥammad</em> (a.s.s.) in der Reihe der Diener und nicht darüber. Nur <em>Allāh</em> (t), einzig und allein erhebt Sich über Seine Geschöpfe und Diener. Diese eindeutige, scharfe Trennung gibt keinen Raum für Vermischung irgendwelcher Art zwischen <em>Allāh</em> (t) und Seinen Geschöpfen. Dies gehört ebenso wie das, was in den folgenden Versen aufgezählt wird, zu den Kernpunkten der islamischen Lehre. Es wurde zunächst dem Propheten selbst nahegelegt; denn er ist an dieser Stelle der <strong>\"Diener <em>Allāhs</em>\"</strong>. Es gilt jedoch selbstverständlich ebenso für alle anderen Diener <em>Allāhs</em>. (ÜB) (vgl. 6:14 und die</p>\n<p><em>Tafsīr</em> Al-Qur’<em>ān</em> <em>Al-Karīm</em> Anmerkung dazu). Sprich: ”Wahrlich, ich fürchte die Strafe eines gewaltigen Tages, wenn ich meinem Herrn ungehorsam wäre.“ (39:13) Sprich: ”<em>Allāh</em> ist es, Dem ich in meinem lauteren Glauben Ihm gegenüber diene. (39:14) Verehrt statt Ihm nur, was ihr wollt.“ Sprich: ”Wahrlich, die Verlierenden werden jene sein, die sich selbst und die Ihren am Tage der Auferstehung verlieren.“ Wahrlich, das ist ein offenkundiger Verlust. (39:15) Sie werden über sich Schichten von Feuer haben und unter sich (ebenso viele) Schichten. Das ist es, wovor <em>Allāh</em> Seine Diener warnt. ”O Meine Diener, darum fürchtet Mich.“ (39:16) 39:13-14 - Der Prophet (a.s.s.) ist hier angesprochen. (vgl. 6:15, 16; 74:35-36 und die Anmerkung dazu). Und diejenigen aber, die es vermeiden, die Götzen anzubeten, und sich zu <em>Allāh</em> wenden - für sie ist die frohe Botschaft (bestimmt). Gib denn die frohe Botschaft Meinen Dienern (39:17); es sind jene, die auf das Wort hören und dem besten von ihm folgen. Sie sind es, denen <em>Allāh</em> den Weg gewiesen hat, und sie sind es, die Verstand besitzen. (39:18) 39:17-18 - <em>Allā</em> h (t) lässt die Menschheit nicht ohne Warnung. Darüber hinaus verkündet Er ihm die frohe Botschaft (vgl. 2:256; 4:60, 76; 27:36). Diese höchstmögliche frohe Botschaft soll unser Prophet (a.s.s.) den aufrichtigen Dienern <em>Allā</em> hs übermitteln, deren Eigenschaft es ist, das Gute, das sie hören, zu begreifen und anzunehmen. (vgl. 10:62-64 und die Anmerkung dazu). Wer dem Weg der Reinheit und Rettung nicht folgt, dem wird die Vernunft, mit der <em>Allā</em> h (t) ihn ausgestattet hat, entzogen. (ÜB) (vgl. 23:96 und die Anmerkung dazu). Ist denn der, gegen den das Strafurteil fällig geworden ist (in der Lage, sich zu retten)? Kannst du etwa den retten, der im Feuer ist? (39:19) Für die jedoch, die ihren Herrn fürchten, sind Hochgemächer über Hochgemächer erbaut, unter denen Bäche fließen. (Dies ist) eine Verheißung <em>Allāhs</em> - <em>Allāh</em> bricht Sein Versprechen nicht. (39:20) 39:19-20 - Dieser Versblock enthält die beiden Merkmale der Botschaft: Die Warnung und die frohe Botschaft zugleich. Die Kommentatoren erklären, dass mit dem Wort <strong>\"Hochgemächer\"</strong> Paläste gemeint sind. Das Paradies besteht also aus verschiedenen Palästen dieser Art, die in verschiedenen Ebenen gebaut sind (vgl. 29:58; 34:37). Diese hohen Bauten vermitteln den Eindruck von großzügigen Räumlichkeiten und architektonischer Schönheit. So wird <em>Allā</em> hs Versprechen in allen Einzelheiten schöner und besser erfüllt, als wir uns jemals vorstellen können. Hast Du nicht gesehen, dass <em>Allāh</em> Wasser vom Himmel niedersendet und es als Quelladern in die Erde eindringen lässt und dadurch Gewächs hervorbringt, das mannigfaltig an Farben ist? Dann wird es reif, und du siehst es gelb werden; dann lässt Er es in Stücke zerbrechen. Hierin liegt wahrlich eine Mahnung für Leute von Verstand. (39:21) Ist denn der, dem <em>Allāh</em> die Brust für den Islam geweitet hat, so dass er ein Licht von seinem Herrn empfängt (einem Ungläubigen gleich)? Wehe darum denjenigen, deren Herzen vor dem Gedenken <em>Allāhs</em> verhärtet sind! Sie sind es, die sich in einem offenkundigen Irrtum befinden. (39:22)</p>\n<p><em>Tafsīr</em> Al-Qur’<em>ān</em> <em>Al-Karīm</em></p>",
    "timestamp": "2025-12-20T14:27:52.303336+00:00",
    "version": "1.0",
    "copyright": {
      "author": "Muhammad Ibn Ahmad Ibn Rassoul",
      "publisher": "IB Verlag Islamische Bibliothek",
      "edition": "41. Auflage",
      "title": "Tafsīr Al-Qur'ān Al-Karīm"
    }
  },
  {
    "key": "de_tafsir-al-azhar",
    "verse_key": "39:21",
    "verses": [
      "39:21"
    ],
    "text": "<p>Damit ist sowohl der Prophet (a.s.s.) als auch jeder Leser angesprochen. Der Wasserkreislauf, bei dem der Regen von den Wolken fällt, von der Erde absorbiert wird und durch Flüsse und unterirdische Wasserläufe wieder zum Meer fließt, um von da aus zu verdunsten und Wolken zu bilden, wurde bereits in 25:53 ausführlich erläutert. Hier wird unsere Aufmerksamkeit auf einen Teil dieses Vorganges gelenkt. Der Regen befruchtet die Erde mit den darin befindlichen Samen. Pflanzen verschiedener Art entstehen daraus. Die Ernte reift heran und wird eingebracht. Die Pflanzen welken und vertrockenen. Menschen und Tiere werden ernährt. Dann beginnt der Kreislauf wieder von vorn. Ein vernünftiger Mensch lernt daraus, dass alles Leben in dieser Welt vergänglich ist. Jedem Frühling folgt ein Herbst; jeder Jugend folgt Alter und Tod; jedem Aufstieg folgt ein Fall. Diese Welt sollte also den Menschen nicht dazu verleiten, <em>Allā</em> h (t) zu vergessen und nicht mehr an das zukünftige Leben zu denken und sich so zu verhalten, dass er dieses zerstört, nur um die kurzlebigen Freuden dieser Welt zu genießen. Darüber hinaus erfährt der vernünftige Mensch aus diesem Phänomenen, dass Frühling und Herbst in dieser Welt unter <em>Allā</em> hs Kontrolle stehen: Er lässt wachsen und gedeihen, was er will, und Er lässt zerfallen, was Er will. Niemand ist in der Lage, dies zu verändern. (ÜB)</p>",
    "timestamp": "2025-12-20T14:27:52.303336+00:00",
    "version": "1.0",
    "copyright": {
      "author": "Muhammad Ibn Ahmad Ibn Rassoul",
      "publisher": "IB Verlag Islamische Bibliothek",
      "edition": "41. Auflage",
      "title": "Tafsīr Al-Qur'ān Al-Karīm"
    }
  },
  {
    "key": "de_tafsir-al-azhar",
    "verse_key": "39:22",
    "verses": [
      "39:22"
    ],
    "text": "<p>Das <strong>\"Öffnen\"</strong> oder <strong>\"Weiten\"</strong> der Brust bedeutet in der Tat, dass keine Zweifel, kein Misstrauen, keine Sorgen oder Ängste zurückbleiben. Er stellt voller Zufriedenheit fest, dass es die Wahrheit ist, und es bleibt ihm nicht anderes übrig, als ihr zu folgen, was immer die Konsequenzen sein mögen: er akzeptiert <em>Allā</em> hs Offenbarung und die Sunna Seines Gesandten, als ob es Stimmen aus seinem eigenen Inneren wären. Wenn er verbotene Dinge aufgibt, fühlt er dahinter keinen Zwang; denn er ist davon überzeugt, dass sie ihm nichts einbringen; ein Verlust wäre es eher, wenn er <em>Allā</em> hs Gnade verlieren würde. <em>Allā</em> h (t) erleuchtet die Herzen derer, von denen Er weiß, dass es Gutes darin gibt, und verbindet sie mit Seinem Licht. Der Unterschied zwischen diesen Herzen und denen, die versteinert sind, ist gewaltig. Im Licht der Kenntnis der Offenbarung und der Sunna des Propheten (a.s.s.), mit deren Hilfe bei jedem Schritt deutlich wird, wie unter den zahllosen Pfaden des Lebens der Weg der Wahrheit weitergeht. (ÜB) <em>Allāh</em> hat die schönste Botschaft, ein Buch, herabgesandt, eine sich gleichartig wiederholende Schrift, vor der denen, die ihren Herrn fürchten, die Haut erschauert; dann erweicht sich ihre Haut und ihr Herz zum Gedenken <em>Allāhs</em>. Das ist die Führung <em>Allāhs</em>; Er leitet damit recht, wen Er will. Und der, den <em>Allāh</em> zum Irrenden erklärt, wird keinen Führer haben. (39:23)</p>",
    "timestamp": "2025-12-20T14:27:52.303336+00:00",
    "version": "1.0",
    "copyright": {
      "author": "Muhammad Ibn Ahmad Ibn Rassoul",
      "publisher": "IB Verlag Islamische Bibliothek",
      "edition": "41. Auflage",
      "title": "Tafsīr Al-Qur'ān Al-Karīm"
    }
  },
  {
    "key": "de_tafsir-al-azhar",
    "verse_key": "39:23",
    "verses": [
      "39:23"
    ],
    "text": "<p><strong>\"... eine sich gleichartig wiederholende Schrift\"</strong> kann hier in demselben Sinne verstanden werden wie in 3:7. Der Qur’<em>ā</em> n wurde in einzelnen Teilen zu verschiedenen Zeiten offenbart. Dennoch stimmen alle seine Teile miteinander überein. Es gibt nirgendwo im Qur’<em>ā</em> n Disharmonie oder einen Widerspruch. Vom Anfang bis zum Ende verkündet der Qur’<em>ā</em> n dieselbe Zielsetzung, denselben Glauben und dasselbe System für Gedanken und Handlungen, dass der Leser beim öffnen irgeind eines Teils von ihm sofort versteht, was sein Schöpfer von ihm haben will (vgl. dazu die Einleitung zu diesem Buch). Jeder Teil bestätigt und erläutert thematisch den anderen, und in Sinn und Stil herrscht völlige Übereinstimmung (vgl. 15:87). Dies bezieht sich auf allen Lehren des Qur’<em>ā</em> n, beispielsweise: Gebote, Verbote, Pflichten, Rechte, Lohn, Strafe, Paradies, Feuer, Licht und Finsternis. Zum inneren Aufbau des Qur’<em>ā</em> n vgl. 4:82; 25:32. Die Gläubigen, deren Herzen sich für <em>Allā</em> hs Worte erweichen, werden von <em>Allā</em> hs Liebe und Gnade erfüllt (vgl. 16:93; 14:4).</p>\n<p><em>Tafsīr</em> Al-Qur’<em>ān</em> <em>Al-Karīm</em> Ist denn der, der mit seinem Angesicht vor der schrecklichen Strafe am Tage der Auferstehung Schutz sucht, (dem gleich, der hochmütig ist)? Und zu den Ungerechten wird gesprochen werden: ”Kostet nun, was ihr verdientet.“ (39:24) Es leugneten jene, die vor ihnen waren; da kam die Strafe über sie, als sie es nicht ahnten. (39:25) Und <em>Allāh</em> ließ sie im irdischen Leben Schande kosten; doch die Strafe im Jenseits wird gewiss größer sein, wenn sie es nur wüssten! (39:26)</p>",
    "timestamp": "2025-12-20T14:27:52.303336+00:00",
    "version": "1.0",
    "copyright": {
      "author": "Muhammad Ibn Ahmad Ibn Rassoul",
      "publisher": "IB Verlag Islamische Bibliothek",
      "edition": "41. Auflage",
      "title": "Tafsīr Al-Qur'ān Al-Karīm"
    }
  },
  {
    "key": "de_tafsir-al-azhar",
    "verse_key": "39:24",
    "verses": [
      "39:24"
    ],
    "text": "<p>Können solche hilflosen Menschen auch nur einen Augenblick mit Menschen verglichen werden, die die Gnade <em>Allā</em> hs empfangen haben und vor allem Schaden sicher sind? Gewiss nicht. Die Übeltäter sollen die Früchte ihrer Taten ernten, und die Wohltäter sollen die Gnade ihres Herrn empfangen.</p>",
    "timestamp": "2025-12-20T14:27:52.303336+00:00",
    "version": "1.0",
    "copyright": {
      "author": "Muhammad Ibn Ahmad Ibn Rassoul",
      "publisher": "IB Verlag Islamische Bibliothek",
      "edition": "41. Auflage",
      "title": "Tafsīr Al-Qur'ān Al-Karīm"
    }
  },
  {
    "key": "de_tafsir-al-azhar",
    "verse_key": "39:25",
    "verses": [
      "39:25"
    ],
    "text": "<p>Die Generationen vor den zeitgenössischen Ungläubigen verleugneten die Gesandten ihres Zeitalters (vgl. 16:26).</p>",
    "timestamp": "2025-12-20T14:27:52.303336+00:00",
    "version": "1.0",
    "copyright": {
      "author": "Muhammad Ibn Ahmad Ibn Rassoul",
      "publisher": "IB Verlag Islamische Bibliothek",
      "edition": "41. Auflage",
      "title": "Tafsīr Al-Qur'ān Al-Karīm"
    }
  },
  {
    "key": "de_tafsir-al-azhar",
    "verse_key": "39:26",
    "verses": [
      "39:26"
    ],
    "text": "<p>Wenn es ihnen hier eine Zeitlang gut geht, dann denken sie gleich, sie könnten den wahren Folgen im zukünftigen Leben entgehen. Wenn sie jedoch hier ein bisschen Schaden erleiden, dann glauben sie, das würde einen Ausgleich für die Strafe bilden, der sie dann im zukünftigen Leben entgehen. Beide Vorstellungen sind falsch (vgl. 16:26). Sie haben den Untergang früherer Nationen vor Augen und hätten die Möglichkeit gehabt, aus ihren Erfahrungen zu lernen (ÜB) (vgl. 2:114 und die Anmerkung dazu). Und wahrlich, Wir haben den Menschen in diesem Qur’<em>ā</em> n allerlei Gleichnisse geprägt, auf dass sie sich ermahnen lassen. (39:27) (Wir haben ihn) als einen arabischen Qur’<em>ā</em> n (herabgesandt), an dem nichts ist, was (vom geraden Weg) abweichen würde, auf dass sie gottesfürchtig sein mögen. (39:28) <em>Allāh</em> prägt ein Gleichnis von einem Mann, der mehreren Herren gehört, die unter sich im Zwiespalt sind, und (von) einem Mann, der einem einzigen Herrn gehört. Sind sie beide einander gleich? Alles Lob gebührt <em>Allāh</em>. Jedoch die meisten von ihnen wissen es nicht. (39:29) Wahrlich, du wirst sterben und auch sie werden sterben (39:30); dann, am Tage der Auferstehung, werdet ihr wahrlich vor eurem Herrn miteinander streiten. (39:31)</p>",
    "timestamp": "2025-12-20T14:27:52.303336+00:00",
    "version": "1.0",
    "copyright": {
      "author": "Muhammad Ibn Ahmad Ibn Rassoul",
      "publisher": "IB Verlag Islamische Bibliothek",
      "edition": "41. Auflage",
      "title": "Tafsīr Al-Qur'ān Al-Karīm"
    }
  },
  {
    "key": "de_tafsir-al-azhar",
    "verse_key": "39:27",
    "verses": [
      "39:27"
    ],
    "text": "<p>Die Zielsetzung des Qur’<em>ā</em> n besteht nicht darin, Geschichten zu erzählen, sondern Lehren voller Weisheit zu vermitteln, um Menschen zu ermahnen.</p>",
    "timestamp": "2025-12-20T14:27:52.303336+00:00",
    "version": "1.0",
    "copyright": {
      "author": "Muhammad Ibn Ahmad Ibn Rassoul",
      "publisher": "IB Verlag Islamische Bibliothek",
      "edition": "41. Auflage",
      "title": "Tafsīr Al-Qur'ān Al-Karīm"
    }
  },
  {
    "key": "de_tafsir-al-azhar",
    "verse_key": "39:28",
    "verses": [
      "39:28"
    ],
    "text": "<p>Offenbarungen früherer Generationen erfolgten in anderen Sprachen. Diese Offenbarung, der Qur’<em>ā</em> n, kam nun in Arabien herab in arabischer Sprache, der Landessprache, die jeder verstehen konnte. Es ist eine schöne Sprache, geradlinig und geschmeidig und angemessen als Träger feinster Wahrheiten (vgl. 18:1; 7:45; 19:36). Diese arabische Schrift ist die Wahrheit unseres Erhabenen Schöpfers, die keinen Fehler, keinen Zweifel oder Widerspruch hat (vgl. 12:2; 13:37; 14:4; 41:44).</p>",
    "timestamp": "2025-12-20T14:27:52.303336+00:00",
    "version": "1.0",
    "copyright": {
      "author": "Muhammad Ibn Ahmad Ibn Rassoul",
      "publisher": "IB Verlag Islamische Bibliothek",
      "edition": "41. Auflage",
      "title": "Tafsīr Al-Qur'ān Al-Karīm"
    }
  },
  {
    "key": "de_tafsir-al-azhar",
    "verse_key": "39:29",
    "verses": [
      "39:29"
    ],
    "text": "<p>Derjenige, der mehreren Herren gehört, ist in einer Lage, die zu seiner Verwirrung führt. Der andere dient nur einem Herrn. Sein Herr ist gut und tut alles in seiner Macht Stehende für seinen Diener; der Diener seinerseits konzentriert seine Aufmerksamkeit auf seinen Dienst, ist selbst glücklich und versieht seine Arbeit effektiv. Beide Fälle sind nicht gleich. Denn niemand</p>\n<p><em>Tafsīr</em> Al-Qur’<em>ān</em> <em>Al-Karīm</em> kann zwei Herren dienen, ganz zu schweigen von mehreren. 39:30-31 - Alle Menschen, einschließlich des Propheten (a.s.s.), müssen sterben; denn der Prophet ist auch ein Mensch. Es gibt jedoch ein Leben nach dem Tode, wo alle unerklärten Dinge, um die sich Menschen in dieser Welt gestritten haben, in <em>Allā</em> hs Gegenwart aufgeklärt werden. (vgl. 21:34-35 und die Anmerkung dazu). Wer begeht also ein größeres Unrecht als einer, der Lügen gegen <em>Allāh</em> vorbringt, oder einer, der die Wahrheit verwirft, wenn sie zu ihm kommt? Ist nicht in <em>Ǧ</em> ahannam eine Herberge für die Ungläubigen? (39:32) Und der, der die Wahrheit bringt, und (der, der) sie annimmt - das sind die Gottesfürchtigen. (39:33) Sie werden alles, was sie wünschen, bei ihrem Herrn haben. Das ist der Lohn derer, die Gutes tun (39:34); auf dass <em>Allāh</em> von ihnen das Schlimmste hinwegnehme von dem, was sie getan haben, und ihnen ihren Lohn gebe gemäß dem Besten, das sie zu tun pflegten. (39:35)</p>",
    "timestamp": "2025-12-20T14:27:52.303336+00:00",
    "version": "1.0",
    "copyright": {
      "author": "Muhammad Ibn Ahmad Ibn Rassoul",
      "publisher": "IB Verlag Islamische Bibliothek",
      "edition": "41. Auflage",
      "title": "Tafsīr Al-Qur'ān Al-Karīm"
    }
  },
  {
    "key": "de_tafsir-al-azhar",
    "verse_key": "39:32",
    "verses": [
      "39:32"
    ],
    "text": "<p>Diese Lügen gegen <em>Allā</em> h (t) beziehen sich auf alle unwahren Vorstellungen. Die Frageform deutet an, dass nichts anderes als <em>Ǧ</em> ahannam ein Ort der Strafe sein wird. 39:33-35 - Dies gilt für den Propheten (a.s.s.) und alle rechtschaffenen Menschen. Jeder, der die Wahrheit verkündet und den Menschen die Zeichen <em>Allā</em> hs näherbringt, erfüllt die Pflichten eines aufrechten und edlen Lebens. Jeder, der einen solchen Lehrer unterstützt, tut ebenso seine Pflicht und befindet sich auf dem richtigen Weg. In der Zeit der Unwissenheit vor dem Islam (arab.: <em>Ǧāhiliyya</em>) hatten einige derer, die jetzt dem Propheten nachfolgten, die schwersten Fehler begangen. Nachdem sie die Wahrheit anerkannt hatten, hatten sie nicht nur davon Abstand genommen, sondern auch äußerst wertvolle Dienste geleistet. <em>Allā</em> h (t) verspricht ihnen hier Seine Vergebung für das Vergangene und Seinen Lohn für die besten ihrer Handlungen. (ÜB) Genügt <em>Allāh</em> Seinem Diener nicht? Und doch möchten sie dich mit jenen außer Ihm in Furcht versetzen. Und für einen, den <em>Allāh</em> zum Irrenden erklärt, gibt es keinen Führer. (39:36) Und für einen, den <em>Allāh</em> rechtleitet, gibt es keinen, der ihn irreführen könnte. Ist <em>Allāh</em> nicht Erhaben und Mächtig, um Vergeltung zu nehmen? (39:37) Und wenn du sie fragst: ”Wer erschuf die Himmel und die Erde?“, so werden sie sicher sagen: ”<em>Allāh</em>.“ Sprich: ”Seht ihr denn, was ihr außer <em>Allāh</em> anruft? Wenn <em>Allāh</em> mir Schaden zufügen will, können sie (dann) den Schaden entfernen? Oder wenn Er mir Barmherzigkeit erweisen will, können sie (dann) Seine Barmherzigkeit verhindern?“ Sprich: ”<em>Allāh</em> genügt mir. Auf Ihn vertrauen die Vertrauenden.“ (39:38) Sprich: ”O mein Volk, handelt eurem Standpunkt gemäß, (auch) ich werde (entsprechend) handeln; (bald aber) werdet ihr erfahren (39:39), über wen eine Strafe kommt, die ihn schänden wird, und auf wen eine ewige Strafe niederfährt.“ (39:40) 39:36-37 - Der rechtschaffene Mensch wird bei <em>Allā</em> h (t) sowohl Schutz als auch Ruhe, Frieden und Glück finden. 39:38-40 - Die makkanischen Götzendiener erfuhren von der Existenz <em>Allā</em> hs durch die Lehre Abrahams, des Erbauers der Al-Ka‘ba, die in Makka vor ihren Augen steht (vgl. 29:61; 23:85). Sie verehrten nach ihren eigenen Angaben Nebengötter als Vermittler zu <em>Allā</em> h (t). Deshalb, wenn</p>\n<p><em>Tafsīr</em> Al-Qur’<em>ān</em> <em>Al-Karīm</em> ihnen diese Frage gestellt würde, dann würden sie sagen: <strong>\"<em>Allā</em> h\"</strong>, weil ihre falschen Götter nichts erschaffen können. Außerdem beruht ihre Abgötterei auf überlieferten Bräuchen ihrer Vorväter (vgl. 31:25; ferner 11:121; 12:67; 14:12; 33:17 und die Anmerkung dazu). Wahrlich, Wir haben dir das Buch mit der Wahrheit für die Menschen herabgesandt. Wer dann rechtgeleitet ist, der ist es zu seinem eigenen Besten; und wer irregeht, der geht dann irre zu seinem (eigenen) Schaden. Und du bist nicht ihr Sachwalter. (39:41) <em>Allāh</em> nimmt die Seelen (der Menschen) zur Zeit ihres Sterbens (zu Sich) und (auch die Seelen) derer, die nicht gestorben sind, wenn sie schlafen. Dann hält Er die zurück, über die Er den Tod verhängt hat, und schickt die anderen (wieder) bis zu einer bestimmten Frist (ins Leben zurück). Hierin sind sicher Zeichen für Leute, die nachdenken. (39:42)</p>",
    "timestamp": "2025-12-20T14:27:52.303336+00:00",
    "version": "1.0",
    "copyright": {
      "author": "Muhammad Ibn Ahmad Ibn Rassoul",
      "publisher": "IB Verlag Islamische Bibliothek",
      "edition": "41. Auflage",
      "title": "Tafsīr Al-Qur'ān Al-Karīm"
    }
  },
  {
    "key": "de_tafsir-al-azhar",
    "verse_key": "39:41",
    "verses": [
      "39:41"
    ],
    "text": "<p>Das Buch, der Qur’<em>ā</em> n, wurde in aller Wahrheit auf <em>Muḥ</em> ammad, <em>Allā</em> hs Segen und Friede auf ihm, herabgesandt, und zwar als Rechtleitung für alle Menschen. Dieser Vers betont damit die Universalität der Botschaft. Wer nun dieser Rechtleitung folgt, der tut es zu seinem Besten, und wer sie ablehnt, der fügt <em>Allā</em> h (t) keinen Schaden zu; denn wir Menschen sind von Ihm abhängig, und Er ist auf keinen von uns angewiesen (vgl. 112:1ff.). <em>Muḥ</em> ammad (a.s.s.) ist Verkünder und erfüllt seine Aufgabe als Prophet, nicht jedoch als Sachwalter und Kontrolleur über die Taten der Menschen. Demnach hat er weder Verfügungsgewalt über sie noch trägt er die Verantwortung für sie (vgl. 6:107).</p>",
    "timestamp": "2025-12-20T14:27:52.303336+00:00",
    "version": "1.0",
    "copyright": {
      "author": "Muhammad Ibn Ahmad Ibn Rassoul",
      "publisher": "IB Verlag Islamische Bibliothek",
      "edition": "41. Auflage",
      "title": "Tafsīr Al-Qur'ān Al-Karīm"
    }
  },
  {
    "key": "de_tafsir-al-azhar",
    "verse_key": "39:42",
    "verses": [
      "39:42"
    ],
    "text": "<p>Die Seele ist das Geheimnis der Schöpfung; sie wohnt solange im menschlichen Körper, bis <em>Allā</em> h (t) sie abberuft. In poetischer Sprache ist der Schlaf der <strong>\"Zwillingsbruder des Todes\"</strong>, während dessen Dauer unsere Seelen aus der Gefangenschaft des Körpers befreit werden. <em>Allā</em> h (t) nimmt sie vorübergehend zu Sich. Wenn wir, wie es einigen Menschen ergeht, friedlich im Schlaf sterben sollen, dann kehren unsere Seelen nicht in ihren physischen Körper zurück. Wenn wir nach <em>Allā</em> hs Willen noch eine Lebensspanne zu erfüllen haben, kehrt die Seele in den Körper zurück, und wir nehmen die Funktionen dieses Lebens wieder auf (vgl. 6:60). Oder haben sie etwa statt <em>Allāh</em> Fürsprecher genommen? Sprich: ”Selbst wenn sie keine Macht über irgendetwas besitzen und keinen Verstand?“ (39:43) Sprich: ”Alle Fürsprache gehört <em>Allāh</em>. Sein ist das Königreich der Himmel und der Erde. Und zu Ihm werdet ihr zurückgebracht.“ (39:44) Und wenn <em>Allāh</em> als Einziger genannt wird, dann krampfen sich die Herzen derer, die nicht an das Jenseits glauben, in Widerwillen zusammen; werden aber die genannt, die statt Ihm (verehrt werden), siehe, dann beginnen sie zu frohlocken. (39:45) 39:43-45 - Die vielen Religionen und Sekten nennen ihre eigenen <strong>\"Heiligen\"</strong>, von denen manche Menschen Fürsprache erwarten. Derartige Verhaltensweise hat zwei gravierende Irrtümer: Der erste Irrtum besteht darin, dass es in der Wirklichkeit keine <strong>\"Heiligen\"</strong> gibt; denn Alleinheilig ist <em>Allā</em> h. Der zweite Irrtum besteht darin, dass <em>Allā</em> h allein Derjenige ist, Der die Erlaubnis zur Fürsprache erteilt. Aus diesem Grund lehnt der Qur’<em>ā</em> n jede andere Fürsprache ab. Diese Frage hier ist lediglich als Tadel und Spott zu verstehen (vgl. 2:255; 10:3; 20:109; 21:28). Am Ende der diesseitigen Welt werden wir zu <em>Allā</em> hs Rechenschaft gebracht; hier dann helfen die falschen Fürsprecher überhaupt nicht (vgl. 10:4). Sprich: ”O <em>Allāh</em>! Schöpfer der Himmel und der Erde! Kenner des Verborgenen und des</p>\n<p><em>Tafsīr</em> Al-Qur’<em>ān</em> <em>Al-Karīm</em> Offenbaren! Du allein wirst zwischen Deinen Dienern richten über das, worüber sie uneins waren.“ (39:46) Besäßen diejenigen, die gefrevelt haben, auch alles, was auf Erden ist, und noch einmal soviel dazu, würden sie sich gewiss damit von der schlimmen Strafe am Tage der Auferstehung loskaufen wollen; aber es wird ihnen von <em>Allāh</em> das erscheinen, mit dem sie nimmermehr gerechnet haben. (39:47) Und das Böse dessen, was sie gewirkt haben, wird ihnen deutlich werden, und es wird sie das umschließen, worüber sie zu spotten pflegten. (39:48)</p>",
    "timestamp": "2025-12-20T14:27:52.303336+00:00",
    "version": "1.0",
    "copyright": {
      "author": "Muhammad Ibn Ahmad Ibn Rassoul",
      "publisher": "IB Verlag Islamische Bibliothek",
      "edition": "41. Auflage",
      "title": "Tafsīr Al-Qur'ān Al-Karīm"
    }
  },
  {
    "key": "de_tafsir-al-azhar",
    "verse_key": "39:46",
    "verses": [
      "39:46"
    ],
    "text": "<p>Die meisten Menschen stimmen nicht überein in vielen Dingen. Unter den vielen Religionen, die allein den Wahrheitsgehalt für ihre Irrlehre in Anspruch nehmen, gibt es ferner zahlreiche Sekten, Gruppierungen, Untergruppierungen und Nebengruppierungen in einem Wirrwarr von Unwahrheiten und Vorschriften, die <em>Allā</em> h (t) über uns zornig machen. Allein über die, oben in 39:43-45 erwähnte falsche Fürsprache sind sie nicht im Klaren, auch dann, wenn die Offenbarung die Korrektur erklärt. Diese unerfreuliche Lage unter den Menschen ist <em>Allā</em> h (t), Schöpfer der Himmel und der Erde und Kenner des Verborgenen und des Offenbaren, bekannt. Er wird der gerechte Richter am Tage der Rechenschaft über all das sein, worüber die Menschen uneins waren. 39:47-48 - Unter den Streitenden wird es Frevler geben, die die ganze Misere verursacht haben. Dafür werden sie bestraft und können gar nichts mehr tun, um dieser Bestrafung umzugehen, auch dann, wenn sie bereit wären, alles, was auf Erden ist, und noch einmal soviel dazu, herzugeben, um sich damit loszukaufen. (vgl. 3:91; 13:18 und die Anmerkung dazu). Wenn nun den Menschen ein Schaden trifft, so ruft er Uns an. Dann aber, wenn Wir ihm Unsere Gnade zuteil werden lassen, sagt er: ”Dies wurde mir nur auf Grund (meines) Wissens gegeben.“ Nein, es ist bloß eine Prüfung; jedoch die meisten von ihnen wissen es nicht. (39:49) Die vor ihnen waren, sprachen auch schon so, doch all das, was sie erworben hatten, nutzte ihnen nichts. (39:50) Und das Böse dessen, was sie gewirkt hatten, erfasste sie. Und diejenigen unter ihnen, die Unrecht getan haben, wird (auch) das Böse dessen, was sie gewirkt haben, erfassen; und sie können sich diesem nicht entziehen. (39:51) Wissen sie nicht, dass <em>Allāh</em> dem die Mittel zum Unterhalt erweitert und beschränkt, dem Er will? Wahrlich, hierin liegen Zeichen für Leute, die glauben. (39:52) 39:49-50 - In ihrer Unwissenheit glauben manche Menschen, jemand, der von <em>Allā</em> h (t) beschenkt wird, habe dies verdient, während in der Tat <em>Allā</em> hs Gaben eine Prüfung sind. Dies ist leider die Verhaltensweise vieler Menschen, mit Ausnahme der rechtschaffenen Diener <em>Allā</em> hs (vgl. dazu 30:33; ferner 7:189-190; 28:78 und die Anmerkung dazu).</p>",
    "timestamp": "2025-12-20T14:27:52.303336+00:00",
    "version": "1.0",
    "copyright": {
      "author": "Muhammad Ibn Ahmad Ibn Rassoul",
      "publisher": "IB Verlag Islamische Bibliothek",
      "edition": "41. Auflage",
      "title": "Tafsīr Al-Qur'ān Al-Karīm"
    }
  },
  {
    "key": "de_tafsir-al-azhar",
    "verse_key": "39:51",
    "verses": [
      "39:51"
    ],
    "text": "<p>Es ist leider dieselbe Geschichte vergangener Epochen und Generationen. Menschen verspotten die Wahrheit, verfolgen sie und versuchen, sie zu vernichten. <em>Allā</em> hs Plan kann jedoch nicht unwirksam gemacht werden. Er wird durchgeführt, und die Feinde der Wahrheit führen nur ihren eigenen Untergang herbei. So geschah es dereinst in Arabien, und so geschieht es immer wieder und überall. (ÜB) (vgl. 16:34 und die Anmerkung dazu).</p>",
    "timestamp": "2025-12-20T14:27:52.303336+00:00",
    "version": "1.0",
    "copyright": {
      "author": "Muhammad Ibn Ahmad Ibn Rassoul",
      "publisher": "IB Verlag Islamische Bibliothek",
      "edition": "41. Auflage",
      "title": "Tafsīr Al-Qur'ān Al-Karīm"
    }
  },
  {
    "key": "de_tafsir-al-azhar",
    "verse_key": "39:52",
    "verses": [
      "39:52"
    ],
    "text": "<p><em>Allāh</em> (t) versorgt alle Lebewesen: Menschen, Tiere, Vögel, Insekten usw. nach einem weisen Plan von Ihm. Seine Gaben an die Menschen werden jedem gegeben - einigen vielleicht in</p>\n<p><em>Tafsīr</em> Al-Qur’<em>ān</em> <em>Al-Karīm</em> größerem Maße als die anderen, um die Menschen dazu zu bewegen, auf einander angewiesen zu sein und die soziale Bindung unter ihnen aufrecht zu erhalten. Der unterbemittelte wird in den Dienst der Reichen eingestellt, und der Reiche wird dazu verpflichtet, einen Teil seines Vermögens an die Armen abzuführen, nicht als freiwillige milde Gabe von ihm, sondern als verbrieftes Recht der Armen. Wer seine derartige Pflicht nicht erfüllt, der begeht einen groben Fehler <em>Allāh</em> gegenüber, und dafür wird er zur Rechenschaft gezogen. Niemand sollte deswegen in guten Zeiten stolz oder in schlechten niedergeschlagen sein. Wohlstand bedeutet nicht unbedingt ein Verdienst seitens des Menschen und Unglück nicht das Gegenteil. (vgl. 28:82 und die Anmerkung dazu). Sprich: ”O Meine Diener, die ihr euch gegen eure eigenen Seelen vergangen habt, verzweifelt nicht an <em>Allāhs</em> Barmherzigkeit; denn <em>Allāh</em> vergibt alle Sünden; Er ist der Allverzeihende, der Barmherzige. (39:53) Und kehrt euch zu eurem Herrn, und ergebt euch Ihm, bevor die Strafe über euch kommt; (denn) dann werdet ihr keine Hilfe finden. (39:54) Und folgt dem Besten, das zu euch von eurem Herrn herabgesandt wurde, bevor die Strafe unversehens über euch kommt, während ihr es nicht merkt (39:55), damit nicht etwa einer spreche: »O wehe mir um dessentwillen, was ich gegenüber <em>Allāh</em> versäumte! Denn wahrlich, ich gehörte zu den Spöttern« (39:56); oder damit nicht etwa einer spreche: »Hätte mich <em>Allāh</em> rechtgeleitet, so wäre auch ich unter den Gottesfürchtigen gewesen« (39:57); oder damit nicht einer spreche, wenn er die Strafe sieht: »Gäbe es für mich doch eine Wiederkehr, dann wollte ich unter denen sein, die Gutes tun.«“ (39:58) ”Nein; es kamen zu dir Meine Zeichen, aber du verwarfst sie, und du warst hochmütig und warst einer der Ungläubigen.“ (39:59) 39:53-59 - Angesprochen ist hier sowohl <em>Muḥ</em> ammad, <em>Allā</em> hs Segen und Friede auf ihm, als auch alle anderen Menschen zu allen Orten und Zeiten. Die Bezeichnung <strong>\"Meine Diener\"</strong> bildet hier eine Ausnahme von der üblichen qur’<em>ā</em> nischen Sprache und bezieht sich nicht nur auf die Gläubigen, sondern auch auf die Ungläubigen als Geschöpfe des Erhabenen (vgl. 6:54; 4:110). Dies ist die unendliche Barmherzigkeit, die alles umfasst, was es auch sei, eine Einladung zur Umkehr und Hoffnung. Denn <em>Allā</em> h (t) kennt die Schwäche Seiner Geschöpfe. Die Tür zur Vergebung ist also offen für jeden Menschen. Dafür gibt es keinen Vermittler zum Sündenerlaß wie bei der katholischen Kirche. (vgl. 2:34, 167; 4:110; 6:54; 6:27-28; 23:99-100; 26:102 und die Anmerkung dazu). Und am Tage der Auferstehung wirst du diejenigen, die über <em>Allāh</em> logen, mit geschwärzten Gesichtern sehen. Ist nicht in <em>Ǧ</em> ahannam ein Aufenthalt für die Hochmütigen? (39:60) Und <em>Allāh</em> wird diejenigen retten, die (Ihn) fürchteten, und ihnen Erfolg (verleihen). Weder wird sie das Übel berühren, noch werden sie trauern. (39:61) 39:60-61 - Nach der frohen Botschaft in 39:53-59 oben, folgt nun die Warnung. In diesem Versblock handelt es sich um die bekannte Parallelität des Qur’<em>ā</em> n. D.h., dass jedesmal, wenn <em>Allā</em> h (t) von der Belohnung der rechtschaffenen Diener im Paradies spricht (vgl. 38:49-54), berichtet Er von der Bestrafung der Ungläubigen, und zwar aus dem Prinzip der Barmherzigkeit und der Gerechtigkeit zugelich, weil die Botschaft stets diese Eigenschaft hat: Als frohe Botschaft und als Warnung. (vgl. 2:106; 16:58 und die Anmerkung dazu).</p>\n<p><em>Tafsīr</em> Al-Qur’<em>ān</em> <em>Al-Karīm</em> <em>Allāh</em> ist der Schöpfer aller Dinge, und Er ist der Erhalter aller Dinge. (39:62) Sein sind die Schlüssel der Himmel und der Erde; und jene, die nicht an die Zeichen <em>Allāhs</em> glauben, sind die Verlierenden. (39:63) Sprich: ”Verlangt ihr von mir etwa, dass ich (etwas) anderes als <em>Allāh</em> anbete, ihr Toren?“ (39:64) (Dies) wo dir doch offenbart worden ist, wie schon denen vor dir: ”Wenn du (<em>Allāh</em>) Nebengötter zur Seite stellst, so wird sich dein Werk sicher als eitel erweisen, und du wirst gewiss unter den Verlierenden sein.“ (39:65) Nein, diene denn <em>Allāh</em> und sei einer der Dankbaren. (39:66) 39:62-63 - <em>Allā</em> h (t) ist nicht nur der Erschaffer aller Dinge, sondern darüber hinaus der Erhalter aller Dinge. (vgl. 17:2). Er besitzt die Schlüssel, d.h. den Zugang zu Seiner Schöpfung und erhält sie, sogar Seine Feinde, damit sie am Leben bleiben. Er öffnet für sie die Tore Seiner Barmherzigkeit zur Reue und Umkehr, damit Er ihnen alles vergibt. Wer nun Ihn als Schöpfer anerkennt und mit Seiner Versorgung rechnet, der hat für sich etwas gewonnen. Wer von diesem gütigen Angebot des Allerbarmers keinen Gebrauch machen will, der ist der wahre Verlierer. 39:64-65 - Damit ist unser Prophet <em>Muḥ</em> ammad, <em>Allā</em> hs Segen und Friede auf ihm, angesprochen. Denn die Götzendiener hatten ihm das Angebot gemacht, er solle ihre Götzen würdigen und anbeten. In diesem Fall würden sie als Gegenleistung ihrerseits auch <em>Allā</em> h (t) anbeten. Das ist eine ausgesprochene Torheit. (vgl. 5:6 und die Anmerkung dazu). Und sie haben <em>Allāh</em> nicht richtig nach Seinem Wert eingeschätzt. Und am Tage der Auferstehung wird die ganze Erde in Seinem Griff sein, und die Himmel werden in Seiner Rechten zusammengerollt sein. Preis (sei) Ihm! Hocherhaben ist Er über das, was sie anbeten. (39:67) 39:67: Eine Gruppe von den Juden kam einmal zum Propheten (a.s.s.) und fragte ihn: »<em>Allāh</em> hat alles erschaffen, aber wer hat <em>Allāh</em> erschaffen?« Da erzürnte der Prophet, <em>Allāhs</em> Segen und Friede auf ihm, dermaßen, dass sich seine Farbe änderte und er wütend auf sie losging. Doch Gabriel kam, beruhigte ihn und brachte ihm von <em>Allāh</em> die Antwort auf ihre Frage, nämlich die Sura Al-Iḫlāṣ (Nr. 112): ”Er ist <em>Allāh</em>, ein Einziger, <em>Allāh</em>, der Absolute, (Ewige, Unabhängige, von Dem alles abhängt). Er zeugt nicht und ist nicht gezeugt worden, und Ihm ebenbürtig ist keiner.“ Nachdem er ihnen dies vorgetragen hatte, fragten sie ihn weiter: »Dann beschreibe uns, wie Er aussieht, Seinen Unter- und Seinen Oberarm!« Da erzürnte der Prophet, <em>Allāhs</em> Segen und Friede auf ihm, noch mehr als das erste Mal und stürzte sich erneut auf sie, doch Gabriel beruhigte ihn wieder und brachte ihm von <em>Allāh</em> die Antwort mit diesem Qur’<em>ān-Vers</em>. Der Prophet <em>Muḥammad</em>, <em>Allāhs</em> Segen und Friede auf ihm, sagte: \"<em>Allāh</em> wird am Tag der Auferstehung die Himmel zusammenfalten und sie dann in Seine rechte Hand nehmen und sagen: >Ich bin der König. Wo sind denn die Gewaltigen? Wo sind die Hochmütigen?< Dann wird Er die Erde in Seiner linken Hand zusammenfalten und sagen: >Ich bin der König. Wo sind die Gewaltigen? Wo sind die Hochmütigen? (Mu) (vgl. 6:91; 21:104; 22:74; 81:1 und die Anmerkung dazu). Und in den <em>Ṣūr</em> wird gestoßen, und alle, die in den Himmeln sind, und alle, die auf Erden sind, werden tot niederstürzen; mit Ausnahme derjenigen, die <em>Allāh</em> (ausnehmen) will. Dann wird wiederum in den <em>Ṣūr</em> gestoßen, und siehe, da stehen sie auf und schauen zu. (39:68) Und die (Versammlungs-) Ebene wird erstrahlen im Lichte ihres Herrn, und das Buch wird vorgelegt, und die Propheten und die Zeugen werden herbeigebracht; und es wird zwischen</p>\n<p><em>Tafsīr</em> Al-Qur’<em>ān</em> <em>Al-Karīm</em> ihnen in Gerechtigkeit gerichtet werden, und sie sollen kein Unrecht erleiden. (39:69) Und jedem von ihnen wird voll vergolten werden, was er getan hat; und Er weiß am besten, was sie tun. (39:70)</p>",
    "timestamp": "2025-12-20T14:27:52.303336+00:00",
    "version": "1.0",
    "copyright": {
      "author": "Muhammad Ibn Ahmad Ibn Rassoul",
      "publisher": "IB Verlag Islamische Bibliothek",
      "edition": "41. Auflage",
      "title": "Tafsīr Al-Qur'ān Al-Karīm"
    }
  },
  {
    "key": "de_tafsir-al-azhar",
    "verse_key": "39:68",
    "verses": [
      "39:68"
    ],
    "text": "<p>In dieser Beschreibung geht es darum, dass mit dem ersten <em>Ṣūr-</em>Stoß (Posaunenstoß) am Tag des Jüngsten Gerichts alles Leben aufhört, und zwar mit Ausnahme dessen, was <em>Allā</em> h (t) aufrechterhält. Es wird einen neuen Himmel und eine neue Erde geben (vgl. 14:48). Beim zweiten <em>Ṣūr-</em>Stoß befinden sie sich in einer neuen Welt wieder. Sie werden weder benommen sein noch sind sie ohnmächtig, sondern schauen in vollem Bewusstsein zu. Hier dann stehen sie für die Rechenschaft bereit (vgl. 27:89; ferner 6:73; 18:99; 20:102-103; 21:103; 22:1; 23:101; 27:87-90 und die Anmerkung dazu). 39:69-70 - Wenn die Sonne und alle anderen Lichtquellen verschwunden sind, so bleibt das ewige Licht <em>Allā</em> hs, in dem die Versammlungs-Ebene erstrahlt, die sich am Tag der Auferstehung auf einer neuen Erde befindet (vgl. 14:48; 20:105-107). Das Verzeichnis der Taten wird offen vorgelegt (vgl. 17:13-4; 18:49) und die Zeugen stehen für die Aussage bereit (vgl. 4:41; 40:51). Hier in diesem göttlichen Gerichtsverfahren ist weder mit Irrtum noch mit Täuschung, sondern mit voller Gerechtigkeit zu rechnen. (vgl. 6:130; 17:14; 24:24; 36:65; 41:20ff.; 99:7-8 und die Anmerkung dazu). Und die Ungläubigen werden in Scharen zu <em>Ǧ</em> ahannam geführt werden, bis dass, wenn sie sie erreichen, sich ihre Pforten öffnen und ihre Wächter zu ihnen sprechen: ”Sind nicht Gesandte aus eurer Mitte zu euch gekommen, um euch die Verse eures Herrn zu verlesen und euch vor dem Eintreffen dieses euren Tages zu warnen?“ Sie werden sagen: ”Ja!“ Doch das Strafurteil ist in Gerechtigkeit gegen die Ungläubigen fällig geworden. (39:71) Es wird gesprochen werden: ”Geht denn ein durch die Pforten der <em>Ǧ</em> ahannam und bleibt darin auf ewig! Und übel ist die Wohnstatt der Hochmütigen.“ (39:72) 39:71-72 - Hier ist das Schlüsselwort, nach dem diese Sura <strong>\"In Scharen\"</strong> genannt ist. Die Tore der <em>Ǧ</em> ahannam öffnen sich bei ihrer Ankunft - wie die Tore eines Gefängnisses - und werden wieder geschlossen, sobald sie sich darin befinden. Die <strong>\"Wächter\"</strong> sind Engel, die die Pforten der Hölle hüten und das ganze überwachen (vgl. 10:33). Auf der Frage dieser Wächter erfolgt die Antwort anderer Wächter bzw. Scharen von Engeln (vgl. 2:34). Und jene, die ihren Herrn fürchteten, werden in Scharen in das Paradies geführt werden, bis dass, wenn sie es erreichen, seine Pforten sich öffnen und seine Wächter zu ihnen sprechen: ”Friede sei auf euch! Seid glücklich und geht dort ein und weilt auf ewig darin.“ (39:73) Sie werden sagen: ”Alles Lob gebührt <em>Allāh</em>, Der Seine Verheißung an uns erfüllt hat und uns die (Paradies-) Landschaft zum Erbe gegeben hat, so dass wir im Paradies wohnen können, wo immer es uns gefällt.“ Wie schön ist also der Lohn derer, die (dafür) vorgesorgt haben. (39:74) 39:73-74 - Die Rechtschaffenen gehen zwar in Scharen, nicht aber wie die Ungläubigen, die in <em>Ǧ</em> ahannam geführt werden (vgl. oben 39:71-72), sondern ins Paradies, dessen Pforten sich öffnen und seine Wächter, die Engel, zu ihnen mit freundlichen und glücklichen Worten sprechen (vgl. 38:51). Die genannte Aussage werden die Bewohner des Paradieses zu denjenigen sprechen, die</p>\n<p><em>Tafsīr</em> Al-Qur’<em>ān</em> <em>Al-Karīm</em> soeben im Paradies angekommen sind. Wie es sich gehört, beginnen sie mit <em>Allā</em> hs Lob, das sofort ihre Zufriedenheit und Dankbarkeit zum Ausdruck bringt (vgl. 3:180; 6:165; 10:9-10). In diesem Versblock handelt es sich um die bekannte Parallelität des Qur’<em>ā</em> n. D.h., dass jedesmal, wenn <em>Allā</em> h (t) von der Belohnung der rechtschaffenen Diener im Paradies spricht (vgl. 38:49-54), berichtet Er von der Bestrafung der Ungläubigen, und zwar aus dem Prinzip der Barmherzigkeit und der Gerechtigkeit zugelich, weil die Botschaft stets diese Eigenschaft hat: Als frohe Botschaft und als Warnung (vgl. oben 39:71-72). Und du wirst die Engel auf allen Seiten den Thron umgeben sehen, wo sie das Lob ihres Herrn preisen. Und es wird zwischen ihnen in Gerechtigkeit entschieden werden. Und es wird gesprochen werden: ”Alles Lob gebührt <em>Allāh</em>, dem Herrn der Welten.“ (39:75)</p>",
    "timestamp": "2025-12-20T14:27:52.303336+00:00",
    "version": "1.0",
    "copyright": {
      "author": "Muhammad Ibn Ahmad Ibn Rassoul",
      "publisher": "IB Verlag Islamische Bibliothek",
      "edition": "41. Auflage",
      "title": "Tafsīr Al-Qur'ān Al-Karīm"
    }
  },
  {
    "key": "de_tafsir-al-azhar",
    "verse_key": "37:149",
    "verses": [
      "37:149"
    ],
    "text": "<p>Hier beginnt ein neuer Gedankengang: Die heidnischen Araber bezeichneten die Engel als <strong>\"Töchter <em>Allā</em> hs\"</strong>. Sie selbst empfanden gleichzeitig Töchter als eine Schande und zogen Söhne vor, die zu ihrer Macht und Würde beitrugen (vgl. 16:57-59). Die Geschichten im ersten Teil der Sura beschreiben das Verhältnis zwischen <em>Allā</em> h (t) und Seinen Dienern, und wie hart Er die Leugner bestraft, die Götter außer Ihm oder neben Ihm dienen. Im Lichte dieser Tatsache gibt dieser Abschnitt Anweisung an den Propheten, er soll eine offene Diskussion mit den Götzendienern über ihre abwegigen Vorstellungen und fabelhaften Geschichten über die Engel führen. Sie sollten wegen ihrer Behauptung, die Engel seien die Töchter <em>Allā</em> hs und die <em>Ǧ</em> inn seien mit <em>Allā</em> h (t) verschwägert, Rede und Antwort stehen. Außerdem sollen sie mit dem Sachverhalt konfrontiert werden, dass sie vor der Berufung des Propheten <em>Muḥ</em> ammad (a.s.s.) sagten, sie</p>\n<p><em>Tafsīr</em> Al-Qur’<em>ān</em> <em>Al-Karīm</em> wünschten, dass <em>Allā</em> h (t) einen Gesandten aus ihren Reihen senden würde, und dass sie ihn dann unterstützen würden. Als er aber tatsächlich zu ihnen gesandt wurde, wiesen sie die Botschaft zurück (vgl. 16:57-59; ferner 4:117; 17:40; 43:16-19; 53:21-27). In diesem Abschnitt ist starke Ironie zu spüren (vgl. 6:100; 17:40; 53:19-22). Wahrlich, ihr und das, was ihr verehrt (37:161), ihr vermögt nicht (einen) gegen Ihn zu verführen (37:162), mit Ausnahme dessen, der in der <em>Al-Ǧ</em> a <em>ḥīm</em> brennen wird. (37:163) ”Und da ist keiner unter uns (Engeln), der nicht seinen (ihm) zugewiesenen Platz hätte. (37:164) Und wahrlich, wir sind die Sich-Reihenden. (37:165) Und wahrlich, wir sind es, die (<em>Allāh</em>) preisen.“ (37:166) Und sie pflegten doch zu sagen (37:167): ”Hätten wir nur eine Mahnung von seiten der Früheren (erhalten) (37:168), so wären wir sicher <em>Allāhs</em> erwählte Diener gewesen.“ (37:169) Dennoch glauben sie nicht an ihn (den Qur’<em>ā</em> n), allein sie werden es bald erfahren. (37:170) 37:161-170 - Die Engel sind Diener <em>Allā</em> hs und Seine Geschöpfe. Sie sind Ihm gehorsam, dienen Ihm und verkünden Sein Lob. Jeder hat einen festgelegten Aufgabenbereich, den er nicht verlassen kann. (ÜB) Die meisten Kommentatoren sind der Ansicht, dass sich das Wort <strong>\"Mahnung\"</strong> hier - wie so oft im Qur’<em>ā</em> n - auf eine heilige Schrift bezieht. Die Worte <strong>\"... die Sich- Reihenden\"</strong> sind jene, nach denen diese Sura genannt ist. (vgl. oben 37:1; ferner 16:48; 17:44; 21:79; 34:10 und die Anmerkung dazu). Wahrlich, Unser Wort ist schon an Unsere gesandten Diener ergangen (37:171); sie sind wahrlich die, denen geholfen wird. (37:172) Und Unsere Heerschar wird sicher siegreich sein. (37:173) Darum wende dich von ihnen für eine Zeitlang ab (37:174) und beobachte sie; denn sie werden bald sehen. (37:175) Ist es etwa Unsere Strafe, die sie beschleunigen möchten? (37:176) Doch wenn sie über ihr Gebiet herabkommt, dann wird der Morgen für die Gewarnten übel sein. (37:177) So wende dich von ihnen für eine Zeitlang ab (37:178) und beobachte (sie); denn sie werden bald sehen. (37:179) 37:171-179 - Damit ist in erster Linie der Prophet angesprochcn, aber es gilt für alle Orten und Zeiten. Diese Verheißung ging in Erfüllung, als der Prophet (a.s.s.) wenige Jahre später siegreich in Makka einzog. (vgl. 8:32 und die Anmerkung dazu). Gepriesen sei dein Herr, der Herr der Erhabenheit, Hoch über dem, was sie beschreiben. (37:180) Und Friede sei auf den Gesandten! (37:181) Und alles Lob gebührt <em>Allāh</em>, dem Herrn der Welten. (37:182) 37:180-182 - Mit diesen herrlichen Worten über die Preisung des Erhabenen kommt diese schöne Sura zu Ende. Unser Prophet (a.s.s.) sagte: ”Wenn ihr um Frieden für mich bittet, dann bittet auch um Frieden für alle Gesandten; denn ich bin einer der Gesandten <em>Allā</em> hs.“ (Kat) Ende der Sura 37</p>\n<p><em>Tafsīr</em> Al-Qur’<em>ān</em> <em>Al-Karīm</em> (38) Sura <em>Ṣād</em> (offenbart zu Makka) 88 <em>Ā</em> y <em>ā</em> t Hier steht die weltliche Macht im Gegensatz zur Macht des Glaubens, um zu zeigen, wie viel wichtiger und wirklicher die Glaubensmacht ist. Aus diesem Grund werden David und Salomo beispielhaft aufgeführt, da sie beide Könige und Propheten zugleich waren. Die überheblichen Ungläubigen sind überrascht, wenn <em>Allā</em> hs Botschaft durch Propheten zu ihnen gebracht wird, und sie lehnen sie ab. David (a.s.) war ein mächtiger König, und dies hinderte ihn nicht davon ab, <em>Allā</em> h stets zu preisen. Deshalb stärkte <em>Allā</em> h sein Königreich, verlieh ihm Weisheit und Kraft, Gerechtigkeit in Aussage und Beurteilung der Dinge. Salomo (a.s.) hatte ebenso die Kontrolle über <em>Ǧ</em> inn und Tiere. Trotzdem betete er immer zu <em>Allā</em> h um Hilfe und Vergebung. Er liebte die guten Dinge, um sich seines Herrn zu gedenken. Er nutzte seine Macht nie, um etwas Falsches zu erreichen. Hiob (a.s.) blieb geduldig während er litt; dafür belohnte ihn <em>Allā</em> h. Wäre er ungeduldig gewesen und hätte sich bitterlich bei <em>Allā</em> h (t) beklagt, so wäre er nicht als ein vorbildlicher Prophet der Ausdauer gegolten. Auch andere Botschafter wählten den Weg des endgültigen Glücks, anstatt der endgültigen Qualen. Adams Geschichte wird erzählt, um zu beweisen, dass Satan unser Feind ist. Das Böse erwächst aus der Überheblichkeit und der Aufständigkeit gegen den Herrn der Welten, aber es kann niemals <em>Allā</em> hs treue Diener von ihrem Ziel abbringen. Die Offenbarung gibt jedem, der sich ihr bedient, eine Rechtleitung. Nur das Gute <em>Allā</em> hs kann das böse Werk Satans besiegen. Im Namen <em>Allāhs</em>, des Allerbarmers, des Barmherzigen! <em>Ṣād</em> . Beim Qur’<em>ā</em> n mit der Ermahnung! (38:1) Diejenigen aber, die ungläubig sind, verharren in falschem Stolz und Feindseligkeit. (38:2) Wie oft ließen Wir so manches Geschlecht schon vor ihnen zugrunde gehen! Sie schrien, als keine Zeit mehr zum Entrinnen war. (38:3) 38:1-3 - Über die Bedeutung dieses arabischen Buchstaben <strong>\"<em>Ṣād</em>\"</strong> vgl. Erläuterung der Termini (s.u. <strong>\"Alif\"</strong>). <em>Allā</em> h (t) schwört bei diesem Buch, dem Qur’<em>ā</em> n, der die Ermahnung enthält. (vgl. 16:43; 73:32). D.h.: der Qur’<em>ā</em> n enthält Ermahnung, die zum Nachdenken anregt. Dennoch verharren die Ungläubigen in falschem Stolz und Feindseligkeit gegen diese Botschaft, die ihnen nur Gutes mitbringt. Dieser Gedanke wird in 16:22 und 2:206 ausgedrückt. (vgl. ferner 96:6-7). Die Makkaner, die den ehrwürdigen Qur’<em>ā</em> n zurückwiesen, waren zu stolz und zu hochmütig. So waren auch die früheren Völker, und <em>Allā</em> h (t) bestrafte sie. Als die Strafe <em>Allā</em> hs auf sie kam, schrien sie um Hilfe. Jetzt waren sie auf einmal demütig und ihr Hochmut verließ sie. (ÜB) Und sie wundern sich, dass ein Warner aus ihrer Mitte zu ihnen gekommen ist; und die Ungläubigen sagen: ”Das ist ein Zauberer, ein Lügner. (38:4) Macht er die Götter zu einem einzigen Gott? Dies ist wahrlich ein merkwürdiges Ding.“ (38:5) Und die Vornehmen unter</p>\n<p><em>Tafsīr</em> Al-Qur’<em>ān</em> <em>Al-Karīm</em> ihnen liefen davon (und sagten): ”Geht und haltet an euren Göttern fest. Das ist es, was man beabsichtigt. (38:6) Wir haben hiervon nie etwas in der früheren Religion gehört. Dies ist nichts als eine Dichtung. (38:7) Ist die Ermahnung unter uns nur zu ihm allein gekommen?“ Nein, sie hegen Zweifel über Meine Ermahnung. Nein, sie haben Meine Strafe nicht gekostet. (38:8) Besitzen sie etwa die Schätze der Barmherzigkeit deines Herrn, des Allmächtigen, des Gabenverleihers? (38:9) Oder gehört ihnen das Königreich der Himmel und der Erde und dessen, was zwischen beiden ist? Mögen sie nur weiter Mittel und Wege (gegen Mich) ersinnen. (38:10) Eine Heerschar der Verbündeten wird in die Flucht geschlagen werden. (38:11) Hass und Neid gegen den einen aus ihren eigenen Reihen, der von <em>Allā</em> h (t) zu Seinem Gesandten auserwählt wurde, und sie bringen ihren Trotz in allerlei falschen Anschuldigungen zum Ausdruck. Den Menschen, der ihnen allen als hervorragend wegen seiner Ehrlichkeit und Gewissenhaftigkeit bekannt war, bezeichnen sie jetzt als Zauberer und Lügner. Vom Erstaunen der Ungläubigen darüber, dass ein Prophet ein Mensch ist, ist im Qur’<em>ā</em> n immer wieder die Rede. Obgleich dieser Abschnitt in erster Linie die Haltung der heidnischen <em>Banū</em> Quraiš dem Propheten gegenüber schildert, beschreibt er damit gleichzeitig das Zögern der meisten Menschen in allen Zeiten (vgl. 50:2). (ÜB) 38:5-6 - In der Anfangszeit der Verkündung des Islam wurden die Muslime von den Götzendienern verfolgt. Dabei versuchten die führenden Feinde des Islam, auf <em>Abū</em> <em>Ṭālib</em>, den Onkel des Propheten, einzuwirken, dass dieser sich von seinem geliebten Neffen distanzierte. Zu diesem Zweck trafen sie mit <em>Abū</em> <em>Ṭālib</em> zusammen. Als ihr Plan jedoch fehlschlug, gingen die Führer weg und fingen an, die neue Bewegung durch Verleumdung in Verruf zu bringen, indem sie behaupteten, sie richte sich gegen ihren eigenen persönlichen Einfluss, so dass der Prophet die Macht in seine eigene Hand nehmen könne. ‘Umars Anschluss an den Islam erfolgte im 6. Jahr nach der Berufung (7 Jahre vor der <em>Ḥ</em> i <em>ǧ</em> ra). Die damit verbundenen Begleitumstände beunruhigten die <em>Banū</em> Quraiš außerordentlich, so dass sie daraufhin ihre eigene Machtgier dem Propheten unterstellten. (ÜB) bezogen, die nicht in derselben reinen Form an die Einheit <em>Allā</em> hs glauben, wie der Prophet <em>Muḥ</em> ammad (a.s.s.) sie verkündet hat. 38:8-10 - Hier kommt der Neid zum Ausdruck. D.h.: Wenn uns eine Botschatt geschickt werden sollte, warum sollte diese dann ausgerechnet zu <em>Muḥ</em> ammad kommen, dem verwaisten Sohn des ‘<em>Abdullā</em> h, und nicht zu einem unserer bedeutenden Männer? (vgl. 6:33; 18:84; 31:43; 96:6-8) gedemütigt werden und eben an dem Ort ihre Basis verlieren, an dem sie über dich gespottet haben. Sie sind in Wirklichkeit nichts mehr als ein Haufen von geschlagenen Soldaten, die verschiedenen Parteien angehören, und ihre Niederlage hier am Ort bald erleben werden. (ÜB) Vor ihnen haben schon geleugnet: das Volk Noahs und die ‘<em>Ād</em> und Pharao mit den bodenfesten Bauten. (38:12), und die Ṯamūd und das Volk Lots und die Bewohner des</p>\n<p><em>Tafsīr</em> Al-Qur’<em>ān</em> <em>Al-Karīm</em> Waldes - diese waren die Verbündeten. (38:13) Ein jeder hatte die Gesandten der Lüge bezichtigt, darum war Meine Strafe fällig gewesen. (38:14) Und diese erwarteten nichts als einen einzigen Schrei, für den es keinen Aufschub gibt. (38:15) Und sie sagen: ”Unser Herr, beschleunige unseren Anteil (der Strafe) vor dem Tage der Abrechnung.“ (38:16) unter ihnen häufig erwähnt (vgl. 7:65-73, 80-84, 103-137; 37:75-82) Anmerkung dazu). herzuleitende Bedeutung ist die, dass sie Strafe, wenn sie über die Ungerechten hereinbricht, nicht einmal die kürzeste Frist lässt. (vgl. ferner 36:29). 26:204). Ertrage in Geduld, was sie reden, und gedenke Unseres Dieners David, des Kraftvollen. Er war gehorsam. (38:17) Wahrlich, Wir machten (ihm) die Berge dienstbar, um mit ihm am Abend und beim Sonnenaufgang (<em>Allāh</em>) zu lobpreisen. (38:18) Und die Vögel in Scharen - sie alle waren ihm gehorsam. (38:19) Und Wir festigten sein Königreich und gaben ihm Weisheit und ein unwiderrufliches Urteilsvermögen. (38:20) den Verleugnern und Götzendienern in Makka mit Geduld zu begegnen. David (a.s.) wird hier als jemand bezeichnet, der über Kraft oder Macht verfügte; denn er besaß eine außergewöhnliche Körperkraft, und als junger Mann tötete er den Philister Goliath (2:249-252). Vor diesem Kampf wurde er von seinen Feinden verspottet, er jedoch vertraute auf <em>Allā</em> h (t), trug den Sieg davon und wurde schließlich König. 38:18-20 - David (a.s.) hatte die Gabe, <em>Allā</em> h mit schöner, melodischer Stimme in gereimten Sätzen zu loben und zu preisen. <em>Allā</em> h (t) stand ihm bei für diese edle Aufgabe und ließ durch einen Befehl von Ihm die Berge in den eindrucksvollen Zeiten am <strong>\"Abend und beim Sonnenaufgang\"</strong> reagieren. Ebenso war der Fall mit den Vögeln, sodass die ganze Natur in Chorstimmung mitwirkte. (vgl. 21:79 und die Anmerkung dazu). Für die große Liebe zu seinem Schöpfer wurde David (a.s.) mit einem gesicherten Königsreich belohnt. Dazu verlieh <em>Allā</em> h ihm <strong>\"Weisheit und ein unwiderrufliches Urteilsvermögen\"</strong>, um seiner Aufgabe als König gerecht zu sein und seine Macht mit guten Fundamenten auszuüben. Dies war eine segensreiche Unterstützung, für die der Mensch dankbar sein muss. Ist die Geschichte von den Streitenden auch zu dir gelangt? Wie sie über die Mauer (seines) Gebetsgemachs kletterten (38:21) (und) wie sie bei David eindrangen und er sich vor ihnen fürchtete? Sie sagten: ”Fürchte dich nicht. (Wir sind) zwei Streitende, von denen einer sich</p>\n<p><em>Tafsīr</em> Al-Qur’<em>ān</em> <em>Al-Karīm</em> gegen den anderen vergangen hat; richte darum in Gerechtigkeit zwischen uns und handle nicht ungerecht und leite uns auf den ebenen Weg. (38:22) Dieser ist mein Bruder; er hat neunundneunzig Mutterschafe, und ich habe ein einziges Mutterschaf. Dennoch sagt er: »Übergib es mir«, und hat mich in der Rede überwunden.“ (38:23) Er (David) sagte: ”Wahrlich, er hat ein Unrecht an dir verübt, als er dein Mutterschaf zu seinen eigenen Mutterschafen hinzuverlangte. Und gewiss, viele Teilhaber vergehen sich gegeneinander; nur die (sind davon) ausgenommen, die glauben und gute Werke tun; und das sind wenige.“ Und David merkte, dass Wir ihn auf die Probe gestellt hatten; also bat er seinen Herrn um Verzeihung und fiel betend nieder und bekehrte sich. (38:24) Darum vergaben Wir ihm dies; und wahrlich, er hatte nahen Zutritt zu Uns und eine herrliche Einkehr (bei Uns). (38:25) 38:21-22 - Hier folgen Beispiele aus Davids Zeiten: Er war ein gottesfürchtiger Mensch und hatte eine gut geschützte Kammer, in die er sich zum Gebet und zur Lobpreisung <em>Allā</em> hs zurückzog. (ÜB) Eines Tages war er erschrocken, als unbekannte Leute die Zeit seiner Zurückgezogenheit unterbrachen, indem sie über die Mauer kletterten und zu ihm eindrangen. 38:23-25 - <strong>\"Bruder\"</strong> bedeutet nicht unbedingt ein leiblicher Bruder, sondern bezeichnet auch einen Glaubensbruder oder einen Stammesbruder. Der geschädigte Bruder brachte seine Klage in einer angenehmen Form vor. Hier gibt David (a.s.) sein Urteil ab. ”O David, Wir haben dich zu einem Nachfolger auf Erden gemacht; richte darum zwischen den Menschen in Gerechtigkeit, und folge nicht (deinen) persönlichen Neigungen, damit sie dich nicht vom Weg <em>Allāhs</em> abirren lassen.“ Wahrlich, jenen, die von <em>Allāhs</em> Weg abirren, wird eine strenge Strafe zuteil sein, weil sie den Tag der Abrechnung vergaßen. (38:26) eine besondere Verantwortung zum Segen der Menschen trägt (vgl. 2:30). Mit der Verleihung derartiger Autorität auf Erden bedeutet es auf keinen Fall, dass David (a.s.) Tyrann oder Diktator sein soll; er soll vielmehr zwischen den Menschen in Gerechtigkeit richten, und nicht seinen persönlichen Neigungen folgen. Der Qur’<em>ā</em> n beschreibt ihn als gerechten und aufrichtigen Richter, dem wir Menschen als Vorbild für die Herrschaft und das Richteramt nachahmen müssen. Und Wir haben den Himmel und die Erde und das, was zwischen beiden ist, nicht sinnlos erschaffen. Das ist die Ansicht derer, die ungläubig sind. Wehe denn den Ungläubigen wegen des Feuers! (38:27) Oder sollen Wir etwa diejenigen, die glauben und gute Werke tun, gleich denen behandeln, die Verderben auf Erden stiften? Oder sollen Wir die Gottesfürchtigen wie die Unverschämten behandeln? (38:28) Es ist ein Buch voll des Segens, das Wir zu dir herabgesandt haben, auf dass sie über seine Verse nachdenken, und auf dass diejenigen ermahnt werden mögen, die verständig sind. (38:29) Die Ungläubigen sind der Ansicht, dass die Erschaffung von Himmel und Erde keinen Sinn hat. Hier gibt <em>Allā</em> h die Antwort darauf (vgl. 10:5). rechtschaffen sind. Vor <em>Allā</em> h (t) sind sie jedoch verschieden.</p>\n<p><em>Tafsīr</em> Al-Qur’<em>ān</em> <em>Al-Karīm</em> Wenn ein Mensch solche Überlegungen anstellt, wird er schnellstens versuchen, Frevel und Übertretungen zu unterlassen, und sich auf diesen großen Gerichtstag vorzubereiten. (ÜB) Und Wir bescherten David Salomo. (Er war) ein vortrefflicher Diener; stets wandte er sich (zu <em>Allāh</em>). (38:30) Als vor ihn zur Abendstunde schnelltrabende Rennpferde aus edelster Zucht gebracht wurden (38:31), sagte er: ”Ich habe die guten Dinge dieser Welt sehr lieb und habe dabei versäumt, meines Herrn zu gedenken“ - bis sie (die Sonne) hinter dem Horizont verborgen war. (38:32) ”Bringt sie zu mir zurück.“ Dann begann er über (ihre) Beine und Hälse zu streichen. (38:33) sich zu <em>Allā</em> h wandte. Das ist im Sinne der Gottergebenheit (Islam) (vgl. 2:102; 17:5; 21:78-82; 27:15-44; 34:12-14; ferner 34:12-13 und die Anmerkung dazu). 38:31-33 - Salomo liebte Pferde und verfügte über große Streitmacht und sagenhaften Reichtum (vgl. 27:19, 40). Er war so an den vorgeführten Pferden interessiert, dass er erst nach Sonnenuntergang an das Nachmittagsgebet dachte. Wie alle Pferdeliebhaber tätschelte er ihren Hals und fuhr mit der Hand über ihre Vorderbeine und war stolz auf sie. (vgl. 27:18-19 und die Anmerkung dazu). Und wahrlich, Wir stellten Salomo auf die Probe, und Wir setzten einen Leib auf seinen Thron. Dann bekehrte er sich. (38:34) Er sagte: ”O mein Herr, vergib mir und gewähre mir ein Königreich, wie es keinem nach mir geziemt; wahrlich, Du bist der Gabenverleiher.“ (38:35) Darauf machten Wir ihm den Wind dienstbar, auf dass er auf sein Geheiß hin sanft wehte, wohin er wollte. (38:36) Und (Wir machten ihm) die Satane, all die Erbauer und Taucher (38:37) wie auch andere, die in Fesseln aneinander gekettet waren, (dienstbar). (38:38) ”Dies ist Unsere Gabe, so erweise dich als Wohltäter oder sei zurückhaltend (im Geben), ohne abzurechnen.“ (38:39) Und sicher hatte er nahen Zutritt zu Uns und eine herrliche Einkehr (bei Uns). (38:40) 38:34-40 – Vom Propheten <em>Muḥ</em> ammad, <em>Allā</em> hs Segen und Friede auf ihm, ist folgender Bericht überliefert: ”Salomo sagte einmal: <strong>\"Ich werde heute nacht siebzig Frauen besuchen, von denen jede einen Reiter gebären wird, der für <em>Allā</em> h streitet\"</strong>. Dabei setzte er jedoch nicht hinzu: >inš a’<em>allā</em> h< (so <em>Allā</em> h will). Er besuchte die Frauen, aber es wurde nur eine einzige schwanger, und die brachte eine Missgeburt zur Welt. Bei dem, in dessen Hand meine Seele liegt! Hätte er hinzugesetzt: >inš a’<em>allā</em> h<, dann hätten alle Reiter für <em>Allā</em> h gestritten. Dies besagt <em>Allā</em> hs Wort: Wir unterwarfen Salomo ja auch einer Prüfung.“ (Zam, Gät) (vgl. 14:49; 21:81-82; 34:12-13 und die Anmerkung dazu). Und gedenke Unseres Dieners Hiob, als er seinen Herrn anrief: ”Satan hat mich berührt mit Mühsal und Pein.“ (38:41) ”Stampfe mit deinem Fuß auf. Hier ist kühles Wasser zum Waschen und zum Trinken.“ (38:42) Und Wir schenkten ihm seine Angehörigen (wieder) und noch einmal so viele dazu von Uns als Barmherzigkeit und als Ermahnung für die Verständigen. (38:43) Und (Wir sprachen): ”Nimm ein Bündel in deine Hand und schlage damit und werde nicht eidbrüchig.“ Wahrlich, Wir fanden ihn geduldig. (Er war) ein</p>\n<p><em>Tafsīr</em> Al-Qur’<em>ān</em> <em>Al-Karīm</em> vortrefflicher Diener; stets wandte er sich (<em>Allāh</em>) zu. (38:44) 38:41-44 - Im Qur’<em>ā</em> n wird Hiob (arab.: <em>Ayyū</em> b). unter den anderen <strong>\"Gerechten\"</strong> erwähnt, <strong>\"der Diener <em>Allā</em> hs\"</strong> genannt und als der Geduldige hingestellt. Es heisst da nur kurz, dass <em>Allā</em> h den Hiob auf die Probe stellte, dass dieser hernach zu <em>Allā</em> h betete, dass er wieder in seine früheren Verhältnisse zurückversetzt wurde, und dass <em>Allā</em> h ihm seine ganze Familie und seinen Reichtum wiedergab (21:83f.; 38:40ff.). Die meisten muslimischen Gewährsmänner glauben, dass Hiob 70 Jahre alt war, als <em>Iblī</em> s ihn heimsuchte. Die Dauer seiner Prüfung aber wird von manchen auf 7 Jahre angegeben. Der Qur’<em>ā</em> n (38:41) sagt nur kurz, dass Hiob auf <em>Allā</em> hs Befehl mit dem Fuß aufstampfen musste, und dass hierauf eine Quelle hervorsprudelte, in der er badete und deren Wasser er trank. Meinungsverschiedenheit herrscht unter den Autoren über die Kinder, die Hiob nach seiner Genesung bekam; nach einigen waren es die vorher Umgekommenen, die dann wieder ins Leben zurückgerufen wurden, nach anderen wurde seine Frau wieder jung und schenkte ihm andere Kinder (deren Zahl bis auf 26 angegeben wird). Gewisse Autoren setzen die Lebensdauer Hiobs auf 93 Jahre, indem sie angeben, er habe nach seiner Genesung noch 20 Jahre gelebt; andre sagen, er habe nach der Heimsuchung ebenso lange gelebt wie vorher. Al-Mas‘<em>ū</em> dyy bezeugt, dass die Moschee Hiobs sowie die Quelle, in der er gebadet hatte, noch zu seiner Zeit berühmt waren und nicht weit von Nawa in der Jordan-Provinz lagen. Dort zeigt man noch heute den Badeort Hiobs (<em>Ḥ</em> <em>ammā</em> m Ayyub). (HdI, S. 30ff.) Und gedenke Unserer Diener Abraham, Isaak und Jakob - Männer von Kraft und Einsicht. (38:45) Wir erwählten sie zu einem besonderen Zweck - zur Erinnerung an die Wohnstatt (des Jenseits). (38:46) Und wahrlich, vor Uns gehören sie zu den Auserwählten, den Besten. (38:47) Und gedenke Ismaels, Elisas und Ḏ u-l-Kifls; sie alle gehören zu den Besten. (38:48) Dies ist eine Ermahnung; 38:45-47 - <em>Allā</em> h (t) erhob sie zu einem Rang, der niemals von Menschen erlangt werden kann (vgl. dazu 37:83-113). Kifl nur noch in 21:85 erwähnt. (vgl. 6:86; 37:101-107 und die Anmerkung dazu). den Rechtschaffenen wird gewiss eine herrliche Stätte der Rückkehr zuteil sein (38:49): die Gärten von Eden, deren Tore für sie geöffnet sind. (38:50) Dort werden sie zurückgelehnt ruhen; dort werden sie Früchte in Mengen und reichlich Trank haben. (38:51) Und bei ihnen werden (Keusche) sein, die züchtig blicken, Gefährtinnen gleichen Alters. (38:52) Dies ist, was euch für den Tag der Abrechnung verheißen wurde. (38:53) Wahrlich, das ist Unsere Versorgung; nie wird sie sich erschöpfen. (38:54) 38:49-54 - <strong>\"Stätte der Rückkehr\"</strong> ist das Paradies, das hier für die Rechtschaffenen beschrieben ist. (vgl. 4:124; 9:72; 16:97; 36:56-57; 37:48; 40:40; 55:56 und die Anmerkung dazu). Dies ist (für die Gläubigen). Doch für die Widerspenstigen ist eine üble Stätte der Rückkehr (bestimmt): (38:55) <em>Ǧ</em> ahannam; sie werden darin schmoren - welch schlimmes Lager! (38:56) Dies ist (für die Ungläubigen). Mögen sie es denn kosten: siedendes Wasser und eine Trankmischung aus Blut und Eiter (38:57) und anderes gleicher Art und in Vielfalt. (38:58)</p>\n<p><em>Tafsīr</em> Al-Qur’<em>ān</em> <em>Al-Karīm</em> ”Hier ist eine Schar, die mit euch zusammen hineingestürzt wird.“ Kein Willkomm (sei) ihnen! Sie sollen im Feuer brennen. (38:59) Sie werden sagen: ”Nein, ihr seid es. Kein Willkomm (sei) euch denn! Ihr seid es, die uns dies bereitet haben. Und welch schlimmer Ort ist das!“ (38:60) Sie werden sagen: ”Unser Herr, wer immer uns dies bereitete - füge ihm die doppelte Strafe im Feuer hinzu.“ (38:61) Und sie werden sagen: ”Was ist mit uns geschehen, dass wir nicht die Leute sehen, die wir zu den Bösen zu zählen pflegten? (38:62) Sollte es sein, dass wir sie (zu Unrecht) zum Gespött gemacht haben, oder haben unsere Augen sie verfehlt?“ (38:63) Wahrlich, das ist in der Tat ein Redestreit der Bewohner des Feuers untereinander. (38:64) 38:55-64 - In diesem Versblock handelt es sich um die bekannte Parallelität des Qur’<em>ā</em> n. D.h., dass jedesmal, wenn <em>Allā</em> h (t) von der Belohnung der rechtschaffenen Diener im Paradies spricht (vgl. 38:49-54), berichtet Er von der Bestrafung der Ungläubigen, und zwar aus dem Prinzip der Barmherzigkeit und der Gerechtigkeit zugelich, weil die Botschaft stets diese Eigenschaft hat: Als frohe Botschaft und als Warnung. (vgl. 7:38; 10:4 ; 11:20; 14:29; 33:67-68; 38:62; 78:25 und die Anmerkung dazu). Sprich: ”Ich bin nur ein Warner; und es ist kein Gott außer <em>Allāh</em>, Dem Einzigen, Dem Allbezwingenden (38:65), Dem Herrn der Himmel und der Erde und dessen was zwischen beiden ist, Dem Erhabenen, Dem Allverzeihenden.“ (38:66) Sprich: ”Es ist eine große Kunde. (38:67) Ihr wendet euch jedoch davon ab. (38:68) Ich hatte keine Kunde von den höheren Bewohnern, da sie untereinander stritten. (38:69) Nur dies wurde mir offenbart, dass ich lediglich ein deutlicher Warner bin.“ (38:70) 38:65-70 - Damit ist unser Prophet (a.s.s.) angesprochen. (vgl. 2:30-31; 7:184; 20:82; 22:40; 26:115 und die Anmerkung dazu). Da sprach dein Herr zu den Engeln: ”Es ist Mein Wille, einen Menschen aus Ton zu erschaffen. (38:71) Und wenn Ich ihn gebildet und Meinen Geist in ihn eingehaucht habe, dann fallt vor ihm nieder.“ (38:72) Da warfen sich alle Engel nieder (38:73) bis auf <em>Iblī</em> s . Er wandte sich hochmütig ab und war ungläubig. (38:74) Er sprach: ”O <em>Iblī</em> s , was hindert dich daran, dich vor etwas niederzuwerfen, das Ich mit Meinen beiden Händen erschaffen habe? Bist du hochmütig oder gehörst du zu den Überheblichen?“ (38:75) Er sagte: ”Ich bin besser als er. Du erschufst mich aus Feuer, und ihn hast Du aus Ton erschaffen.“ (38:76) Er sprach: ”So geh hinaus von hier; denn du bist ein Verfluchter. (38:77) Und Mein Fluch soll auf dir bis zum Tage des Gerichts lasten.“ (38:78) Er sagte: ”O mein Herr, gewähre mir eine Frist bis zum Tage, an dem sie auferweckt werden.“ (38:79) Er sprach: ”Also, wird dir die Frist gewährt (38:80), bis zum Tage einer vorbestimmten Zeit.“ (38:81) Er sagte: ”Bei Deiner Erhabenheit, ich will sie sicher alle in die Irre führen. (38:82) Ausgenommen (davon sind) Deine erwählten Diener unter ihnen.“ (38:83) Er sprach: ”Dann ist dies die Wahrheit, und Ich rede die Wahrheit (38:84), dass Ich wahrlich <em>Ǧ</em> ahannam mit dir und denen, die dir folgen, insgesamt füllen werde.“ (38:85) 38:71-85 - Die Geschichte von Adam (a.s.) und <em>Iblī</em> s (Satan) liefert uns Lehrstücke der Einsicht und der Weisheit, die uns bis ans Ende der Zeiten nützen werden. <em>Allā</em> h (t) verlieh Seine Treuhänderschaft (<em>Amā</em> na) dem ersten Menschen wegen dessen Wissen. Aber <em>Iblī</em> s wurde</p>\n<p><em>Tafsīr</em> Al-Qur’<em>ān</em> <em>Al-Karīm</em> eifersüchtig und überheblich. Er sagte: Ich bin aus Feuer erschaffen und der Mensch ist aus Ton erschaffen; daher bin ich besser als er. Wie kann ich mich vor ihm niederfallen? <em>Allā</em> h liebt nicht diese Art von Neid und diese Überheblichkeit. Dadurch verlor <em>Iblī</em> s die Gnade <em>Allā</em> hs. Aber nachdem er die Ungnade erduldet hatte, wurde er die Verkörperung des Bösen und sagte: Ich will mich am Menschen rächen, ich will ihn irreführen, durch Deine Macht, außer Deine aufrichtigen Diener. Ich will ihnen allen eine Schlinge stellen. <em>Allā</em> h (t) gab <em>Iblī</em> s auf Grund seines Vortrags Aufschub bis ans Ende der Zeit. Auf diese Weise wurde der Mensch für eine grenzenlose Periode auf die Probe gestellt. Tatsache ist, dass alle Werke <em>Allā</em> hs auf Weisheit und Kenntnis beruhen, die der Mensch kaum erfassen kann. Aber wenn wir über die Natur des Universums nachdenken, so können wir unmittelbar verstehen, dass die Existenz <em>Iblī</em> s nichtsdestoweniger eine Barmherzigkeit für die Menschheit ist. Sagt man nicht, dass jedes Ding durch sein Gegenteil erkannt wird? Wenn es keine Unreinheit gibt, wie können wir die Reinheit wahrnehmen? Wenn es keine Dunkelheit gibt, keiner würde Wert auf das Licht legen. Hitze und Kälte, Licht und Finsternis, Leben und Tod, dies alles sind Gegensätze, die in das Netz des Lebens eingezogen wurden. Gibt es keinen Feind, kannst du kaum einen Freund erkennen. Gibt es nichts Böses, so wird das Gute leblos werden. Indem <em>Allā</em> h den Menschen den Satan <em>Iblī</em> s gegenüberstellt, gibt <em>Allā</em> h dem Menschen die Möglichkeit, seine schlafenden Fähigkeiten aufzuwecken. Es ist unsere Aufgabe, nun unseren Feind zu erkennen, seine Arglist zu überwinden und unser Recht auf die Treuhänderschaft <em>Allā</em> hs auf dieser Erde zu errichten. (Nia) (vgl. 2:30-39; 7:11, 18, 179; 10:33, 119; 15:29-40, 41, 64; 18:50 ; 36:71; 38:71, 78 und die Anmerkung dazu). Sprich: ”Ich verlange von euch keinen Lohn dafür, noch bin ich einer derer, die sich (etwas) anmaßen. (38:86) Dieser (Qur’<em>ā</em> n) ist nichts als eine Ermahnung für die Welten. (38:87) Und ihr werdet sicher seine Kunde nach einer Zeit kennen.“ (38:88) 38:86-88 - Der Versblock hier am Ende dieser edlen Sura enthält herzergreifende Worte zum Wohle der Menschheit: Zu jener Zeit der Offenbarung waren sie eine ganz große und wichtige Nachricht, deren Bedeutung die Menschen in Makka erst nach einer bestimmten, nicht sehr langen Zeit erkennen mussten. Es ist die Einladung zur eigenen Rettung, eine Einladung ohne irgendeine Gegenleistung. <em>Muḥ</em> ammad, der Gesandte <em>Allā</em> hs, <em>Allā</em> hs Segen und Friede auf ihm, verlangt und erwartet - wie jeder andere Prophet - keinen Lohn von den Menschen für seinen Einsatz zu ihrem eigenen Heil. (vgl. 25:57; 26:109 und die Anmerkung dazu). Ende der Sura 38 Licht über Licht. <em>Allāh</em> leitet zu Seinem Licht, wen Er will. (24) Sura <em>An-Nūr</em> (Das Licht), Vers 35</p>\n<p><em>Tafsīr</em> Al-Qur’<em>ān</em> <em>Al-Karīm</em> (39) Sura Az-Zumar (Die Scharen) (offenbart zu Makka) 75 <em>Ā</em> y <em>ā</em> t So wie Regenwasser die Pflanzen der verschiedensten Arten wachsen lässt, so weist die große Vielfalt der Schöpfung auf ihren Herrn hin, den wahren Erhalter. Bete nur zu Ihm; denn niemand ist Ihm gleich. Gehorche Ihm so, wie die Natur Seinen Gesetzen gehorcht, sonst wirst du verlieren. In Seiner Schöpfung können wir die Beweise Seiner Fürsorge um uns sehen. Wie kann jemand, der an <em>Allā</em> h glaubt, gleich jemandem sein, der die Wahrheit ablehnt? Der Gläubige folgt der wunderbaren Botschaft <em>Allā</em> hs und preist Ihn. Der Ungläubige hat nichts, das ihn leitet; sein Ende ist grausam. Erinnere dich an den Tag des Jüngsten Gerichts, wenn alle deine Taten abgerechnet werden. Die Rechtleitung wurde gegeben. Sie erhält und nutzt der eigenen Seele. Sogar im täglichen Leben gibt es Zeichen für diejenigen, die nachdenken. <em>Allā</em> h (t) nimmt die Seele des Menschen zum Zeitpunkt des Todes und während des Schlafes weg. Er hält die Seele des Menschen zurück, über die er das Urteil des Todes verhängt hat, während Er die Seele zum Menschen zurücksendet, den Er am Leben lassen will. Das sollte den Menschen nachdenken lassen, wie nahe er jedesmal dem Tod kommt, wenn er schläft. Er sollte sich entsprechend vorbereiten. Es ist falsch, irgendeinen Helfer neben <em>Allā</em> h anzurufen. Nichts kann dich vor <em>Allā</em> hs Bestrafung schützen, wenn sie zu dir kommt. Sei <em>Allā</em> h dankbar zu jeder Zeit. Zweifle zu keiner Zeit an <em>Allā</em> hs Gnade und bitte Ihn um Vergebung, bevor <em>Allā</em> hs Strafe über dich kommt. Am Tage des Jüngsten Gerichts wird Gutes und Böses erkennbar sein. Im Namen <em>Allāhs</em>, des Allerbarmers, des Barmherzigen! Die Offenbarung des Buches stammt von <em>Allāh</em>, dem Erhabenen, dem Allweisen. (39:1) Wahrlich, Wir haben dir das Buch mit der Wahrheit herabgesandt; so diene denn <em>Allāh</em> in lauterem Gehorsam Ihm gegenüber. (39:2) Wahrlich, <em>Allāh</em> (allein) gebührt lauterer Gehorsam. Und diejenigen, die sich andere zu Beschützern nehmen statt Ihn (sagen): ”Wir dienen ihnen nur, damit sie uns <em>Allāh</em> nahebringen.“ Wahrlich, <em>Allāh</em> wird zwischen ihnen über das, worüber sie uneins sind, richten. Wahrlich, <em>Allāh</em> weist nicht dem den Weg, der ein Lügner, ein Undankbarer ist. (39:3) Hätte <em>Allāh</em> Sich einen Sohn nehmen wollen, hätte Er wählen können, was Ihm beliebte, von dem, was Er erschaffen hat. Preis (sei) Ihm! Er ist <em>Allāh</em>, der Einzige, der Allbezwingende. (39:4) 39:1-2 - Ganz schlicht und einfach startet diese Sura mit dem ersten Vers. Hier sind zwei Merkmale anzutreffen: <em>Allā</em> h ist der Urheber dieser Schrift, Der sie aus Seiner göttlichen Weisheit niedersandte. Damit ist dieses Buch - der Qur’<em>ā</em> n - kein Produkt eines sterblichen Schriftstellers, sondern die volle Wahrheit, die der Schöpfer zum Segen der Menschheit offenbarte. Dazu wird in erster Linie unser Prophet (a.s.s.), dem diese Schrift in Wahrheit offenbart wurde, aufgefordert, <em>Allā</em> h allein in lauterem Gehorsam zu dienen.</p>",
    "timestamp": "2025-12-20T14:27:52.303336+00:00",
    "version": "1.0",
    "copyright": {
      "author": "Muhammad Ibn Ahmad Ibn Rassoul",
      "publisher": "IB Verlag Islamische Bibliothek",
      "edition": "41. Auflage",
      "title": "Tafsīr Al-Qur'ān Al-Karīm"
    }
  }
]