[
  {
    "key": "de_tafsir-al-azhar",
    "verse_key": "68:1",
    "verses": [
      "68:1"
    ],
    "text": "<h2>Sura Al-Qalam (Das Schreibrohr)</h2>\n<p><em>(offenbart zu Makka)</em></p>\n<p><em>0 Āyāt</em></p>\n<p>(offenbart zu Makka) 52 <em>Ā</em> y <em>ā</em> t Das Schreibrohr wird für Aufzeichnungen aller Taten und Befehle verwendet. Der Diener <em>Allā</em> hs folgt einem Plan und einer Rechtleitung, die letztendlich siegreich sein muss. Der Mensch muss zu allen Zeiten geprüft werden, um festzustellen, ob er <em>Allā</em> h (t) vergisst. So prüfte <em>Allā</em> h die Gefährten des Gartens, die so sicher waren, ihre Früchte am nächsten Morgen zu ernten. Aber <em>Allā</em> h (t) ließ den Garten kahl werden; so lernten sie, dass <em>Allā</em> hs Wille auf wunderbare Art geschieht. Böses und Gutes können niemals das gleiche Ende haben. Am Tage des Jüngsten Gerichts werden die Schuldigen bestraft werden. Der gute Mensch muss immer geduldig sein, so wie <em>Yū</em> nus (a.s.), der Qualen erlitt, aber seine Reue brachte ihm <em>Allā</em> hs Güte. Im Namen <em>Allāhs</em>, des Allerbarmers, des Barmherzigen! N <em>ū</em> n - und beim Schreibrohr und bei dem, was sie niederschreiben! (68:1) Wahrlich, du bist - durch die Gnade deines Herrn - kein Besessener. (68:2) Und für dich ist gewiss ein Lohn bestimmt, der dir nicht vorenthalten wird. (68:3) Und du verfügst wahrlich über großartige Tugendeigenschaften. (68:4) Also wirst du sehen und sie werden auch sehen (68:5), wer von euch der Besessene ist. (68:6) Wahrlich, dein Herr weiß am besten, wer von Seinem Weg abirrt, und Er kennt auch die Rechtgeleiteten am besten. (68:7)</p>\n<p>Über die Bedeutung diesers arabischen Buchstaben <strong>\"<em>Nū</em> n\"</strong> vgl. Erläuterung der Termini (s.u. <strong>\"Alif\"</strong>). Der Schwur <em>Allā</em> hs beim Schreibrohr und bei dem, was die Menschen niederschreiben unterstreicht die besondere Bedeutung des Lernens (vgl. dazu 96:3-5). 68:2-7 - Grundsätzlich beziehen sich diese Worte auf unseren Propheten (a.s.s.). ‘<em>Ā</em> ’iš a (r), Gattin des Propheten (a.s.s.) beschrieb seine Verhaltensweise so: ”Sein Charakter war der Qur’<em>ā</em> n.“ Was diejenigen angeht, die dem Propheten Besessenheit vorwarfen, so endeten selbst diese in einem bedauerlichen Zustand. Dazu sollen wir ihre Geschichten zur Kenntnisnehmen, z.B. von <em>Al-Walī</em> d Ibn Al-Muġīra, <em>Abū</em> <em>Ǧ</em> ahl und <em>Abū</em> Lahab (vgl. Sura 111 und die Anmerkung dazu; ferner den Titel: <strong>\"<em>Allā</em> h vollendet Sein Licht\"</strong>, Islamische Bibliothek). Darum richte dich nicht nach den Wünschen der Leugner. (68:8) Sie wünschen, dass du dich (ihnen gegenüber) entgegenkommend verhältst, dann würden (auch) sie sich (dir gegenüber) entgegenkommend verhalten. (68:9) Und füge dich nicht irgendeinem verächtlichen Schwüremacher (68:10), Verleumder, einem, der umhergeht, um üble Nachrede zu verbreiten (68:11), einem Behinderer des Guten, Übertreter, Sünder (68:12); überdies einem Grobian, sündigen Benehmens. (68:13) Nur weil er Reichtümer und Kinder besitzt (68:14), sagt er, wenn ihm Unsere Verse verlesen werden: ”(Dies sind) Fabeln der Alten!“ (68:15) Wir wollen ihn auf der Nase brandmarken. (68:16) 68:8-14 - <em>Abū</em> <em>Ǧ</em> ahl gehörte zu denen, die dem Propheten immer wieder unmögliche Kompromisse vorschlugen. Zu solchen Vorschlägen gehört, dass der Prophet (a.s.s.) ihnen mit</p>\n<p><em>Tafsīr</em> Al-Qur’<em>ān</em> <em>Al-Karīm</em> Götzendienst und anderen unehrbaren Handlungen entgegenkommen soll. Es handelt sich hier aber um <em>Al-Walī</em> d Ibn Al-Muġīra, den Rädelsführer bei der Verleumdung des Propheten, der nicht lange nach der Schlacht von Badr ein schlimmes Ende fand, und dessentwegen auch 74:11-26 offenbart wurde.</p>",
    "timestamp": "2025-12-20T14:27:52.303336+00:00",
    "version": "1.0",
    "copyright": {
      "author": "Muhammad Ibn Ahmad Ibn Rassoul",
      "publisher": "IB Verlag Islamische Bibliothek",
      "edition": "41. Auflage",
      "title": "Tafsīr Al-Qur'ān Al-Karīm"
    }
  },
  {
    "key": "de_tafsir-al-azhar",
    "verse_key": "68:15",
    "verses": [
      "68:15"
    ],
    "text": "<p>In der Offenbarung ist jeder Vers ein <strong>\"Zeichen\"</strong>, das für mehr steht als das, was er aussagt. <strong>\"Zeichen\"</strong> (arab.: <em>Ā</em> ya) wird somit zum terminus technicus für einen Vers des Qur’<em>ā</em> n. (vgl. 6:25).</p>",
    "timestamp": "2025-12-20T14:27:52.303336+00:00",
    "version": "1.0",
    "copyright": {
      "author": "Muhammad Ibn Ahmad Ibn Rassoul",
      "publisher": "IB Verlag Islamische Bibliothek",
      "edition": "41. Auflage",
      "title": "Tafsīr Al-Qur'ān Al-Karīm"
    }
  },
  {
    "key": "de_tafsir-al-azhar",
    "verse_key": "68:16",
    "verses": [
      "68:16"
    ],
    "text": "<p>Im Arabischen wörtlich: <strong>\"Ḫurṭūm\"</strong> (Rüssel), der empfindlichste Körperteil eines Schweines. Der Ungerechte macht sich selbst zum Tier und wird nun auf diese Weise unter Kontrolle gebracht. Ëinige Kommentatoren weisen darauf hin, dass dies im wahren Sinne verstanden werden muss. D.h.: Wir werden ihn mit unvorstellbarer Schande kennzeichnen. Wir prüfen sie, wie Wir die Eigentümer des Gartens prüften, als sie schworen, sie würden sicherlich (all) seine Früchte am Morgen pflücken. (68:17) Und sie machten keinen Vorbehalt. (68:18) Dann kam eine Heimsuchung deines Herrn über ihn, während sie schliefen. (68:19) Und am Morgen war (der Garten) bereits verwüstet. (68:20) Dann riefen sie am Morgen einander zu (68:21): ”Geht in der Frühe zu eurem Acker hinaus, wenn ihr ernten möchtet.“ (68:22) Und sie machten sich auf den Weg und redeten dabei flüsternd miteinander (68:23): ”Zu euch darf ihn heute kein Armer betreten.“ (68:24) Und sie gingen in der Frühe hin mit dem festen Vorsatz, geizig zu sein. (68:25) Doch als sie ihn sahen, sagten sie: ”Wahrlich, wir befinden uns im Irrtum! (68:26) Nein, wir sind beraubt.“ (68:27) Der Gemäßigte unter ihnen sagte: ”Habe ich euch nicht gesagt: »Warum preist ihr (<em>Allāh</em>) nicht?«“ (68:28) (Nun) sagten sie: ”Preis sei unserem Herrn! Gewiss, wir sind ungerecht gewesen.“ (68:29) Dann wandten sich einige von ihnen an die anderen, indem sie sich gegenseitig Vorwürfe machten. (68:30) Sie sagten: ”Wehe uns! Wir waren wahrlich widerspenstig. (68:31) Vielleicht wird unser Herr uns einen besseren (Garten) als Ersatz für diesen geben; wir flehen demütig zu unserem Herrn.“ (68:32) So ist die Strafe. Und wahrlich, die Strafe des Jenseits ist (noch) schwerer. Wenn sie es nur wüssten! (68:33) 68:17-32 - Bei den Leuten des Gartens handelt es sich um Egoismus und Rücksichtslosigkeit (vgl. dazu 18:32-44). Diese Leute haben sich heimlich vorgenommen, den Armen ihre legitimen Rechte vorzuenthalten, aber sie kamen in eine Situation, in der sie dies nicht mehr tun konnten. Was sie anderen vorenthalten wollten, blieb ihnen selbst vorenthalten. (ÜB) (vgl. dazu 56:67).</p>",
    "timestamp": "2025-12-20T14:27:52.303336+00:00",
    "version": "1.0",
    "copyright": {
      "author": "Muhammad Ibn Ahmad Ibn Rassoul",
      "publisher": "IB Verlag Islamische Bibliothek",
      "edition": "41. Auflage",
      "title": "Tafsīr Al-Qur'ān Al-Karīm"
    }
  },
  {
    "key": "de_tafsir-al-azhar",
    "verse_key": "67:30",
    "verses": [
      "67:30"
    ],
    "text": "<p>Diese herrliche Sura schließt mit einem eindrucksvollen Vers ab, der jederzeit durchaus realistisch und möglich sein kann: Was würden wir tun, wenn wir eines Morgens aufwachten und feststellen müssten, dass alle Wasserquellen versiegt sind und kein Tropfen Wasser zu finden ist. Das Leben auf dieser Erde wird bestimmt zu Ende sein, und zwar nur, weil das Wasser ausfällt. Hierdurch verstehen wir, warum wir <em>Allā</em> hs Gnade und Barmherzigkeit erflehen und das <strong>\"Gebet um Wasser\"</strong> bei Trockenheit verrichten müssen (vgl. dazu den Titel: <strong>\"<em>Aṣ</em> - <em>Ṣ</em> <em>alā</em> h - das Gebet im Islam\"</strong>, Islamische Bibliothek). Ende der Sura 67 Und die Diener des Allerbarmers sind diejenigen, die sanftmütig auf der Erde schreiten; und wenn die Unwissenden sie anreden, sprechen sie friedlich (zu ihnen). (25) Sura <em>Al-Furqā</em> n (Die Unterscheidung), Vers 63</p>\n<p><em>Tafsīr</em> Al-Qur’<em>ān</em> <em>Al-Karīm</em> (68) Sura Al-Qalam (Das Schreibrohr) (offenbart zu Makka) 52 <em>Ā</em> y <em>ā</em> t Das Schreibrohr wird für Aufzeichnungen aller Taten und Befehle verwendet. Der Diener <em>Allā</em> hs folgt einem Plan und einer Rechtleitung, die letztendlich siegreich sein muss. Der Mensch muss zu allen Zeiten geprüft werden, um festzustellen, ob er <em>Allā</em> h (t) vergisst. So prüfte <em>Allā</em> h die Gefährten des Gartens, die so sicher waren, ihre Früchte am nächsten Morgen zu ernten. Aber <em>Allā</em> h (t) ließ den Garten kahl werden; so lernten sie, dass <em>Allā</em> hs Wille auf wunderbare Art geschieht. Böses und Gutes können niemals das gleiche Ende haben. Am Tage des Jüngsten Gerichts werden die Schuldigen bestraft werden. Der gute Mensch muss immer geduldig sein, so wie <em>Yū</em> nus (a.s.), der Qualen erlitt, aber seine Reue brachte ihm <em>Allā</em> hs Güte. Im Namen <em>Allāhs</em>, des Allerbarmers, des Barmherzigen! N <em>ū</em> n - und beim Schreibrohr und bei dem, was sie niederschreiben! (68:1) Wahrlich, du bist - durch die Gnade deines Herrn - kein Besessener. (68:2) Und für dich ist gewiss ein Lohn bestimmt, der dir nicht vorenthalten wird. (68:3) Und du verfügst wahrlich über großartige Tugendeigenschaften. (68:4) Also wirst du sehen und sie werden auch sehen (68:5), wer von euch der Besessene ist. (68:6) Wahrlich, dein Herr weiß am besten, wer von Seinem Weg abirrt, und Er kennt auch die Rechtgeleiteten am besten. (68:7)</p>",
    "timestamp": "2025-12-20T14:27:52.303336+00:00",
    "version": "1.0",
    "copyright": {
      "author": "Muhammad Ibn Ahmad Ibn Rassoul",
      "publisher": "IB Verlag Islamische Bibliothek",
      "edition": "41. Auflage",
      "title": "Tafsīr Al-Qur'ān Al-Karīm"
    }
  },
  {
    "key": "de_tafsir-al-azhar",
    "verse_key": "68:33",
    "verses": [
      "68:33"
    ],
    "text": "<p>Die Makkaner, die die Botschaft <em>Allā</em> hs deswegen ablehnten, weil sie wohlhabend und einflussreich waren, sollten die Lehre aus dieser Geschichte ziehen und sich von dem Reichtum und der Macht, die <em>Allā</em> h (t) ihnen zur Prüfung gegeben hatte, nicht blenden lassen. Die Strafe <em>Allā</em> hs droht im Diesseits und noch mehr im Jenseits. (ÜB) Für die Gerechten sind wahrlich Gärten der Wonne bei ihrem Herrn (bestimmt). (68:34) Sollten Wir etwa die Gottergebenen wie die Schuldigen behandeln. (68:35) Was ist euch? Wie urteilt ihr? (68:36) Oder habt ihr etwa ein Buch, in dem ihr studiert (68:37), so dass ihr danach alles erhalten sollt, was ihr wünscht? (68:38) Oder habt ihr Gelöbnisse von Uns - bindend bis zum Tage der Auferstehung, dass alles für euch sei, was ihr befehlt? (68:39) Frage sie, wer von ihnen dafür bürgen mag. (68:40) Oder haben sie Partner? So sollen sie</p>\n<p><em>Tafsīr</em> Al-Qur’<em>ān</em> <em>Al-Karīm</em> ihre Partner herbeibringen, wenn sie die Wahrheit reden. (68:41)</p>",
    "timestamp": "2025-12-20T14:27:52.303336+00:00",
    "version": "1.0",
    "copyright": {
      "author": "Muhammad Ibn Ahmad Ibn Rassoul",
      "publisher": "IB Verlag Islamische Bibliothek",
      "edition": "41. Auflage",
      "title": "Tafsīr Al-Qur'ān Al-Karīm"
    }
  },
  {
    "key": "de_tafsir-al-azhar",
    "verse_key": "68:34",
    "verses": [
      "68:34"
    ],
    "text": "<p>Gegenüber dem irdischen Garten, den <em>Allā</em> h (t) oben in 68:20 verwüstet hatte, stehen hier die <strong>\"Gärten der Wonne\"</strong> in Vielzahl. In diesem Versblock handelt es sich um die bekannte Parallelität des Qur’<em>ā</em> n. D.h., dass jedesmal, wenn <em>Allā</em> h (t) von der Belohnung der rechtschaffenen Diener im Paradies spricht (vgl. 38:49-54), berichtet Er von der Bestrafung der Ungläubigen, und zwar aus dem Prinzip der Barmherzigkeit und der Gerechtigkeit zugelich, weil die Botschaft stets diese Eigenschaft hat: Als frohe Botschaft und als Warnung.</p>",
    "timestamp": "2025-12-20T14:27:52.303336+00:00",
    "version": "1.0",
    "copyright": {
      "author": "Muhammad Ibn Ahmad Ibn Rassoul",
      "publisher": "IB Verlag Islamische Bibliothek",
      "edition": "41. Auflage",
      "title": "Tafsīr Al-Qur'ān Al-Karīm"
    }
  },
  {
    "key": "de_tafsir-al-azhar",
    "verse_key": "68:35",
    "verses": [
      "68:35"
    ],
    "text": "<p>Wir sollten daran denken, dass der <strong>\"institutionalisierte\"</strong> Gebrauch dieses Wortes <strong>\"Al- <em>Muslimū</em> n\"</strong> (Gottergebene) - das heißt seine ausschließliche Anwendung für die Anhänger des Propheten <em>Muḥ</em> ammad (a.s.s.) - eine eindeutig nach-qur’<em>ā</em> nische Entwicklung ist und bei der Übersetzung des Qur’<em>ā</em> n vermieden werden sollte. <strong>\"<em>Al-Muslimū</em> n\"</strong> kann auch heißen: diejenigen, die den Frieden verbreiten. (ÜB) 68:36-40 - Die Götzendiener können sich nicht auf ein besonderes Bündnis mit <em>Allā</em> h (t) berufen, das sie über andere Sterbliche heraushebt. Auch die jüdische Vorstellung vom <strong>\"Auserwählten Volk\"</strong> wird verurteilt. Sicher ist es wahr, dass ein bestimmtes Volk oder eine bestimmte Menschengruppe aufgrund ihres Verhaltens von <em>Allā</em> h (t) auserwählt werden kann, um Seine Wahrheit zu erhalten und diese zu verkünden. Dies ist aber dadurch bedingt, dass sie <em>Allā</em> hs Gesetz folgen.</p>",
    "timestamp": "2025-12-20T14:27:52.303336+00:00",
    "version": "1.0",
    "copyright": {
      "author": "Muhammad Ibn Ahmad Ibn Rassoul",
      "publisher": "IB Verlag Islamische Bibliothek",
      "edition": "41. Auflage",
      "title": "Tafsīr Al-Qur'ān Al-Karīm"
    }
  },
  {
    "key": "de_tafsir-al-azhar",
    "verse_key": "68:41",
    "verses": [
      "68:41"
    ],
    "text": "<p><strong>\"Partner\"</strong>, wie z.B. in der Trinitätslehre der christlichen Kirche oder in jeder Form der Vielgötterei. Eine solche Lehre zerstört die Hauptlehre von der göttlichen Einheit. Am Tage, wenn die Beine entblößt werden und sie aufgefordert werden, sich anbetend niederzuwerfen, werden sie es nicht können. (68:42) Ihre Blicke werden niedergeschlagen sein, (und) Schande wird sie bedecken; denn sie waren (vergebens) aufgefordert worden, sich anbetend niederzuwerfen, damals als sie (noch) wohlbehalten waren. (68:43) So überlass Mir diejenigen, die diese Verkündigung leugnen. Wir werden sie Schritt um Schritt gehen lassen, ohne dass sie es wissen. (68:44) Und Ich gewähre ihnen einen Aufschub; wahrlich, Mein Plan ist vollkommen. (68:45) Oder verlangst du einen Lohn von ihnen, so dass sie sich von einer Schuldenlast bedrückt fühlen? (68:46) Oder ist das Verborgene bei ihnen, so dass sie (es) niederschreiben können? (68:47) 68:42-43 - Mehr als anderthalbe Milliarde Muslime auf dieser Erde werfen sich vor <em>Allā</em> h anbetend nieder. Wieviele Menschen lehnen dies ab? Selbst die Christen, die sich als <strong>\"gläubig\"</strong> bezeichnen, sitzen auf Bänken und Stühlen in ihren Kirchen und lassen das Niederwerfen sein für eine kleine Zahl von Novicen bei ihrer Einweihung für das Priesteramt. Also die Mehrheit von ihnen lehnt die anbetende Niederwerfung vor dem Erhabenen Schöpfer ab. Hier erfolgt der Tadel für diese bedauerliche Entwicklung und die Androhung der Strafe. 68:44-45 - Beachte den Übergang von <strong>\"Mich\"</strong> zu <strong>\"Wir\"</strong> in diesem Vers und dann wieder zum <strong>\"Ich\"</strong> und <strong>\"Mein\"</strong> im nächsten. Die erste Person Plural wird im Qur’<em>ā</em> n im Sinne von <strong>\"pluralis majestatis\"</strong> benutzt, ähnlich wie im Erlass eines Königs die erste Person Plural benutzt wird. Wenn die erste Person Singular benutzt wird, geht es um eine besondere persönliche Beziehung,</p>\n<p><em>Tafsīr</em> Al-Qur’<em>ān</em> <em>Al-Karīm</em> entweder die der Gnade und Barmherzigkeit (z.B. in 2:38, 150) oder die der Bestrafung wie hier. (vgl. ferner 7:182; 10:5; 52:40). 68:46-47 - In erster Linie ist hier der Prophet (a.s.s.) gemeint, aber auch eine allgemeine Auslegung ist möglich. Ein rechtschaffener Mensch verlangt keinen Lohn für seine Ermahnungen oder sein Beispiel; wenn er dieses täte, dann wäre der Wert zu groß als dass ihn die Welt bezahlten könnte. (ÜB) (vgl. dazu 7:182-183; 52:41). So warte geduldig auf den Befehl deines Herrn, und sei nicht wie der Mann des Fisches (Jonas), als er (seinen Herrn) anrief, während er von Kummer erfüllt war. (68:48) Wäre ihm keine Gnade von seinem Herrn erwiesen worden, wäre er sicher an ein kahles Land geworfen worden, und er wäre geschmäht worden. (68:49) Doch sein Herr erwählte ihn und machte ihn zu einem der Rechtschaffenen. (68:50) Und jene, die ungläubig sind, möchten dich gerne mit ihren (zornigen) Blicken zu Fall bringen, wenn sie die Ermahnung hören; und sie sagen: ”Er ist gewiss verrückt!“ (68:51) Und es ist nichts anderes als eine Ermahnung für alle Welten. (68:52) 68:48-51 - Jonas (a.s.) hatte den Auftrag, bei den Leuten von Ninive zu predigen. Sie reagierten darauf mit Feindseligkeiten und Verfolgungen, worauf er vor seinen Feinden floh und ein Schiff als Transportmittel für seine Entfernung von seinem Volk nahm. Als ein Sturm losbrach, wurde er zur Entlastung des Schiffes ins Meer geworfen. Dort verschlang ihn ein Riesenfisch, aber in seinem lebenden Gefängnis empfand er Reue und erlangte Vergebung. Auch seine Leute von Ninive, zu denen er wieder gesandt wurde, erlangten Vergebung; denn auch sie kehrten um. Dies ist ein doppeltes Gleichnis von <em>Allā</em> hs Gnade und Vergebungsbereitschaft, und ein Gebot, standhaft und geduldig zu sein und sich <em>Allā</em> hs Willen vollkommen hinzugeben. Auch unser Prophet <em>Muḥ</em> ammad (a.s.s.) wird durch dieses Beispiel aufgefordert, nicht seinem Zorn und seiner Frustration nachzugeben, sondern seine Aufgabe in Makka standhaft weiterzuerfüllen. (vgl. 4:69; 21:87-88; 37:139-148).</p>",
    "timestamp": "2025-12-20T14:27:52.303336+00:00",
    "version": "1.0",
    "copyright": {
      "author": "Muhammad Ibn Ahmad Ibn Rassoul",
      "publisher": "IB Verlag Islamische Bibliothek",
      "edition": "41. Auflage",
      "title": "Tafsīr Al-Qur'ān Al-Karīm"
    }
  }
]