[
  {
    "key": "de_tafsir-al-azhar",
    "verse_key": "81:3",
    "verses": [
      "81:3"
    ],
    "text": "<h2>Sura At-Takwī r (Das Einrollen)</h2>\n<p><em>(offenbart zu Makka)</em></p>\n<p><em>0 Āyāt</em></p>\n<p>(offenbart zu Makka) 29 <em>Ā</em> y <em>ā</em> t Am Tage des Jüngsten Gerichts wird, wie wir vom Qur’<em>ā</em> n wissen, die Erde zerbrechen, und jeder wird die Folgen seiner Taten auf Erden erfahren. Das ist das Wort eines höchst ehrenhaften Boten, der vor <em>Allā</em> h eine würdige Stellung genießt und nicht besessen ist. Es handelt sich um die Botschaft <em>Allā</em> hs an alle Welten, die von <em>Allā</em> hs Gesandtem klar und deutlich erklärt ist. Folge ihr und sei rechtgeleitet. Im Namen <em>Allāhs</em>, des Allerbarmers, des Barmherzigen! Wenn die Sonne eingerollt ist (81:1), und wenn die Sterne trübe sind (81:2), und wenn die Berge fortbewegt werden (81:3), und wenn die trächtigen Kamelstuten vernachlässigt werden (81:4), und wenn wildes Getier versammelt wird (81:5), und wenn die Meere zu einem Flammenmeer werden (81:6), und wenn die Seelen (mit ihren Leibern) gepaart werden (81:7), und wenn das lebendig begrabene Mädchen gefragt wird (81:8): ”Für welch ein Verbrechen wurdest du getötet?“ (81:9) Und wenn Schriften weithin aufgerollt werden (81:10), und wenn der Himmel weggezogen wird (81:11), und wenn die <em>Al-Ǧ</em> a <em>ḥīm</em> angefacht wird (81:12), und wenn das Paradies nahegerückt wird (81:13); dann wird jede Seele wissen, was sie mitgebracht hat. (81:14) 81:1-2 - Die Sonne ist wissenschaftlich als <strong>\"lebhafter\"</strong> Himmelskörper bekannt, der laufend Straheln und Explosionen von sich hergibt, die so stark sind wie eine Atomkraft. Am Tage des Jüngsten Gerichts verliert die Sonne ihre diese Eigenschaft und wird ihre <strong>\"lebhafte\"</strong> Oberfläche durch das Einrollen, nach dem diese Sura genannt ist, völlig kahl und leblos sein. Das gleiche Schicksal trifft die Sterne, die vor unseren Augen trüb aussehen werden, nachdem sie einst wie <strong>\"Diamanten\"</strong> im Himmel funkelten.</p>\n<p>Die massiven Berge, die auf ihren festen Plätzen unbeweglich stehen, werden am Tage des Weltuntergangs herausgerissen und ins Weltall geschleudert werden, so dass sie dort in der Schwerelosigkeit wie Wollflocken schweben. (vgl. 20:105-108 und die Anmerkung dazu).</p>",
    "timestamp": "2025-12-20T14:27:52.303336+00:00",
    "version": "1.0",
    "copyright": {
      "author": "Muhammad Ibn Ahmad Ibn Rassoul",
      "publisher": "IB Verlag Islamische Bibliothek",
      "edition": "41. Auflage",
      "title": "Tafsīr Al-Qur'ān Al-Karīm"
    }
  },
  {
    "key": "de_tafsir-al-azhar",
    "verse_key": "81:4",
    "verses": [
      "81:4"
    ],
    "text": "<p>Hochträchtige Kamelstuten sind für die Araber der wertvollste Besitz; denn sie werden ihren Reichtum vergrößern durch ihre Vermehrung und die Milch, die die Besitzer sich mit den jungen Kamelen teilen. Doch am Tag des Weltuntergans werden so überwältigende Ereignisse</p>\n<p><em>Tafsīr</em> Al-Qur’<em>ān</em> <em>Al-Karīm</em> eintreten, dass sich niemand mehr um sie kümmern wird. (ÜB)</p>",
    "timestamp": "2025-12-20T14:27:52.303336+00:00",
    "version": "1.0",
    "copyright": {
      "author": "Muhammad Ibn Ahmad Ibn Rassoul",
      "publisher": "IB Verlag Islamische Bibliothek",
      "edition": "41. Auflage",
      "title": "Tafsīr Al-Qur'ān Al-Karīm"
    }
  },
  {
    "key": "de_tafsir-al-azhar",
    "verse_key": "81:5",
    "verses": [
      "81:5"
    ],
    "text": "<p>In der gegenwärtigen Welt fürchten sich die wilden Tiere voreinander und meiden menschliche Siedlungen. Wenn diese Weltordnung zu Ende ist, werden Löwe und Lamm sich zusammenfinden und es wird keinen Umerschied zwischen menschlichen Behausungen und der Wildnis der Wälder geben. (ÜB)</p>",
    "timestamp": "2025-12-20T14:27:52.303336+00:00",
    "version": "1.0",
    "copyright": {
      "author": "Muhammad Ibn Ahmad Ibn Rassoul",
      "publisher": "IB Verlag Islamische Bibliothek",
      "edition": "41. Auflage",
      "title": "Tafsīr Al-Qur'ān Al-Karīm"
    }
  },
  {
    "key": "de_tafsir-al-azhar",
    "verse_key": "81:6",
    "verses": [
      "81:6"
    ],
    "text": "<p>Das Wasser, das gewöhnlich als Feuerlöscher verwendet wird, wird selbst am Tage des Weltuntergangs brennen und kann nicht mehr gelöscht werden. So sehen die Meere wie ein Flammenmeer aus und die Ursache dieses Brandes wird im Qur’<em>ā</em> n nicht gegeben; es bleibt damit im Verborgenen. Man kann nur annehmen, dass Fluchtwege auf dem Wasser mit Schiffen oder mit ähnlichen Mitteln gesperrt werden.</p>",
    "timestamp": "2025-12-20T14:27:52.303336+00:00",
    "version": "1.0",
    "copyright": {
      "author": "Muhammad Ibn Ahmad Ibn Rassoul",
      "publisher": "IB Verlag Islamische Bibliothek",
      "edition": "41. Auflage",
      "title": "Tafsīr Al-Qur'ān Al-Karīm"
    }
  },
  {
    "key": "de_tafsir-al-azhar",
    "verse_key": "81:7",
    "verses": [
      "81:7"
    ],
    "text": "<p>Durch den Tod wurden Leib und Seele voneinander getrennt. Jetzt bei der Auferstehung werden beide zusammenkommen und so gepaart, dass der Mensch als Ganzes für seine Rechenschaft vor seinem Herrn dasteht (vgl. dazu 56:7). 81:8-9: Wenn sich dieser Vers auf den Brauch der <em>Al-Ǧāhiliyya</em> bezieht, so wird dieses Verbrechen bis unserer Zeit praktiziert. Über die heutigen Praktiken des Kindesmords wird beispielsweise in der Presse folgendes berichtet: ”Gleich nach der Geburt wurde der Säugling mit einem Kissen erstickt. Er war gesund, doch weiblichen Geschlechts. Mädchen wurden im alten China meist als <strong>\"Ware ohne Gewinn\"</strong> angesehen und deshalb gleich nach der Geburt von ihren weinenden Müttern auf Befehl ihrer Väter getötet ... Der schreckliche Brauch der Kindestötung lebt heute in China weiter auf; denn die staatliche Geburtenkontrolle erlaubt einer Familie nur ein Neugeborenes. So töteten auf dem Land in letzter Zeit vermehrt Eltern eine Tochter gleich nach der Geburt, weil sie sich die Chance bewahren wollten, noch einen männlichen Stammhalter zu bekommen ... Hält sich eine Familie ... nicht an die staatlich verordnete Ein-Kind-Planung, wird sie bestraft. Erst einmal ist Schluss mit Prämien und Lohnerhöhungen für Vater und Mutter. Dann müssen beide auf einer Kritikversammlung ihrer Arbeitseinheiten ihres Dorfes die Zeugung öffentlich bereuen ... Das Kind gilt bei den Behörden für mehrere Jahre als <strong>\"nichtexistent\"</strong>. Es erhält keine Stoff- und Lebensmittelrationen zugeteilt. Die Eltern müssen ihre Rationen mit dem <strong>\"unerwünschten\"</strong> Wesen teilen.“ (KStA. Nr.4/31/83). 81:8-9: ”Mitten in der Zeit des indischen Wahlkampfes erschien der <strong>\"Times of India\"</strong> eine Meldung so sensationell, dass sie die üblichen Wahlreportagen von der ersten Seite verdrängte: Im Dorf Devra, gelegen im Wüstenstaat Rajasthan, war ein junges Mädchen verheiratet worden. Was sonst in Indien eine nicht erwähnenswerte Alltäglichkeit ist, war hier eine Einmaligkeit. Denn das Mädchen, deren Namen man nicht für mitteilungswürdig hielt, so dass nur der Name des Vaters, Inder Singh, Erwähnung fand, war das erste weibliche Wesen, das seit 110 Jahren in diesem Dorf eine Eheschließung einging. Des Rätsels Lösung: sie war das erste Mädchen, das in den vergangenen 110 Jahren am Leben geblieben ist. Bei allen anderen Mädchen hatte man dafür gesorgt, dass sie gar nicht erst ins heiratsfähige Alter kamen. Sie waren gleich nach der Geburt in Milch ertränkt, mit einem Kissen erstickt oder einfach mit Opium gefüttert worden, das in jedem Rajasthani-Haushalt bereitsteht. Niemand hatte bisher dagegen protestiert. Auch die aus anderen Dörfern stammenden Mütter nicht, denen man, wie allen Mädchen in Indien, von klein auf beigebracht hatte, dass es ihre Bestimmung sei, ihrem künftigen Ehemann zu dienen und ihm</p>\n<p><em>Tafsīr</em> Al-Qur’<em>ān</em> <em>Al-Karīm</em> Söhne zu gebären, auf keinen Fall jedoch Töchter. Das gilt auch für andere Teile Indiens, wo man kleine Mädchen genauso unbedenklich und hemmungslos umbringt, weil sie später nur gegen eine die Familie häufig ruinierende Mitgift an einen Mann losgeschlagen werden können. Inder Singhs Tochter machte nun Geschichte, weil sie einfach Glück gehabt hatte. Denn die mit ihr schwangere Mutter war seinerzeit für die Geburt ins Nachbardorf zu ihren Eltern zurückgekehrt, wo man zwar auch die neugeborenen Mädchen umzubringen pflegte, nur nicht so unerbittlich wie in Devra. Also ließ man die Kleine leben und sie verbrachte zehn Jahre bei ihren Großeltern. Als sie schließlich nach Devra zurückkehrte, hatte sie abermals großes Glück. Denn ihre Ankunft fiel mit einem sehr erfolgreichen Geschäftsabschluss für ihre Familie zusammen, und abergläubisch, wie man war, hieß es: seit sie da ist, steht ein guter Stern über dem Haus. Abermals durfte sie leben. Aber die große Frage ist, wird es auch ihre Tochter, dürfen; wenn sie eine bekommt? In der indischen, auf Söhne fixierten Gesellschaft, haben selbst in den angeblich aufgeklärteren Städten Mädchen keine guten Chancen. Obwohl seit einiger Zeit Geschlechtsbestimmungs-Tests verboten sind, blüht das Geschäft der Privatkliniken mit Ultraschall und Amniocentese. Ist das ungeborene Kind ein Mädchen, dann wird es meistens abgetrieben. Das Verbot besteht nur auf dem Papier. Seit neuestem erscheinen übeall Anzeigen, die versprechen: <strong>\"Mit 70-prozentiger Wahrscheinlichkeit wird Ihr nächstes Kind ein Junge\"</strong>, durch die Trennung von X-und Y- Chromosomen im Sperma. Über die Folgen einer derartigen Selektion macht sich freilich kaum jemand Gedanken. Ungerührt wird in Indien zur Kenntnis genommen, dass seit Jahren der weibliche Anteil der Bevölkerung kontinuierlich und drastisch fällt. Bei der Volkszählung 1961 kamen noch 972 Frauen auf 1000 Männer. 1991 waren es nur noch 927, in den rückständigsten Staaten Bihar, Uttar Pradesh und Rajasthan in ganzen Landstrichen sogar nur noch 600. Die Frauen-Kommission für Delhi kommt in ihrem jüngsten Bericht zu der Feststellung: <strong>\"Mädchen wird eine ausreichende Ernährung oder medizinische Versorgung systematisch vorenthalten. Von klein auf müssen sie um ihr Überleben kämpfen. Ein Viertel der 13 Millionen Mädchen, die jedes Jahr geboren werden, erleben nicht ihren 15. Geburtstag.\"</strong> Die letzte Volkszählung 1991 zeigte, dass es in der indischen Hauptstadt 900000 weniger Frauen als Manner gab, in der Altersgruppe 0 bis 5 Jahre waren es 71000 weniger Mädchen als Jungen. Wenn im Jahr 2001 die nächste Volkszählung stattfindet, wird das Ergebnis wohl noch schlimmer ausfallen. Doch im indischen Wertesystem gelten Frauen weiter nichts. Denn, wie sagt doch das Sprichwort: Ein Mädchen aufwachsen zu lassen ist so, als würde man den Garten des Nachbarn bewässern.“ (Gabriele Venzky: Das Mädchen, das leben darf, KStA Nr. 240 v. 13.10.1999)</p>",
    "timestamp": "2025-12-20T14:27:52.303336+00:00",
    "version": "1.0",
    "copyright": {
      "author": "Muhammad Ibn Ahmad Ibn Rassoul",
      "publisher": "IB Verlag Islamische Bibliothek",
      "edition": "41. Auflage",
      "title": "Tafsīr Al-Qur'ān Al-Karīm"
    }
  },
  {
    "key": "de_tafsir-al-azhar",
    "verse_key": "81:10",
    "verses": [
      "81:10"
    ],
    "text": "<p>Am Tage der Abrechnung werden die Schriften, die an anderen Stellen des Qur’<em>ā</em> n als <strong>\"Bücher\"</strong> über die Taten der Menschen bezeichnet werden, weithin aufgerollt werden, um alle Angaben über den Menschen in aller Gerechtigkeit zu zeigen.</p>",
    "timestamp": "2025-12-20T14:27:52.303336+00:00",
    "version": "1.0",
    "copyright": {
      "author": "Muhammad Ibn Ahmad Ibn Rassoul",
      "publisher": "IB Verlag Islamische Bibliothek",
      "edition": "41. Auflage",
      "title": "Tafsīr Al-Qur'ān Al-Karīm"
    }
  },
  {
    "key": "de_tafsir-al-azhar",
    "verse_key": "81:11",
    "verses": [
      "81:11"
    ],
    "text": "<p>Am Tage des Jüngsten Gerichts werden die Abgrenzungen des Himmels, der einst eine geschlossene Einheit darstellte, weggezogen werden, so dass der Himmel selbst als weggezogen erscheint. 81:12-14 - Am Tage der Abrechnung wird alles vorbereitet: Das Höllenfeuer, die <em>Al-Ǧ</em> a <em>ḥīm</em> wird angefacht und das Paradies zur Ehrung der Gläubigen ins Blickfeld nahegerückt. In diesem Stadium wird dann jede Seele erfahren, was sie mitgebracht hat. Doch nein! Ich schwöre bei den rückläufigen Sternen (81:15), den voraneilenden und den</p>\n<p><em>Tafsīr</em> Al-Qur’<em>ān</em> <em>Al-Karīm</em> sich verbergenden (81:16), und bei der Nacht, wenn sie vergeht (81:17), und Ich schwöre beim Morgen, wenn er zu atmen beginnt (81:18), dass dies in Wahrheit ein Wort eines edlen Boten (Gabriel) ist (81:19), der mit Macht begabt ist bei dem Herrn des Throns und in Ansehen steht (81:20), dem gehorcht wird und der getreu ist (81:21); und euer Gefährte ist nicht ein Besessener. (81:22) Wahrlich, er sah ihn am klaren Horizont. (81:23) Und er ist weder geizig hinsichtlich des Verborgenen (81:24), noch ist dies das Wort Satans, des Verfluchten. (81:25) Wohin also wollt ihr gehen? (81:26) Dies ist ja nur eine Ermahnung für alle Welten. (81:27) Für denjenigen unter euch, der aufrichtig sein will. (81:28) Und ihr werdet nicht wollen, es sei denn, dass <em>Allāh</em> will, der Herr der Welten. (81:29) 81:15-17 - Der Schwur mit den von <em>Allā</em> h (t) erschaffenen Dingen und ihren Funktionsformen steht Ihm allein zu. Hier geht es in diesem Schwur um Naturerscheinungen der Sterne, die den Menschen durch ihr ständiges Wiederauftauchen vertraut sind.</p>",
    "timestamp": "2025-12-20T14:27:52.303336+00:00",
    "version": "1.0",
    "copyright": {
      "author": "Muhammad Ibn Ahmad Ibn Rassoul",
      "publisher": "IB Verlag Islamische Bibliothek",
      "edition": "41. Auflage",
      "title": "Tafsīr Al-Qur'ān Al-Karīm"
    }
  },
  {
    "key": "de_tafsir-al-azhar",
    "verse_key": "81:18",
    "verses": [
      "81:18"
    ],
    "text": "<p>Der Atem des Morgens ist ein zutreffender Ausdruck für die Regsamkeit der Umwelt, indem alles, das in der Nacht ruhte, mit dem Morgenlicht sich zu bewegen anfängt.</p>",
    "timestamp": "2025-12-20T14:27:52.303336+00:00",
    "version": "1.0",
    "copyright": {
      "author": "Muhammad Ibn Ahmad Ibn Rassoul",
      "publisher": "IB Verlag Islamische Bibliothek",
      "edition": "41. Auflage",
      "title": "Tafsīr Al-Qur'ān Al-Karīm"
    }
  },
  {
    "key": "de_tafsir-al-azhar",
    "verse_key": "81:19",
    "verses": [
      "81:19"
    ],
    "text": "<p>Gabriel (a.s.) ist der Engel, der die Botschaft des Qur’<em>ā</em> n Wort für Wort dem Propheten <em>Muḥ</em> ammad, <em>Allā</em> hs Segen und Friede auf ihm, verbal herabtrug. Um Missverständnise über diese Aussage auszuschließen muss hier bemerkt werden, dass damit nicht die Worte des Engels selbst, sondern die Worte <em>Allā</em> hs gemeint sind, die Gabriel auf den Befehl <em>Allā</em> h dem Propheten übergab. Die Stellung des Engels ist in den darauffolgenden Versen 20 und 21 dargelegt. 81:20-21 - Der qur’<em>ā</em> nische Begriff <strong>\"Thron\"</strong> - der in der tatsächlichen Reihenfolge der göttlichen Offenbarungen hier erstmals erscheint - steht ausnahmslos für die absolute Souveränität und Allmacht <em>Allā</em> hs. (ÜB) (vgl. oben 81:19 und die Anmerkung dazu). 81:22-23 - Der Gefährte hier ist <em>Muḥ</em> ammad (a.s.s.). Seine Bezeichnung als Gefährte soll das absolute Menschsein <em>Muḥ</em> ammads unterstreichen und damit jeglicher Möglichkeit entgegenwirken, dass seine Anhänger ihn - wie die Christen mit Jesus (a.s.) verfuhren - vergöttlichen. Die Götzendiener in Makka zur Zeit der Offenbarung warfen ihm Besessenheit vor. Manche bauten darauf ihre ständigen Angriffe gegen ihn und seine Anhänger. (ÜB) Hier wird diese Behauptung widerlegt und die Tatsache betont, dass <em>Muḥ</em> ammad (a.s.s.) den Engel Gabriel ohne jeden Zweifel mit eigenen Augen und im klaren Horizont sah, der von keinem Hinderniss betrübt war. (vgl. dazu 53:5 ff.) 81:24-26 - Der Mensch ist veranlagt, die wichtigen Ereignisse bzw. Erfolgsmomente seines Lebens als persönliches Geheimnis für sich zu behalten und ständig daraufachten, dass die <strong>\"Neider\"</strong> nicht davon erfahren. Ein Wahrsager z.B. hätte nie und nimmer seine Berufsgeheimnisse preisgegeben, die er vom Satan und von seinen Artsgenossen erhält. Hier aber handelt es sich nicht um ein persönliches Geheimnis, sondern um eine segensreiche Botschaftt aus dem Verborgenen des Allmächtigen Herrn, die durch den Propheten (a.s.s.) weit und breit verkündet werden muss. 81:27-28 - Dieser Botschaft des Qur’<em>ā</em> n ist ja die Ermahnung des Barmherzigen Schöpfers an alle Welten. Sie verkündet die frohe Botschaft an die Gläubigen über den herrlichen Lohn, den sie bei</p>\n<p><em>Tafsīr</em> Al-Qur’<em>ān</em> <em>Al-Karīm</em> ihrem Herrn erwarten, und warnt die ganze Menscheit vor den fatalen Folgen der Verleugnung diese Schrift. Die Worte in diesem Vers betonen den universalen Charakter der Botschaft und die Tatsache, dass <em>Muḥ</em> ammad, <em>Allā</em> hs Segen und Friede auf ihm, nicht nur an die Makkaner, sondern an alle Menschen als Prophet und Gesandter <em>Allā</em> hs entsandt wurde. Es sind Worte für diejenigen, die ehrlich und aufrichtig danach denken.</p>",
    "timestamp": "2025-12-20T14:27:52.303336+00:00",
    "version": "1.0",
    "copyright": {
      "author": "Muhammad Ibn Ahmad Ibn Rassoul",
      "publisher": "IB Verlag Islamische Bibliothek",
      "edition": "41. Auflage",
      "title": "Tafsīr Al-Qur'ān Al-Karīm"
    }
  },
  {
    "key": "de_tafsir-al-azhar",
    "verse_key": "80:42",
    "verses": [
      "80:42"
    ],
    "text": "<p>Mit diesen knappen Worten über die Beschreibung der Ungläubigen, der Unverschämten, endet diese gewaltige Sura mit ihrer Belehrung über göttliche Normen. Zu diesem Schluss bringt <em>Allā</em> h (t) Seine Missbilligung über das Verhalten der Schuldigen zum ausdruck. Gepriesen sei der</p>\n<p><em>Tafsīr</em> Al-Qur’<em>ān</em> <em>Al-Karīm</em> Allmächtige Gott, Herr der Himmel und Erde. Ende der Sura 80 (81) Sura <em>At-Takwī</em> r (Das Einrollen) (offenbart zu Makka) 29 <em>Ā</em> y <em>ā</em> t Am Tage des Jüngsten Gerichts wird, wie wir vom Qur’<em>ā</em> n wissen, die Erde zerbrechen, und jeder wird die Folgen seiner Taten auf Erden erfahren. Das ist das Wort eines höchst ehrenhaften Boten, der vor <em>Allā</em> h eine würdige Stellung genießt und nicht besessen ist. Es handelt sich um die Botschaft <em>Allā</em> hs an alle Welten, die von <em>Allā</em> hs Gesandtem klar und deutlich erklärt ist. Folge ihr und sei rechtgeleitet. Im Namen <em>Allāhs</em>, des Allerbarmers, des Barmherzigen! Wenn die Sonne eingerollt ist (81:1), und wenn die Sterne trübe sind (81:2), und wenn die Berge fortbewegt werden (81:3), und wenn die trächtigen Kamelstuten vernachlässigt werden (81:4), und wenn wildes Getier versammelt wird (81:5), und wenn die Meere zu einem Flammenmeer werden (81:6), und wenn die Seelen (mit ihren Leibern) gepaart werden (81:7), und wenn das lebendig begrabene Mädchen gefragt wird (81:8): ”Für welch ein Verbrechen wurdest du getötet?“ (81:9) Und wenn Schriften weithin aufgerollt werden (81:10), und wenn der Himmel weggezogen wird (81:11), und wenn die <em>Al-Ǧ</em> a <em>ḥīm</em> angefacht wird (81:12), und wenn das Paradies nahegerückt wird (81:13); dann wird jede Seele wissen, was sie mitgebracht hat. (81:14) 81:1-2 - Die Sonne ist wissenschaftlich als <strong>\"lebhafter\"</strong> Himmelskörper bekannt, der laufend Straheln und Explosionen von sich hergibt, die so stark sind wie eine Atomkraft. Am Tage des Jüngsten Gerichts verliert die Sonne ihre diese Eigenschaft und wird ihre <strong>\"lebhafte\"</strong> Oberfläche durch das Einrollen, nach dem diese Sura genannt ist, völlig kahl und leblos sein. Das gleiche Schicksal trifft die Sterne, die vor unseren Augen trüb aussehen werden, nachdem sie einst wie <strong>\"Diamanten\"</strong> im Himmel funkelten.</p>",
    "timestamp": "2025-12-20T14:27:52.303336+00:00",
    "version": "1.0",
    "copyright": {
      "author": "Muhammad Ibn Ahmad Ibn Rassoul",
      "publisher": "IB Verlag Islamische Bibliothek",
      "edition": "41. Auflage",
      "title": "Tafsīr Al-Qur'ān Al-Karīm"
    }
  }
]