[
  {
    "key": "de_tafsir-al-azhar",
    "verse_key": "41:1",
    "verses": [
      "41:1"
    ],
    "text": "<h2>Sura Fuṣṣilat (Erklärt!)</h2>\n<p><em>(offenbart zu Makka)</em></p>\n<p><em>0 Āyāt</em></p>\n<p>(offenbart zu Makka) 54 <em>Ā</em> y <em>ā</em> t Diese Sura betont, dass Glaube und Offenbarung <em>Allāhs</em> Macht und Güte sind. Der Glaube an <em>Allāh</em> (t) und Seine Botschaft wird die Menschen zum Erfolg führen, der dann durch diese gerechte Taten leisten. Die Offenbarung erklärt Dinge und bringt frohe Botschaft zu denen, die Gutes tun, und warnt die Menschen davor, Schlechtes zu begehen. Leugne nicht <em>Allāh</em> und Seine Botschaft; denn die Erkenntnis über beide kann durch das Betrachten Seiner Schöpfung gefunden werden. Lerne aus den Geschichten der ‘<em>Ād</em> und Ṯamūd, wie sie für ihren Unglauben vernichtet wurden. Am Tage des Jüngsten Gerichts werden Augen, Ohren und Haut Zeugnis gegen die Menschen ablegen. Der wahrhaftige Gläubige ruft die anderen auf, die Herrlichkeit seines Glaubens zu teilen. Er verrichtet gute Taten und verneigt sich vor <em>Allāhs</em> Willen. Seine endgültige Bestimmung wird das Paradies sein. Er wird sich weder fürchten noch betrübt sein und ständig Geduld und Selbstbeherrschung in diesem Leben üben. Glaube und Unglaube können niemals das Gleiche sein, genau wie Gut und Böse niemals gleich sein können. Das Wahre Wissen gehört <em>Allāh</em>, aber Unwahrheit benachteiligt den Menschen und lässt jede Hoffnung verschwinden. Im Namen <em>Allāhs</em>, des Allerbarmers, des Barmherzigen! <em>Ḥā</em> <em>Mī</em> m. (41:1) (Dies ist) eine Offenbarung von dem Allerbarmer, dem Barmherzigen (41:2), ein Buch, dessen Verse als Qur’<em>ā</em> n in arabischer Sprache klar gemacht worden sind für</p>\n<p><em>Tafsīr</em> Al-Qur’<em>ān</em> <em>Al-Karīm</em> Leute, die Wissen besitzen (41:3); als Bringer froher Botschaft und Warner. Doch die meisten von ihnen kehren sich (von ihm) ab, so dass sie (ihn) nicht hören. (41:4) Und sie sagen: ”Unsere Herzen sind vor dem verhüllt, wozu du uns anrufst, und unsere Ohren sind taub, und zwischen uns und dir ist eine Scheidewand. So handle, auch wir handeln.“ (41:5)</p>\n<p>Über die Bedeutung dieser arabischen Buchstaben vgl. Erläuterung der Termini (s.u. <strong>\"Alif\"</strong>). 41:2-4 - Der Urheber dieser Schrift, d.h. des Qur’<em>ā</em> n, ist der Erbarmende und Barmherzige Gott. Diese beiden Attribute gehören zu den 99 <strong>\"Namen\"</strong> des Erhabenen Schöpfers (vgl. den Titel: <strong>\"Und <em>Allā</em> hs sind die Schönsten Namen\"</strong>, Islamische Bibliothek). Wie oben in 40:2-3 dargelegt, hat diese Schrift einen göttlichen Ursprung und ist auf keinen Fall das Produkt eines sterblichen Verfassers. Darüberhinaus ist sie in der Sprache offenbart, die das Volk der Araber versteht. Dies geschah aus dem einfachen Grund, dass die arabische Bevölkerung, aus deren Mitte <em>Muḥ</em> ammad, <em>Allā</em> hs Segen und Friede auf ihm, als Prophet auserwählt wurde, keinen Widerspruch wegen Unverständlichkeit der Offenbarung erheben kann. Dadurch verliert sie nicht den universalen Charakter und behält ihre Eigenschaft als Offenbarung an alle Menschen. Allein in deutscher Sprache stehen über 40 Übersetzungen des Qur’<em>ā</em> n zur Verfügung. Auch, wenn der Qur’<em>ā</em> n aus seiner göttlichen Vollkommenheit unübersetzbar ist, ist sein Kern durch das Glaubensbekenntnis in jeder Sprache leicht verständlich (vgl. dazu den Titel: <strong>\"Was ist Islam?\"</strong>, Islamische Bibliothek). Deshalb wird hier betont, dass dieses Buch Verse enthält, die <strong>\"klar gemacht worden sind\"</strong>. Auf Arabisch heißt es <strong>\"<em>fuṣṣilat</em>\"</strong> (erklärt) und ist auch der Titel dieser Sura geworden. Ohne Zweifel ist diese Schrift eine Barmherzigkeit <em>Allā</em> hs für die ganze Menschheit, weil Er uns Menschen vor Seiner Strafe warnt, und gleichzeitig Seine frohe Botschaft über den herrlichen Lohn im Jenseits für diejenigen verkündet, die diese Schrift liebevoll annehmen und nach ihr leben (vgl. dazu 12:2; ferner 17:45-46 und die Anmerkung dazu).</p>",
    "timestamp": "2025-12-20T14:27:52.303336+00:00",
    "version": "1.0",
    "copyright": {
      "author": "Muhammad Ibn Ahmad Ibn Rassoul",
      "publisher": "IB Verlag Islamische Bibliothek",
      "edition": "41. Auflage",
      "title": "Tafsīr Al-Qur'ān Al-Karīm"
    }
  },
  {
    "key": "de_tafsir-al-azhar",
    "verse_key": "41:5",
    "verses": [
      "41:5"
    ],
    "text": "<p>Die heidnischen Makkaner widersetzen sich hartnäckig und sagen: ”Unsere Herzen sind vor dem verhüllt ...\", um den Propheten (a.s.s.) zu demütigen (vgl. 6:25; 7:25, 46). Sprich: ”Ich bin nur ein Mensch wie ihr. Mir wird offenbart, dass euer Gott ein Einziger Gott ist; so seid aufrichtig Ihm gegenüber und bittet Ihn um Vergebung.“ Und wehe den Götzendienern (41:6), die nicht die <em>Zakā</em> h entrichten und die das Jenseits leugnen. (41:7) Diejenigen, die aber glauben und gute Werke tun, werden einen nimmer endenden Lohn erhalten. (41:8)</p>",
    "timestamp": "2025-12-20T14:27:52.303336+00:00",
    "version": "1.0",
    "copyright": {
      "author": "Muhammad Ibn Ahmad Ibn Rassoul",
      "publisher": "IB Verlag Islamische Bibliothek",
      "edition": "41. Auflage",
      "title": "Tafsīr Al-Qur'ān Al-Karīm"
    }
  },
  {
    "key": "de_tafsir-al-azhar",
    "verse_key": "41:6",
    "verses": [
      "41:6"
    ],
    "text": "<p>Der Prophet (a.s.s.) soll dies ausrichten. ”Ich bin nur ein Mensch wie ihr ...\", heißt, dass er über keine außergewöhnliche Kräfte verfügt. Somit sollen die heidnischen Makkaner die frohe Botschaft des Qur’<em>ā</em> n akzeptieren und durch Umkehr <em>Allā</em> hs Gnade und Vergebung erlangen (vgl. 6:50).</p>",
    "timestamp": "2025-12-20T14:27:52.303336+00:00",
    "version": "1.0",
    "copyright": {
      "author": "Muhammad Ibn Ahmad Ibn Rassoul",
      "publisher": "IB Verlag Islamische Bibliothek",
      "edition": "41. Auflage",
      "title": "Tafsīr Al-Qur'ān Al-Karīm"
    }
  },
  {
    "key": "de_tafsir-al-azhar",
    "verse_key": "41:7",
    "verses": [
      "41:7"
    ],
    "text": "<p>Die Götzendiener von Makka haben die Offenbarung aus zwei Gründen abgelehnt: Der erste Grund bestand darin, dass sie aus Geiz keine <em>Zakā</em> h entrichten wollten. Ibn ‘<em>Abbā</em> s ist der Ansicht, dass das Wort <em>Zakā</em> h hier im Sinne von innerer Reinigung verwendet worden ist, die durch den Glauben an <em>Allā</em> h und Gehorsam Ihm gegenüber zustandekommt. (ÜB) Dementsprechend würde der Vers dann heißen: Wehe den Götzendienern, die sich nicht innerlich</p>\n<p><em>Tafsīr</em> Al-Qur’<em>ān</em> <em>Al-Karīm</em> reinigen! <em>Qatā</em> da und andere Kommentatoren verstehen das Wort hier im Sinne von <strong>\"Menschenrecht an Armensteuer\"</strong>. Demnach würde der Vers bedeuten: Wehe den Götzendienern, die das diesbezügliche Menschenrecht nicht achten. Es ist auffällig, dass hier in einem in Makka offenbarten Vers von <em>Zakā</em> h die Rede ist, die doch als <strong>\"Armensteuer\"</strong> erst im 3. Jahr der <em>Hiǧ</em> ra in <em>Al-Madī</em> na verbindlich gemacht wurde. Die Grundlagen des <em>Zakā</em> h-Systems waren jedoch bereits in Makka bekannt und <em>Zakā</em> h wurde individuell verrichtet. Was in <em>Al-Madī</em> na folgte, waren Erläuterungen ihrer genauen Anwendung und Verteilung (vgl. den Titel: <strong>\"Handbuch der <em>Zakā</em> h und der islamischen Wirtschaftslehre\"</strong>, Islamische Bibliothek). Der zweite Grund bestand darin, dass die Makkaner das Jenseits leugneten. Diese Haltung führte zu katastrophalen Folgen, indem sie die Auferstehung und die Rechenschaft leugneten und das Unrecht, das sie gegen die Mitmenschen begangen haben, ohne Furcht vor <em>Allā</em> h fortsetzten. Sprich: ”Leugnet ihr Den wirklich, Der die Erde in zwei Tagen erschuf? Und dichtet ihr Ihm Nebenbuhler an?“ Er allein ist der Herr der Welten. (41:9) Und Er gründete in ihr feste Berge, die sie überragen, und segnete sie und ordnete auf ihr ihre Nahrung in richtigem Verhältnis in vier Tagen - gleichmäßig für die Suchenden. (41:10) Dann wandte Er Sich zum Himmel, welcher noch Nebel war, und sprach zu ihm und zu der Erde: ”Kommt ihr beide, willig oder widerwillig.“ Sie sprachen: ”Wir kommen willig.“ (41:11) So vollendete Er sie als sieben Himmel in zwei Tagen, und jedem Himmel wies Er seine Aufgabe zu. Und Wir schmückten den untersten Himmel mit Leuchten, (welche auch) zum Schutz (dienen). Das ist die Schöpfung des Erhabenen, des Allwissenden. (41:12) 41:9-12 - Dies soll der Prophet den Götzendienern in Makka sagen. Wenn wir die in diesem Vers erwähnten zwei Tage, die unten in Vers 10 erwähnten vier Tage und die unten in Vers 12 erwähnten zwei Tage zusammenzählen, erhalten wir eine Summe von acht Tagen, während in vielen anderen Abschnitten davon die Rede ist, dass die Schöpfung an sechs Tagen stattgefunden hat (vgl. 7:54; 32:4). Die Kommentatoren verstehen dies so, dass in den in Vers 10 erwähnten vier Tagen die hier erwähnten zwei Tage eingeschlossen sind, so dass die Summe wieder sechs Tage ist. Dies ist vernünftig; denn der in Vers 9 und 10 geschilderte Prozess bildet insgesammt eine Serie. Im ersten Fall geht es um die Schöpfung der formlosen Materie der Erde, im letzteren geht es um die allmähliche Entwicklung der Form der Erde, ihrer Gebirge und Meere und ihres Pflanzen- und Tierlebens sowie jeder Art angemessener Versorgung (vgl. 15:19.20). Wie in so vielen Versen des Qur’<em>ā</em> n, die sich auf kosmische Ereignisse beziehen, hat die wiederholte Erwähnung der <strong>\"sechs Zeitphasen\"</strong>, in denen das Universum erschaffen wurde (wobei nach dem obigen Vers zwei davon für die Entstehung des anorganischen Universums einschließlich der Erde verwendet wurden), rein allegorische Bedeutung. In diesem Falle handelt es sich um eine Andeutung, dass das Universum nicht <strong>\"von Ewigkeit her\"</strong> existiert hat, sondern einen bestimmten Anfangszeitpunkt hatte und dann einen bestimmten Zeitraum brauchte, um sich bis in seinen gegenwärtigen Zustand zu entwickeln. (vgl. 2:22; ferner 13:3; 16:15 und die Anmerkung dazu). Der Übergang von der dritten Person (So vollendete Er) zur ersten (Wir schmückten) ist bemerkenswert. Der Schöpfungsakt ist eine unpersöhnliche Handlung. Das Ausschmücken und Bewachen ist eine persönliche Gnade <em>Allā</em> hs für Seine Geschöpfe. Er kann alle Seine Entscheidungen verwirklichen. Er kennt die Bedürfnisse aller Wesen. (ÜB)</p>",
    "timestamp": "2025-12-20T14:27:52.303336+00:00",
    "version": "1.0",
    "copyright": {
      "author": "Muhammad Ibn Ahmad Ibn Rassoul",
      "publisher": "IB Verlag Islamische Bibliothek",
      "edition": "41. Auflage",
      "title": "Tafsīr Al-Qur'ān Al-Karīm"
    }
  },
  {
    "key": "de_tafsir-al-azhar",
    "verse_key": "41:11",
    "verses": [
      "41:11"
    ],
    "text": "<p>Wenn <em>Allā</em> h dem Himmel und der Erde befahl herzukommen und wenn beide sich fügten, so hat das folgenden Sinn: <em>Allā</em> h (t) wollte beide ins Sein rufen, und sie weigerten sich ihm</p>\n<p><em>Tafsīr</em> Al-Qur’<em>ān</em> <em>Al-Karīm</em> gegenüber nicht. Sie wurden ins Sein gerufen, wie <em>Allā</em> h sie haben wollte, und sie benahmen sich dabei wie jemand, der auf einen Befehl hin gehorcht, sobald der Einfluss des Befehlenden, dem er zu gehorchen hat, auf ihn einwirkt. (Zam, Gät) (vgl. 2:29, 255; 7:54; 10:3; 15:17; 32:5; 37:6-9; 41:11; 69:30; 79:30 und die Anmerkung dazu).</p>",
    "timestamp": "2025-12-20T14:27:52.303336+00:00",
    "version": "1.0",
    "copyright": {
      "author": "Muhammad Ibn Ahmad Ibn Rassoul",
      "publisher": "IB Verlag Islamische Bibliothek",
      "edition": "41. Auflage",
      "title": "Tafsīr Al-Qur'ān Al-Karīm"
    }
  },
  {
    "key": "de_tafsir-al-azhar",
    "verse_key": "41:12",
    "verses": [
      "41:12"
    ],
    "text": "<p>Die Zahl der sieben Himmel wird im Qur’<em>ā</em> n hier an dieser Stelle und an weiteren sieben Stellen betont (vgl. 2:29; 17:44; 23:17; 23:86; 65:12; 67:3; 71:15). Doch wenn sie sich abkehren, so sprich: ”Ich habe euch vor einem Blitzschlag wie dem Blitzschlag der ‘<em>Ād</em> und Ṯamūd gewarnt.“ (41:13) Als ihre Gesandten zu ihnen kamen von vorn und von hinten (und sagten): ”Dient keinem außer <em>Allāh</em>.“ Da sagten sie: ”Hätte unser Herr es gewollt, hätte Er zweifellos Engel herabgesandt. So lehnen wir das ab, womit ihr gesandt worden seid.“ (41:14) Was nun die ‘<em>Ād</em> anbelangt, so betrugen sie sich ohne Recht hochmütig auf Erden und sagten: ”Wer hat mehr Macht als wir?“ Konnten sie denn nicht sehen, dass <em>Allāh</em>, Der sie erschuf, mächtiger ist als sie? Jedoch sie fuhren fort, Unsere Zeichen zu leugnen. (41:15) Darum sandten Wir gegen sie einen eiskalten Wind mehrere unheilvolle Tage hindurch, auf dass Wir sie die Strafe der Schmach in diesem Leben kosten ließen. Und die Strafe des Jenseits wird gewiss noch schmählicher sein, und es wird ihnen nicht geholfen werden. (41:16) Und was die Ṯamūd anbelangt, so wiesen Wir ihnen den Weg, sie aber zogen die Blindheit dem rechten Weg vor; darum erfasste sie die blitzschlagartige Strafe der Erniedrigung um dessentwillen, was sie begangen hatten. (41:17) Und Wir erretteten jene, die glaubten und gottesfürchtig waren. (41:18)</p>",
    "timestamp": "2025-12-20T14:27:52.303336+00:00",
    "version": "1.0",
    "copyright": {
      "author": "Muhammad Ibn Ahmad Ibn Rassoul",
      "publisher": "IB Verlag Islamische Bibliothek",
      "edition": "41. Auflage",
      "title": "Tafsīr Al-Qur'ān Al-Karīm"
    }
  },
  {
    "key": "de_tafsir-al-azhar",
    "verse_key": "41:13",
    "verses": [
      "41:13"
    ],
    "text": "<p>Dies schließt an den obigen Satz 41:9 (vgl. ferner 2:55; 7:65-79; 26:123-158; 41:17, wo die Geschichte dieser beiden alten Stämme ausführlich behandelt ist). 41:14-16 - Als ihre Gesandten zu ihnen von überall kamen, d.h. sprachlich: <strong>\"...von vorn und von hinten\"</strong>. Die ‘<em>Ā</em> d verfügten über mehr Macht und materielle Zivilisation als die Araber zur Zeit des Propheten (a.s.s.) (vgl. 2:255; 6:8-9; 7:33, 65-72; 15:7; 21:123-140; 26:27, 123-135; 54:19; 69:6-8 und die Anmerkung dazu).</p>",
    "timestamp": "2025-12-20T14:27:52.303336+00:00",
    "version": "1.0",
    "copyright": {
      "author": "Muhammad Ibn Ahmad Ibn Rassoul",
      "publisher": "IB Verlag Islamische Bibliothek",
      "edition": "41. Auflage",
      "title": "Tafsīr Al-Qur'ān Al-Karīm"
    }
  },
  {
    "key": "de_tafsir-al-azhar",
    "verse_key": "41:17",
    "verses": [
      "41:17"
    ],
    "text": "<p>Die Geschichte der Ṯamūd wird im Qur’<em>ān</em> gewöhnlich zusammen mit der der ‘<em>Ād</em> erwähnt (vgl. 26:140-150; 7:73-79). <em>Allāh</em> (t) zeigte ihnen den Weg durch Seinen Gesandten (vgl. 7:78). Und an dem Tage, wo die Feinde <em>Allāhs</em> allesamt vor dem Feuer versammelt werden, da werden sie in Gruppen geteilt (41:19), bis dass, wenn sie es erreichen, ihre Ohren und ihre Augen und ihre Haut Zeugnis gegen sie von dem ablegen, was sie zu tun pflegten. (41:20) Und sie werden zu ihren Häuten sagen: ”Warum zeugt ihr gegen uns?“ Sie werden sprechen: ”<em>Allāh</em> hat uns die Rede verliehen - Er, Der einem jeden Ding die Rede verleiht. Und Er ist es, Der euch erstmals erschuf, und zu Ihm seid ihr zurückgebracht worden. (41:21) Und ihr pflegtet (eure Sünden) nicht so zu verbergen, dass eure Ohren und eure Augen und eure Haut nicht Zeugnis gegen euch ablegen könnten; vielmehr meintet ihr, <em>Allāh</em> wüsste nicht viel von dem, was ihr zu tun pflegtet. (41:22) Und das, was ihr von eurem Herrn meintet, hat euch ins Verderben geführt; so wurdet ihr die Verlierenden.“ (41:23) Selbst wenn sie es nun aushalten, so ist doch das Feuer ihre Wohnstatt; und wenn sie um</p>\n<p><em>Tafsīr</em> Al-Qur’<em>ān</em> <em>Al-Karīm</em> Gnade bitten, so wird ihnen keine Gnade erwiesen. (41:24) 41:19-21 - Es handelt sich hier um einen Ausdruck für die große Menge der Insassen des Höllenfeuers. Wir bitten <em>Allā</em> h, dass Er uns in Seiner allumfassenden Barmherzigkeit vor dem Höllenfeuer schütze. Wenn man fragt, wie denn ihre Organe gegen sie Zeugnis ablegen und sprechen können, so kann erwidert werden: <em>Allā</em> h (t) wird ihnen die Fähigkeit zum Sprechen verleihen wie dem Busch, der auf dem Sinai zu Moses sprach, indem Er in ihnen die Fähigkeit zum Sprechen erschafft. Man sagt auch, mit den Häuten seien die Gliedmaßen gemeint. Wenn wir Häute die Fähigkeit zum Sprechen haben, so ist das angesichts Seiner Macht kein Anlaß zur Verwunderung, hat Er doch die Macht, jedem Lebewesen diese Fähigkeit zu verleihen, euch erstmals zu erschaffen und heranwachsen zu lassen und euch wiederkehren und zu seiner Strafe gelangen zu lassen. Die Menschen sagen zu den Häuten: Warum habt ihr gegen uns Zeugnis abgelegt, weil deren Zeugnis sie bedrückt und weil ihnen die Entehrung durch die Sprache ihrer Gliedmaßen unerträglich erscheint. (Zam, Gät) (vgl. 36:65 und die Anmerkung dazu).</p>",
    "timestamp": "2025-12-20T14:27:52.303336+00:00",
    "version": "1.0",
    "copyright": {
      "author": "Muhammad Ibn Ahmad Ibn Rassoul",
      "publisher": "IB Verlag Islamische Bibliothek",
      "edition": "41. Auflage",
      "title": "Tafsīr Al-Qur'ān Al-Karīm"
    }
  },
  {
    "key": "de_tafsir-al-azhar",
    "verse_key": "41:23",
    "verses": [
      "41:23"
    ],
    "text": "<p>Das Verhalten eines rechtschaffenen Gläubigen ist richtig, weil seine Vorstellung von seinem Herrn richtig ist, und das Verhalten eines Heuchlers oder eines Ungerechten ist falsch, weil seine Vorstellung von seinem Herrn falsch ist. Dasselbe sagte auch unser Prophet (a.s.s.) auf folgende Weise: ”Euer Herr spricht: »Ich bin bei den Gedanken und Vorstellungen, die Mein Diener von Mir hat.«“ (ÜB)</p>",
    "timestamp": "2025-12-20T14:27:52.303336+00:00",
    "version": "1.0",
    "copyright": {
      "author": "Muhammad Ibn Ahmad Ibn Rassoul",
      "publisher": "IB Verlag Islamische Bibliothek",
      "edition": "41. Auflage",
      "title": "Tafsīr Al-Qur'ān Al-Karīm"
    }
  },
  {
    "key": "de_tafsir-al-azhar",
    "verse_key": "41:24",
    "verses": [
      "41:24"
    ],
    "text": "<p>D.h.: Sie brauchen nicht ungeduldig zu sein; denn sie werden bald eine Bleibe im Höllenfeuer finden. Wenn sie dann um Vergebung bitten, ist es zu spät. Wenn sie <em>Allāh</em> (t) um Gnade bitten, wird ihre Bitte nicht erhört, und wenn sie <em>Allāh</em> um eine neue Frist in dieser Welt bitten, so wird diese ihnen doch nicht gewährt; denn <em>Allāh</em> weiß, dass sie Lügner sind (vgl. 6:27- 28, 128; 32:12; 40:12). Und Wir hatten Gefährten für sie bestimmt, die ihnen das als wohlgefällig erscheinen ließen, was vor ihnen war und was hinter ihnen war; und (so) wurde der Spruch fällig gegen sie, zusammen mit den Scharen der <em>Ǧinn</em> und der Menschen, die vor ihnen hingegangen waren. Gewiss, sie waren die Verlierer. (41:25) Und die Ungläubigen sagten: ”Hört nicht auf diesen Qur’<em>ān</em>, sondern fügt von euren Worten (etwas hinzu), damit ihr die Oberhand behaltet.“ (41:26) Aber gewiss werden Wir den Ungläubigen eine strenge Strafe zu kosten geben, und gewiss werden Wir ihnen ihre schlimmsten Taten vergelten. (41:27) Das ist der Lohn der Feinde <em>Allāhs</em>: das Feuer. Darin wird ihnen die Wohnstatt der Ewigkeit zuteil sein - als Vergeltung dafür, dass sie Unseren Zeichen gegenüber undankbar waren. (41:28) Und die Ungläubigen werden sagen: ”Unser Herr, zeige uns jene der <em>Ǧinn</em> und der Menschen, die uns irreführten, damit wir sie mit unseren Füßen treten, so dass sie zu den Niedrigsten gehören.“ (41:29)</p>",
    "timestamp": "2025-12-20T14:27:52.303336+00:00",
    "version": "1.0",
    "copyright": {
      "author": "Muhammad Ibn Ahmad Ibn Rassoul",
      "publisher": "IB Verlag Islamische Bibliothek",
      "edition": "41. Auflage",
      "title": "Tafsīr Al-Qur'ān Al-Karīm"
    }
  },
  {
    "key": "de_tafsir-al-azhar",
    "verse_key": "41:25",
    "verses": [
      "41:25"
    ],
    "text": "<p>Diejenigen, die in diesem Leben dem Bösen einen angenehmen Anschein verliehen, teilen nun das Bedauern und die gegenseitigen Vorwürfe miteinander, die das Leben zu einer Last machen (vgl. 4:38; 43:36). <em>Allā</em> h (t) teilte ihnen Gefährten zu, die sie trieben, wohin sie wollten, indem sie ihnen ihre Missetaten als wohlgefällig erscheinen ließen. Das Schlimmste, das Menschen widerfahren kann, ist dass sie das Gleichgewicht und die Vernunft verlieren, indem sie das Böse als gut und das Gute als böse empfinden. Auf Betreiben ihrer Gefährten entstellen sie die</p>\n<p><em>Tafsīr</em> Al-Qur’<em>ān</em> <em>Al-Karīm</em> Wahrheiten des Qur’<em>ā</em> n und bekämpfen ihn. Sowohl die <em>Ǧ</em> inn (vgl. 6:100) als auch die Menschen, die sich ihnen unterordneten, verfallen demselben Urteil (vgl. 6:128). 41:26-29 - Das sagten tatsächlich die Vornehmen der <em>Banū</em> Quraiš und beeinflussten damit ihre Untergebenen; denn sie wollten die Wirkung des Qur’<em>ā</em> n unterbinden. Sie brachten ihre Befürchtung zum Ausdruck, der Qur’<em>ā</em> n würde <strong>\"die Vernunft überwältigen\"</strong> und <strong>\"Unruhe stiften\"</strong> und der Qur’<em>ā</em> n wirke, wie sie richtig sagten, tatsächlich wie ein Zauber: er überwältigte sie und sprach ihre Vernunft an. Auf diese Weise brachte er Unordnung in ihr gewöhntes Leben. Er trennte Eltern von ihren Kindern und den Mann von seiner Frau. (ÜB) Diejenigen, die die Offenbarung herabwürdigen wollten, hörten nicht nur selbst nicht darauf, sondern fingen an, laut zu sprechen, wenn sie vorgetragen wurde, so dass auch aufrichtige Zuhörer nicht in der Lage waren, sich zu konzentrieren. Sie glaubten, sie könnten damit <em>Allā</em> hs Licht Löschen; in der Tat trugen sie aber nur zur Vermehrung ihres zukünftigen Elends bei. (vgl. 6:112-113; 7:38; 29:47). Wahrlich, diejenigen, die sagen: ”Unser Herr ist <em>Allāh</em>“, und die sich dann aufrichtig verhalten - zu ihnen steigen die Engel hernieder (und sprechen): ”Fürchtet euch nicht und seid nicht traurig, und erfreut euch des Paradieses, das euch verheißen wurde. (41:30) Wir sind eure Beschützer im irdischen Leben und im Jenseits. In ihm werdet ihr alles haben, was ihr euch wünscht, und in ihm werdet ihr alles haben, wonach ihr verlangt (41:31); (dies ist) eine Bewirtung von einem Vergebenden, Barmherzigen.“ (41:32) 41:30-32 - Es genügt nicht verbal zu behaupten, dass <em>Allā</em> h (t) der eigene Herr ist; denn der Glaube an Ihn erfordert, dass man Seine Gebote befolgt und Ihm Gehorsam leistet. Die Tat bestätigt das, was im Herzen ist; und Glaube ohne Tat ist ein toter Glaube ohne Wirkung auf die Mitmenschen. Unser Prophet (a.s.s.) sagte: ”Der Gläubige ist ein schreitender Qur’<em>ā</em> n auf Erden.“ Einige Kommentatoren haben die Aussage der Engel in diesem Vers nur auf den Augenblick des Todes oder der Auferstehung bezogen, aber in Anbetracht der Offenbarungszeit dieses Verses ist zu bezweifeln, dass dies gemeint ist. Es geht vielmehr darum, dass die Gläubigen in diesem Leben getröstet und gestärkt werden sollen. Dies sind sehr kurzgefasste Worte, die einen neuen Trost für die Gläubigen in diesem Leben beinhalten. (ÜB) (vgl. 3:198). Und wer ist besser in der Rede als einer, der zu <em>Allāh</em> ruft und Gutes tut und sagt: ”Ich bin einer der Gottergebenen.“? (41:33) Und nimmer sind das Gute und das Böse gleich. Wehre (das Böse) in bester Art ab, und siehe da, der, zwischen dem und dir Feindschaft herrschte, wird wie ein treuer Freund sein. (41:34) Aber dies wird nur denen gewährt, die geduldig sind; und dies wird nur denen gewährt, die großes Glück haben. (41:35) Und wenn du von Seiten des Satans zu einer Untat aufgestachelt wirst, dann nimm deine Zuflucht zu <em>Allāh</em>. Wahrlich, Er ist der Allhörende, der Allwissende. (41:36)</p>",
    "timestamp": "2025-12-20T14:27:52.303336+00:00",
    "version": "1.0",
    "copyright": {
      "author": "Muhammad Ibn Ahmad Ibn Rassoul",
      "publisher": "IB Verlag Islamische Bibliothek",
      "edition": "41. Auflage",
      "title": "Tafsīr Al-Qur'ān Al-Karīm"
    }
  },
  {
    "key": "de_tafsir-al-azhar",
    "verse_key": "41:33",
    "verses": [
      "41:33"
    ],
    "text": "<p>Glaube und Tat sind miteinander eine Begleiterscheinung desjenigen, der sich mit seinem Erhabenen Schöpfer verbunden fühlt (vgl. dazu oben 41:30-32 und die Anmerkung dazu). Unser Prophet <em>Muḥ</em> ammad (a.s.s.) sagte: ”Der Aufruf zu <em>Allā</em> h ist das beste Wort, das auf der Erde gesprochen wird; es wird jedoch erst durch rechtschaffenes Handeln vollkommen, das diese Rede bestätigt, sowie durch aufrichtige Hingabe an <em>Allā</em> h (t).“ (ÜB) Um die volle Bedeutung dieser Worte verstehen zu können, müssen wir uns vor Augen halten, unter welchen Umständen sie gesagt wurden. Jeder, der sich damals als Muslim zu erkennen gab, trat damit sozusagen in ein</p>\n<p><em>Tafsīr</em> Al-Qur’<em>ān</em> <em>Al-Karīm</em> <strong>\"Wespennest\"</strong>. In dieser Umgebung wird ihm gesagt: ”Glauben und Gutes tun ist gut und wertvoll, aber am wertvollsten ist es, wenn jemand für seinen Glauben einsteht und ohne Furcht vor den Folgen andere zu <em>Allā</em> hs Weg aufruft und sich währenddessen in Charakter und Verhalten so rein hält, dass niemand seintwegen einen Grund zur Kritik am Islam und an den Muslimen findet.“ (ÜB)</p>",
    "timestamp": "2025-12-20T14:27:52.303336+00:00",
    "version": "1.0",
    "copyright": {
      "author": "Muhammad Ibn Ahmad Ibn Rassoul",
      "publisher": "IB Verlag Islamische Bibliothek",
      "edition": "41. Auflage",
      "title": "Tafsīr Al-Qur'ān Al-Karīm"
    }
  },
  {
    "key": "de_tafsir-al-azhar",
    "verse_key": "41:34",
    "verses": [
      "41:34"
    ],
    "text": "<p>Mit diesem höchstrangigen Gebot ist jeder Mensch angesprochen, der an <em>Allā</em> h (t) und den Jüngsten Tag glaubt (vgl. 13:22). Das göttliche Rezept für das Zusammenleben mit den Mitmenschen lautet: Böses mit Gutem abwehren oder es mit etwas verändern, das weit besser ist. Hass wird durch Liebe vereitelt. Unwissenheit wird durch Wissen abgewehrt, Unvernunft und Bosheit mit der freundlichen Botschaft der Offenbarung (vgl. 23:96; 28:54). Im <em>Ḥ</em> adīṯ heißt es: ”Der Glaube an <em>Allā</em> h ist, dass du demjenigen eine Gabe zukommen lässt, der sie dir vorenthalten hat, deine Verbundenheit mit demjenigen aufrechterhältst, der sich von dir abtrünnig gemacht hat, und dass du demjenigen vergibst, der dir Unrecht getan hat.“ Das Ergebnis ist verblüffend: <strong>\"... siehe da, der, zwischen dem und dir Feindschaft herrschte, wird wie ein treuer Freund sein.\"</strong> Die Befolgung dieses Gebots stellt also keine Schwäche der Person dar, die dies praktiziert, sondern ist ein Ausdruck der Stärke und Selbsbehrrschung. Unser Prophet (a.s.s.) sagte: ”Stark ist nicht derjenige, der im Ringkampf siegt, stark ist vielmehr derjenige, der sich im Zorn beherrscht.“ (vgl. 29:46 und die Anmerkung dazu)</p>",
    "timestamp": "2025-12-20T14:27:52.303336+00:00",
    "version": "1.0",
    "copyright": {
      "author": "Muhammad Ibn Ahmad Ibn Rassoul",
      "publisher": "IB Verlag Islamische Bibliothek",
      "edition": "41. Auflage",
      "title": "Tafsīr Al-Qur'ān Al-Karīm"
    }
  },
  {
    "key": "de_tafsir-al-azhar",
    "verse_key": "41:35",
    "verses": [
      "41:35"
    ],
    "text": "<p>Obgleich dieses Rezept (s. oben 41:34 und die Anmerkung dazu) sehr effektiv ist, ist es nicht leicht anzuwenden. Es erfordert Willenskraft, Mut, Ausdauer und vorbildliche Geduld.</p>",
    "timestamp": "2025-12-20T14:27:52.303336+00:00",
    "version": "1.0",
    "copyright": {
      "author": "Muhammad Ibn Ahmad Ibn Rassoul",
      "publisher": "IB Verlag Islamische Bibliothek",
      "edition": "41. Auflage",
      "title": "Tafsīr Al-Qur'ān Al-Karīm"
    }
  },
  {
    "key": "de_tafsir-al-azhar",
    "verse_key": "41:36",
    "verses": [
      "41:36"
    ],
    "text": "<p>Satan missfällt es, wenn er sieht, dass im Kampf gegen das Übel das Gute siegt. Darum wird hier gesagt, dass wir uns vor Satans Täuschungen hüten sollen. Deshalb sollten wir zu <em>Allā</em> h (t) unsere Zuflucht nehmen, wenn wir von Seiten des Satans zu einer Untat aufgestachelt werden (vgl. 7:199-200). Und zu Seinen Zeichen gehören die Nacht und der Tag und die Sonne und der Mond. Werft euch nicht vor der Sonne anbetend nieder, und auch nicht vor dem Mond, sondern werft euch anbetend vor <em>Allāh</em> nieder, Der sie erschuf, wenn Er es ist, Den ihr verehrt. (41:37) Wenn sie sich aber in Hochmut (von Ihm) abwenden, so preisen Ihn bei Nacht und Tag diejenigen, die bei deinem Herrn sind, und sie sind darin unermüdlich. (41:38) Und unter Seinen Zeichen ist, dass du die Erde leblos siehst, doch wenn Wir Wasser auf sie niedersenden, dann regt sie sich und schwillt. Er, Der sie belebte, wird sicher auch die Toten lebendig machen; denn Er hat Macht über alle Dinge. (41:39)</p>",
    "timestamp": "2025-12-20T14:27:52.303336+00:00",
    "version": "1.0",
    "copyright": {
      "author": "Muhammad Ibn Ahmad Ibn Rassoul",
      "publisher": "IB Verlag Islamische Bibliothek",
      "edition": "41. Auflage",
      "title": "Tafsīr Al-Qur'ān Al-Karīm"
    }
  },
  {
    "key": "de_tafsir-al-azhar",
    "verse_key": "41:37",
    "verses": [
      "41:37"
    ],
    "text": "<p>Darunter ist zu verstehen, dass wir <em>Allā</em> h (t) allein verehren müssen und nicht die Dinge, die Er erschaffen hat. Wir müssen davon ausgehen, dass wir von der gewaltigen Schöpfung <em>Allā</em> hs, die Er für uns dienstbar gemacht hat, Nutzen ziehen und sie nicht als Götter anbeten. Denn fast alle Völker haben zu irgendeinem Zeitunkt in ihrer Geschichte Himmelskörper verehrt. Der <strong>\"Mondgott\"</strong> oder die <strong>\"Mondgöttin\"</strong> kennzeichnen die Festtage verschiedener Völker. Es ist nicht ungewöhnlich, dass der Mond einen höheren Rang einnahm als die Sonne, möglicherweise aus astronomischen Gründen. Sonne und Mond werden manchmal auch als Bruder und Schwester beziehungsweise als Mann und Frau betrachtet. (ÜB)</p>\n<p><em>Tafsīr</em> Al-Qur’<em>ān</em> <em>Al-Karīm</em></p>",
    "timestamp": "2025-12-20T14:27:52.303336+00:00",
    "version": "1.0",
    "copyright": {
      "author": "Muhammad Ibn Ahmad Ibn Rassoul",
      "publisher": "IB Verlag Islamische Bibliothek",
      "edition": "41. Auflage",
      "title": "Tafsīr Al-Qur'ān Al-Karīm"
    }
  },
  {
    "key": "de_tafsir-al-azhar",
    "verse_key": "41:38",
    "verses": [
      "41:38"
    ],
    "text": "<p><em>Allā</em> hs Lob wird Tag und Nacht von Engeln und von Menschen verkündet, die das Privileg haben, in Seiner Gegenwart zu sein. Für sie ist es eine Freude und Ehre, sich im Licht von Wahrheit und Glück zu befinden. Nach der Rezitation des arabischen Textes folgt hier eine Niederwerfung, wenn auch Meinungsverschiedenheiten darüber bestehen, ob die Niederwerfung hier oder nach Vers 37 geboten ist. (ÜB) (vgl. dazu den Titel: <strong>\"<em>Aṣ</em> - <em>Ṣ</em> <em>alā</em> h - das Gebet im Islam\"</strong>, Islamische Bibliothek).</p>",
    "timestamp": "2025-12-20T14:27:52.303336+00:00",
    "version": "1.0",
    "copyright": {
      "author": "Muhammad Ibn Ahmad Ibn Rassoul",
      "publisher": "IB Verlag Islamische Bibliothek",
      "edition": "41. Auflage",
      "title": "Tafsīr Al-Qur'ān Al-Karīm"
    }
  },
  {
    "key": "de_tafsir-al-azhar",
    "verse_key": "41:39",
    "verses": [
      "41:39"
    ],
    "text": "<p>Wie <em>Allā</em> h (t) die tote Erde belebt, kann von jedem Menschen beobachtet werden. Dies wird hier als ein Gleichnis dafür aufgeführt, wie <em>Allā</em> h die Menschen nach ihrem Tode auferstehen lässt. Obwohl die Erwähnung der Wiederbelebung der Erde im Qur’<em>ā</em> n oft als ein Gleichnis für die Auferstehung dient, scheint sie hier als eine Veranschaulichung von <em>Allā</em> hs Macht zu sein. (ÜB) Wahrlich, diejenigen, die Unsere Zeichen entstellen, sind Uns nicht verborgen. Ist etwa der, der ins Feuer geworfen wird, besser als jener, der am Tage der Auferstehung sicher hervorgeht? Tut, was ihr wollt; denn Er sieht alles, was ihr tut. (41:40) Wahrlich, diejenigen, die nicht an die Ermahnung glaubten, als sie zu ihnen kam (werden bestraft). Und wahrlich, es ist ein ehrwürdiges Buch. (41:41) Falschheit kann nicht an es herankommen, weder von vorn noch von hinten. Es ist eine Offenbarung von einem Allweisen, des Lobes Würdigen. (41:42) Nichts anderes wird dir gesagt, als was schon den Gesandten vor dir gesagt wurde. Deinem Herrn eignet wahrlich die Vergebung, (Ihm eignet) aber auch die schmerzliche Bestrafung. (41:43) 41:40-42 - Weil <em>Allā</em> h (t) das Verborgene kennt, ist Ihm die Kenntnis von den Machenschaften derjenigen, die Seine Zeichen entstellen, nicht entgangen. Demnach ist es unmöglich, <em>Allā</em> h Schaden zuzufügen. Für die derartigen Untaten ist das Höllenfeuer bestimmt, vor dem der Wohltäter sicher ist.</p>",
    "timestamp": "2025-12-20T14:27:52.303336+00:00",
    "version": "1.0",
    "copyright": {
      "author": "Muhammad Ibn Ahmad Ibn Rassoul",
      "publisher": "IB Verlag Islamische Bibliothek",
      "edition": "41. Auflage",
      "title": "Tafsīr Al-Qur'ān Al-Karīm"
    }
  },
  {
    "key": "de_tafsir-al-azhar",
    "verse_key": "41:43",
    "verses": [
      "41:43"
    ],
    "text": "<p>Hier sind die Forderungen der Gegner des Propheten (a.s.s.) gemeint, die behaupteten, er habe den Qur’<em>ān</em> selbst verfasst. Mit einem ähnlichen Vorwurf waren auch frühere Propheten konfrontiert gewesen. Hätten Wir ihn als einen Qur’<em>ān</em> in einer fremden Sprache abgefasst, hätten sie gesagt: ”Warum sind seine Verse nicht in einer fremden und in einer arabischen (Sprache) klar gemacht worden?“ Sprich: ”Er ist eine Führung und eine Heilung für die Gläubigen.“ Doch diejenigen, die nicht glauben - ihre Ohren sind taub, und er bleibt ihrem Blick entzogen; diese werden von einem weit entfernten Ort angerufen. (41:44) Und wahrlich, Wir gaben Moses die Schrift, doch dann entstand Uneinigkeit über sie. Wäre nicht zuvor ein Wort von deinem Herrn ergangen, wäre gewiss zwischen ihnen entschieden worden; aber wahrhaftig, sie befinden sich in beunruhigendem Zweifel über ihn (den Qur’<em>ān</em>). (41:45)</p>",
    "timestamp": "2025-12-20T14:27:52.303336+00:00",
    "version": "1.0",
    "copyright": {
      "author": "Muhammad Ibn Ahmad Ibn Rassoul",
      "publisher": "IB Verlag Islamische Bibliothek",
      "edition": "41. Auflage",
      "title": "Tafsīr Al-Qur'ān Al-Karīm"
    }
  },
  {
    "key": "de_tafsir-al-azhar",
    "verse_key": "41:44",
    "verses": [
      "41:44"
    ],
    "text": "<p>Weil hier der auserwählte Prophet für diese Offenbarung ein Araber war, war es durchaus natürlich, dass die an ihn gerichtete Botschaft in arabischer Sprache so erfolgt, dass er sie selbst mit allen Einzelheiten und Redegewalt verstehen und verkünden konnte. Obgleich die Botschaft universalen Charakter hat und an die ganze Welt gerichtet ist, musste sie dennoch in arabischer Sprache herniederkommen. Der Qur’<em>ā</em> n wirkt auf manche Menschen so, dass er sie in aufrichtigen Menschen verwandelt, die hervorragende Dienste für die Menschheit leisten. Der Qur’<em>ā</em> n hat sich</p>\n<p><em>Tafsīr</em> Al-Qur’<em>ān</em> <em>Al-Karīm</em> dabei nicht verändert, sondern die Herzen verändern sich (ÜB). (vgl. 41:5; 6:25; ferner 12:2; 13:37; 14:4; 16:103-105; 26:196-199 und die Anmerkung dazu).</p>",
    "timestamp": "2025-12-20T14:27:52.303336+00:00",
    "version": "1.0",
    "copyright": {
      "author": "Muhammad Ibn Ahmad Ibn Rassoul",
      "publisher": "IB Verlag Islamische Bibliothek",
      "edition": "41. Auflage",
      "title": "Tafsīr Al-Qur'ān Al-Karīm"
    }
  },
  {
    "key": "de_tafsir-al-azhar",
    "verse_key": "41:45",
    "verses": [
      "41:45"
    ],
    "text": "<p>Ähnliches wie in 41:44 (s. oben) geschah mit Moses (a.s.), dem <em>Allā</em> h (t) ebenfalls eine Schrift in seiner eigenen Sprache herabkommen ließ. Dabei kam <em>Allā</em> hs Wort in einer reinen und unmissverständlichen Form zu den Kindern Israels, die nicht weit von <em>Muḥ</em> ammad, <em>Allā</em> hs Segen und Friede auf ihm, wohnen (vgl. 10:19). Sie befinden sich nunmehr im Zweifel über den Qur’<em>ā</em> n und den Propheten <em>Muḥ</em> ammad, genauso wie sie sich im Zweifel befinden über ihre eigene Schrift. Die Wahrheit über diese Uneinigkeit wird nicht für immer verlorengehen; denn der Tag wird bestimmt kommen, an dem <em>Allā</em> h Sein gerechtes, unanfechtbares Urteil darüber sprechen wird. Wenn jemand das Rechte tut, so tut er es für sich selbst; und wenn jemand Böses tut, so handelt er gegen sich selbst. Und dein Herr ist niemals ungerecht gegen die Menschen. (41:46) Auf Ihn allein ist das Wissen um die Stunde zurückzuführen. Keine Früchte kommen aus ihren Hüllen hervor, und kein weibliches Wesen empfängt oder gebärt, es sei denn mit Seinem Wissen. Und an dem Tage, wenn Er ihnen zurufen wird: ”Wo sind Meine Partner?“, da werden sie sagen: ”Wir gestehen Dir, keiner von uns ist (ihr) Zeuge (gewesen).“ (41:47) Und alles, was sie zuvor anzurufen pflegten, wird sie im Stich lassen, und sie werden einsehen, dass sie keine Zuflucht haben. (41:48)</p>",
    "timestamp": "2025-12-20T14:27:52.303336+00:00",
    "version": "1.0",
    "copyright": {
      "author": "Muhammad Ibn Ahmad Ibn Rassoul",
      "publisher": "IB Verlag Islamische Bibliothek",
      "edition": "41. Auflage",
      "title": "Tafsīr Al-Qur'ān Al-Karīm"
    }
  },
  {
    "key": "de_tafsir-al-azhar",
    "verse_key": "41:46",
    "verses": [
      "41:46"
    ],
    "text": "<p><em>Allā</em> h (t) zieht weder Nutzen aus unseren Wohltaten, noch trifft Ihn Schaden durch unsere Übeltaten. Alles, was wir tun, ob Gutes oder Böses, richtet sich für oder gegen uns selbst. 41:47-48 - Dies ist die Antwort auf die herausfordende Frage der Wahrheitsleugner, wann denn die Folgen ihrer bösen Handlungen sie ereilen würden. Kein Prophet oder Engel kann den genauen Zeitpunkt voraussagen. (vgl. 21:4 und die Anmerkung dazu). Keine Müdigkeit trifft den Menschen, wenn er (etwas) Gutes erbitten will; doch wenn ihn ein Übel berührt, dann verzweifelt er (und) gibt alle Hoffnungen auf. (41:49) Und wenn Wir ihn Unsere Barmherzigkeit kosten lassen, nachdem ihn ein Leid getroffen hat, so sagt er sicher: ”Das steht mir zu; und ich glaube nicht, dass die Stunde kommen wird. Und wenn ich zu meinem Herrn zurückgebracht werden sollte, dann würde ich gewiss das Beste bei Ihm finden.“ Aber Wir werden den Ungläubigen wahrlich alles ankündigen, was sie getan haben, und Wir werden sie sicherlich von einer harten Strafe kosten lassen. (41:50) Und wenn Wir dem Menschen Gnade erweisen, dann kehrt er sich (von Uns) ab und geht seitwärts; doch wenn ihn ein Übel berührt, siehe, dann beginnt er, Bittgebete in großzügiger Weise zu sprechen. (41:51)</p>",
    "timestamp": "2025-12-20T14:27:52.303336+00:00",
    "version": "1.0",
    "copyright": {
      "author": "Muhammad Ibn Ahmad Ibn Rassoul",
      "publisher": "IB Verlag Islamische Bibliothek",
      "edition": "41. Auflage",
      "title": "Tafsīr Al-Qur'ān Al-Karīm"
    }
  },
  {
    "key": "de_tafsir-al-azhar",
    "verse_key": "41:49",
    "verses": [
      "41:49"
    ],
    "text": "<p>Dies gehört zur natürlichen Veranlagung des Menschen: Er eifert immer den angenehmen Dingen dieses Lebens nach, auch, wenn nicht alle für ihn gut sind. Wenn er jedoch das Gegenteil erfährt, das seinen Erwartungen widerspricht und ihn zur Besinnung bringen und seine Gedanken höheren Dingen zuwenden soll, gerät er in Zweifel (vgl. 11:9). 41:50-51 - Manche Menschen vergessen die Huld <em>Allā</em> hs, wenn ihnen etwas Gutes zuteil wird; sie gehen sogar noch einen Schritt weiter und fangen an, das zukünftige Leben in Frage zu stellen</p>\n<p><em>Tafsīr</em> Al-Qur’<em>ān</em> <em>Al-Karīm</em> und führen den materiellen Erwerb auf ihre eigenen Verdienste und Fähigkeiten zurück. Da der Mensch völlig von seinen eigenen Verdiensten überzeugt ist, erwartet er, dass - falls es wirklich ein zukünftiges Leben geben sollte - seine überhöhte Selbsteinschätzung von <em>Allā</em> h (t) bestätigt wird (vgl. 17:72). Wenn ihm aber Barmherzigkeit zuteil wird, und er Gutes erfährt, vergisst er den Ursprung des Segens und ist undankbar (vgl. 10:27; 17:83 und die Anmerkung dazu). Sprich: ”Besinnt euch: Wenn es von <em>Allāh</em> ist und ihr nicht daran glaubt - wer ist irrender als einer, der mit seiner Zwietracht weit gegangen ist?“ (41:52) Wir werden sie Unsere Zeichen überall auf Erden und an ihnen selbst sehen lassen, damit ihnen deutlich wird, dass es die Wahrheit ist. Genügt es denn nicht, dass dein Herr Zeuge aller Dinge ist? (41:53) Doch sie hegen Zweifel an der Begegnung mit ihrem Herrn. Wahrlich, Er umfasst alle Dinge. (41:54)</p>",
    "timestamp": "2025-12-20T14:27:52.303336+00:00",
    "version": "1.0",
    "copyright": {
      "author": "Muhammad Ibn Ahmad Ibn Rassoul",
      "publisher": "IB Verlag Islamische Bibliothek",
      "edition": "41. Auflage",
      "title": "Tafsīr Al-Qur'ān Al-Karīm"
    }
  },
  {
    "key": "de_tafsir-al-azhar",
    "verse_key": "41:52",
    "verses": [
      "41:52"
    ],
    "text": "<p>s. unten zum Schluss den Versblock 41:52-54</p>",
    "timestamp": "2025-12-20T14:27:52.303336+00:00",
    "version": "1.0",
    "copyright": {
      "author": "Muhammad Ibn Ahmad Ibn Rassoul",
      "publisher": "IB Verlag Islamische Bibliothek",
      "edition": "41. Auflage",
      "title": "Tafsīr Al-Qur'ān Al-Karīm"
    }
  },
  {
    "key": "de_tafsir-al-azhar",
    "verse_key": "41:53",
    "verses": [
      "41:53"
    ],
    "text": "<p>Zu diesem Satz: <strong>\"Wir werden sie Unsere Zeichen überall auf Erden und an ihnen selbst sehen lassen\"</strong> ist z.B. noch folgendes zu bemerken: Etwa vier Monate kreist ein rotes Blutkörperchen im Blut und tut seine Dienste. Dann geht es zugrunde und wird abgebaut. Trotzdem entsteht normalerweise kein Mangel: Das Knochenmark baut in jeder Minute um die 160 Millionen nach. Im laufe eines Menschenlebens von gut 70 Jahren kommen alles in allem ungefahr 550 Kilogramm neu gebildete rote Blutkorperchen zusammen! Diese enorme Leistung</p>\n<p><em>Tafsīr</em> Al-Qur’<em>ān</em> <em>Al-Karīm</em> vollbringt das blutbildende Knochenmark. Es ist allerdings nur enthalten in den Wirbelkörpern der Wirbelsäule, im Brustbein, im Oberschenkelknochen, in den Rippen und den Schädelknochen. Man hat ausgerechnet, dass die roten Blutkorperchen im laufe ihres Lebens von knapp vier Monaten etwa 150000mal durch den Körper kreisen. Danach werden sie im Knochenmark, in der Milz oder der leber abgebaut. Das kostbare Eisen aus dem roten Blutfarbstoff geht beim Abbau nicht verloren: Es wird zum größten Teil vom Körper wieder aufgenommen und für den Aufbau neuer roter Blutkörperchen wiederverwendet. Dennoch entstehende Verluste müssen mit Eisen aus der Nahrung ausgeglichen werden. Auch die weißen Blutkörperchen und die Blutplättchen werden im roten Knochenmark gebildet. Und auch sie haben eine begrenzte Lebensdauer und müssen ständig nachgeliefert werden. (Gesundheit 7/91)</p>",
    "timestamp": "2025-12-20T14:27:52.303336+00:00",
    "version": "1.0",
    "copyright": {
      "author": "Muhammad Ibn Ahmad Ibn Rassoul",
      "publisher": "IB Verlag Islamische Bibliothek",
      "edition": "41. Auflage",
      "title": "Tafsīr Al-Qur'ān Al-Karīm"
    }
  },
  {
    "key": "de_tafsir-al-azhar",
    "verse_key": "40:70",
    "verses": [
      "40:70"
    ],
    "text": "<p>Das Buch bezieht sich sowohl auf den Qur’<em>ā</em> n als auch auf alle anderen offenbarten Schriften, wie z.B. die Thora und das Evangelium (vgl. 3:3; 13:39). 40:71-76 - vgl. 13:5; 34:33; 36:8 über die Gleichnisse von <strong>\"Ketten\"</strong> und <strong>\"Fesseln\"</strong>. Die Fragen werden ihnen von den Engeln gestellt. Wenn sie wirklich Götter wären oder Anteil an <em>Allā</em> hs Macht gehabt hätten, würden sie ihnen in schlechten Zeiten beistehen. Warum also kommen sie ihnen jetzt nicht zu Hilfe? (vgl. 7:36; 14:4; ferner 17:37-38; 39:72 und die Anmerkung dazu). So sei denn standhaft. Wahrlich, die Verheißung <em>Allāhs</em> ist wahr. Und ob Wir dir (die Erfüllung) von einigen der Dinge zeigen, die Wir ihnen angedroht haben, oder (ob) Wir dich (vorher) sterben lassen; zu Uns werden sie (jedenfalls) zurückgebracht. (40:77) Und sicher entsandten Wir schon Gesandte vor dir; darunter sind manche, von denen Wir dir bereits berichtet haben, und es sind darunter manche, von denen Wir dir nicht berichtet haben; und kein Gesandter hätte ohne <em>Allāhs</em> Erlaubnis ein Zeichen bringen können. Doch wenn <em>Allāhs</em> Befehl ergeht, dann wird die Sache mit Recht entschieden, und dann fallen diejenigen dem Verlust anheim, die versucht haben, (<em>Allāhs</em> Befehl) außer Kraft zu setzen. (40:78) 40:77-78 - Damit wird unser Prophet (a.s.s.) angesprochen und gleichzeitig getröstet. Bezüglich des letztendlichen Daseins vgl. 10:46; 13:40. <em>Allā</em> h (t) schickte Seine Gesandten zu jedem Volk (vgl. 4:164). Nur einige von ihnen sind namentlich im Qur’<em>ā</em> n erwähnt (vgl. ferner 6:109; 11:12; 15:7; 17:90-93; 25:21; 29:48 und die Anmerkung dazu). <em>Allāh</em> ist es, Der für euch das Vieh gemacht hat, damit ihr auf den einen reiten und von den anderen essen könnt. (40:79) Und ihr habt noch (anderen) Nutzen an ihnen - damit ihr durch sie jegliches Bedürfnis befriedigen könnt, das in euren Herzen sein mag. Und auf ihnen und auf Schiffen werdet ihr getragen. (40:80) Und Er zeigt euch Seine Zeichen; welches der Zeichen <em>Allāhs</em> wollt ihr denn verleugnen? (40:81) 40:79-80 - Das Vieh allein ist ein Wunderzeichen <em>Allā</em> hs und eine Lehre für die Menschen; denn das Vieh ist zahm, in seiner Natur dem Menschen gefügig und seine Nutzung ist vielseitig. Man benutzt es für Zwecke der Landwirtschaft, wie z.B. Betreiben von Wasserrad, Pflug, Dreschwalzen, Mahlstein, Reiten, und gewinnt aus ihm Nahrung, Wolle, Haut, Hörner und Knochen. (vgl. 16:5-8; 18:18; 30:46; 38:31-33). Genauso sind die Schiffe, die einst zu Noahs Zeit zum ersten Mal unter <em>Allā</em> hs Anweisung gebaut wurden, dem Menschen dienstbar gemacht; sie werden vom Wind getrieben, den auch <em>Allā</em> h u.a. zu diesem Zweck erschaffen hat (vgl. dazu Sura 55). Sie fahren auf dem Wasser, das <em>Allā</em> h (t) aus den Wolken hernieder gesandt hat. Alle Materialien, aus denen das Schiff gebaut wird, sind auch aus der Schöpfung <em>Allā</em> hs. Demnach ist der Mensch nur ein Nutznießer und kein Erschaffer. Sind sie denn nicht im Lande umhergezogen, so dass sie schauen konnten, wie das Ende derer war, die vor ihnen lebten? Sie waren zahlreicher als diese und viel mächtiger und</p>\n<p><em>Tafsīr</em> Al-Qur’<em>ān</em> <em>Al-Karīm</em> hinterließen mehr Spuren auf Erden. Doch alles, was sie erwarben, nützte ihnen nichts. (40:82) Und als ihre Gesandten mit deutlichen Beweisen zu ihnen kamen, da frohlockten sie über das Wissen, das sie (selbst) besaßen. Und das, worüber sie zu spotten pflegten, umfing sie. (40:83) Und als sie Unsere Strafe sahen, sagten sie: ”Wir glauben an <em>Allāh</em> als den Einigen, und wir verwerfen all das, was wir Ihm zur Seite zu stellen pflegten.“ (40:84) Aber ihr Glaube - als sie Unsere Strafe sahen - konnte ihnen nichts mehr nützen. Dies ist <em>Allāhs</em> Gebot, das stets gegenüber Seinen Dienern befolgt worden ist. Und so gingen die Ungläubigen zugrunde. (40:85) 40:82-85 - Die Erklärung in diesem Versblock finden wir ferner an verschiedenen Stellen des Qur’<em>ā</em> n. Es handelt sich nicht um eine Frage im gewöhnlichen Sinne, sondern um eine wiederholte Vorhaltung an die heidnischen Araber in Makka, die ständig zwischen dem Süden und dem Norden - sowohl im Sommer als auch im Winter - umhergezogen, um Handel zu betreiben (vgl. Sura 106). Sie haben mit Sicherheit die Ruinen der alten Generationen auf ihren Reiserouten betrachtet (vgl. 9:69). Jene verflossenen Generation waren viel mächtiger und wohlhabender als die Makkaner selbst, die gegen diese Offenbarung kämpften und sich mit dem edlen Proopheten (a.s.s.) verfeindeten, der aus ihrer Mitte kam (vgl. 6:10; 16:34). Mit diesem eindrucksvollen Versblock endet diese großartige Sura des edlen Qur’<em>ā</em> n. Dafür gebührt <em>Allā</em> h (t) alles Lob! Ende der Sura 40 (41) Sura <em>Fuṣṣilat</em> (Erklärt!) (offenbart zu Makka) 54 <em>Ā</em> y <em>ā</em> t Diese Sura betont, dass Glaube und Offenbarung <em>Allāhs</em> Macht und Güte sind. Der Glaube an <em>Allāh</em> (t) und Seine Botschaft wird die Menschen zum Erfolg führen, der dann durch diese gerechte Taten leisten. Die Offenbarung erklärt Dinge und bringt frohe Botschaft zu denen, die Gutes tun, und warnt die Menschen davor, Schlechtes zu begehen. Leugne nicht <em>Allāh</em> und Seine Botschaft; denn die Erkenntnis über beide kann durch das Betrachten Seiner Schöpfung gefunden werden. Lerne aus den Geschichten der ‘<em>Ād</em> und Ṯamūd, wie sie für ihren Unglauben vernichtet wurden. Am Tage des Jüngsten Gerichts werden Augen, Ohren und Haut Zeugnis gegen die Menschen ablegen. Der wahrhaftige Gläubige ruft die anderen auf, die Herrlichkeit seines Glaubens zu teilen. Er verrichtet gute Taten und verneigt sich vor <em>Allāhs</em> Willen. Seine endgültige Bestimmung wird das Paradies sein. Er wird sich weder fürchten noch betrübt sein und ständig Geduld und Selbstbeherrschung in diesem Leben üben. Glaube und Unglaube können niemals das Gleiche sein, genau wie Gut und Böse niemals gleich sein können. Das Wahre Wissen gehört <em>Allāh</em>, aber Unwahrheit benachteiligt den Menschen und lässt jede Hoffnung verschwinden. Im Namen <em>Allāhs</em>, des Allerbarmers, des Barmherzigen! <em>Ḥā</em> <em>Mī</em> m. (41:1) (Dies ist) eine Offenbarung von dem Allerbarmer, dem Barmherzigen (41:2), ein Buch, dessen Verse als Qur’<em>ā</em> n in arabischer Sprache klar gemacht worden sind für</p>\n<p><em>Tafsīr</em> Al-Qur’<em>ān</em> <em>Al-Karīm</em> Leute, die Wissen besitzen (41:3); als Bringer froher Botschaft und Warner. Doch die meisten von ihnen kehren sich (von ihm) ab, so dass sie (ihn) nicht hören. (41:4) Und sie sagen: ”Unsere Herzen sind vor dem verhüllt, wozu du uns anrufst, und unsere Ohren sind taub, und zwischen uns und dir ist eine Scheidewand. So handle, auch wir handeln.“ (41:5)</p>",
    "timestamp": "2025-12-20T14:27:52.303336+00:00",
    "version": "1.0",
    "copyright": {
      "author": "Muhammad Ibn Ahmad Ibn Rassoul",
      "publisher": "IB Verlag Islamische Bibliothek",
      "edition": "41. Auflage",
      "title": "Tafsīr Al-Qur'ān Al-Karīm"
    }
  }
]