[
  {
    "key": "de_tafsir-al-azhar",
    "verse_key": "64:5",
    "verses": [
      "64:5"
    ],
    "text": "<h2>Sura At-Taġābun (Der verlorene Gewinn)</h2>\n<p><em>(offenbart zu Unknown)</em></p>\n<p><em>0 Āyāt</em></p>\n<p>(offenbart zu <em>Al-Madī</em> na) 18 <em>Ā</em> y <em>ā</em> t <em>Allā</em> h (t) ist der Schöpfer aller Menschen. Er ist auch der beste Richter. Die letzte Abrechnung für alle Menschen, sowohl für diejenigen, die Gutes getan haben, als auch für diejenigen, die Böses begangen haben, wird am Tage des <strong>\"Jüngsten Gerichts\"</strong> stattfinden. Das wird ein Tag von gegenseitigem Verlust und Gewinn unter den Menschen sein. Ertrage Unglück mit Geduld. Verliere nicht die Hoffnung; denn <em>Allā</em> h (t) prüft dich dadurch. Gehorche <em>Allā</em> h und betrachte deinen Wohlstand und deine Kinder als eine Prüfung für dich; deshalb gedenke <em>Allā</em> h (t) und danke Ihm für Seine Güte. Im Namen <em>Allāhs</em>, des Allerbarmers, des Barmherzigen! Es preist <em>Allāh</em>, was in den Himmeln und auf der Erde ist; Sein ist das Königreich und Sein ist das Lob, und Er hat Macht über alle Dinge. (64:1) Er ist es, Der euch erschaffen hat, aber einige von euch sind ungläubig und einige von euch sind gläubig; und <em>Allāh</em> durchschaut das, was ihr tut. (64:2) Er erschuf die Himmel und die Erde in gerechter Weise, und Er gestaltete euch und machte eure Gestalt schön, und zu Ihm ist die Heimkehr. (64:3) Er weiß, was in den Himmeln und auf Erden ist, und Er weiß, was ihr geheimhaltet und was ihr offenkundig tut; und <em>Allāh</em> kennt alles, was in den Herzen ist. (64:4) 64:1-2 - Alle Dinge in der Schöpfung preisen die Herrlichkeit ihres Herrn. (vgl. dazu 62:1) Nur der Mensch stellt hier eine Ausnahme, weil er durch seine erschaffene Natur die Willennsfreiheit und die freie Entscheidung hat. Und gerade diese seine Eigenschaft unterscheidet ihn von anderen Geschöpfen <em>Allā</em> hs. Dadurch sind beide entstanden, diejenigen, die glauben, und diejenigen, die nicht glauben (vgl. dazu 7:172). 64:3-4 - <em>Allā</em> h (t) hat sowohl die Himmel als auch die Erde erschaffen. Die Erschaffung des Menschen war nicht leichter als die Erschaffung des gewaltigen Unversiums. Nur die Schönheit in der Gestalt des Menschen ist sein Spezifikum und wurde deshalb nicht vollbracht, um ihn zu bestrafen, wie unser Prophet (a.s.s.) sagte: ”<em>Allā</em> h hat den Menschen nicht so erschaffen und seine Gestalt so schön gemacht, um ihn als Brennstoff für das Höllenfeuer werden zu lassen.“ D.h., dass <em>Allā</em> h (t) nicht vorhat, uns unbedingt zu bestrafen um der Bestrafung willen. Denn es sind nur wir, die durch den Ungehorsam die Bestrafung herausfordern, wie unser Prophet (a.s.s.) dies in einem anderen <em>Ḥ</em> adīṯ zum Ausdruck brachte: ”Alle Menschen werden ins Paradies gehen, und zwar mit Ausnahme derer, die es ablehnen.“ Als die Anwesenden fragten: ”Und wer wird es ablehnen, o Gesandter <em>Allā</em> hs?“ Der Prophet sagte: ”Wer mir Gehorsam leistet, geht ins Paradies, und wer mir Ungeorsam leistet, der hat es abgelehnt!“ Die Wahrheit über Seine Schöpfung ist <em>Allā</em> h wohl bekannt, weil Er das Offenkundige und das Verborgene kennt. (vgl. dazu 7:11; 40:64). Ist nicht die Geschichte von denen, die zuvor ungläubig waren, zu euch gekommen? So kosteten sie die bösen Folgen ihres Betragens, und ihnen wird eine qualvolle Strafe zuteil sein. (64:5) Dies (soll so sein), weil ihre Gesandten mit klaren Beweisen zu ihnen kamen, sie</p>\n<p><em>Tafsīr</em> Al-Qur’<em>ān</em> <em>Al-Karīm</em> aber sagten: ”Sollen Menschen uns rechtleiten?“ Also glaubten sie nicht und wandten sich ab, doch <em>Allāh</em> hat dies nicht nötig; und <em>Allāh</em> ist auf keinen angewiesen, des Lobes Würdig. (64:6)</p>\n<p>Diese Worte sind sowohl an die Götzendiener von Makka, als auch an alle Menschen zu allen Orten und Zeiten gerichtet. Im Qur’<em>ān</em> werden besonders die ‘<em>Ād</em>, die Ṯamūd, das Volk Lots und das des Pharaos erwähnt, deren Ruinen vor unseren Augen stehen. Durch die Handelskaravanen und den Tourismus unserer Zeit empfinden wir die Wirkung dieser Worte in unseren Seelen.</p>",
    "timestamp": "2025-12-20T14:27:52.303336+00:00",
    "version": "1.0",
    "copyright": {
      "author": "Muhammad Ibn Ahmad Ibn Rassoul",
      "publisher": "IB Verlag Islamische Bibliothek",
      "edition": "41. Auflage",
      "title": "Tafsīr Al-Qur'ān Al-Karīm"
    }
  },
  {
    "key": "de_tafsir-al-azhar",
    "verse_key": "64:6",
    "verses": [
      "64:6"
    ],
    "text": "<p>Zu diesen Generationen, die unter der Erde liegen und ihre Ruinen vor unseren Augen ersichtlich sind (vgl. oben 64:5 und die Anmerkung dazu), wurden Gesandte mit göttlicher Botschaft und Belehrung in aller Deutlichkeit entsandt. (vgl. dazu 14:11). Die Ablehnung und der Ungehorsam dieser Generationen stellen <em>Allā</em> h (t) keinen Schaden dar. Und ihr Gehorsam ist Ihm nicht vorteilhaft, und Er ist frei von allen Bedürfnissen und ist unter keinen Umständen von irgendetwas abhängig. (vgl. dazu 112:1ff.). Diejenigen, die da ungläubig sind, behaupten, sie würden nicht auferweckt werden. Sprich: ”Doch, bei meinem Herrn, ihr werdet gewiss auferweckt werden; dann wird euch gewiss verkündet, was ihr getan habt. Und das ist für <em>Allāh</em> ein leichtes.“ (64:7) Darum glaubt an <em>Allāh</em> und Seinen Gesandten und an das Licht, das Wir herniedergesandt haben. Und <em>Allāh</em> ist dessen wohl kundig, was ihr tut. (64:8) Der Zeitpunkt, wo Er euch am Tage der Versammlung versammeln wird - das wird der Tag des verlorenen Gewinns sein. Und wer an <em>Allāh</em> glaubt und das Rechte tut - Er wird seine Übel von ihm nehmen und wird ihn in Gärten führen, durch die Bäche fließen, worin (sie) auf ewig verweilen. Das ist das große Glück. (64:9) Diejenigen aber, die ungläubig sind und Unsere Zeichen leugnen, sollen die Bewohner des Feuers sein. Darin bleiben sie auf ewig; und das ist eine schlimme Bestimmung! (64:10)</p>",
    "timestamp": "2025-12-20T14:27:52.303336+00:00",
    "version": "1.0",
    "copyright": {
      "author": "Muhammad Ibn Ahmad Ibn Rassoul",
      "publisher": "IB Verlag Islamische Bibliothek",
      "edition": "41. Auflage",
      "title": "Tafsīr Al-Qur'ān Al-Karīm"
    }
  },
  {
    "key": "de_tafsir-al-azhar",
    "verse_key": "64:7",
    "verses": [
      "64:7"
    ],
    "text": "<p>Hier ist die Rede von den Ungläubigen in Makka zur Zeit der Offenbarung als auch von solchen zu allen Orten und Zeiten, bis zum Ende der Welt. Ihr Schöpfer schwört bei Sich Selbst und versichert ihnen die Auferstehung nach ihrem Tod, damit sie zur Rechenschaft herangezogen werden. Diese Stelle ist die dritte im Qur’<em>ā</em> n, an der <em>Allā</em> h (t) Seinen Gesandten auffordert, bei seinem Herrn zu schwören, dass dies in Wahrheit stattfinden wird. (vgl.10:53; 34:3)</p>",
    "timestamp": "2025-12-20T14:27:52.303336+00:00",
    "version": "1.0",
    "copyright": {
      "author": "Muhammad Ibn Ahmad Ibn Rassoul",
      "publisher": "IB Verlag Islamische Bibliothek",
      "edition": "41. Auflage",
      "title": "Tafsīr Al-Qur'ān Al-Karīm"
    }
  },
  {
    "key": "de_tafsir-al-azhar",
    "verse_key": "63:8",
    "verses": [
      "63:8"
    ],
    "text": "<p>Diese Worte wurden von ‘<em>Abdullā</em> h Ibn Ubaiyy Ibn <em>Salū</em> l während der Expedition gegen die <em>Banū</em> <em>Al-Muṣṭaliq</em> im fünften Jahr nach der <em>Hiǧ</em> ra geäußert. Zaid Ibn Al-Arqam berichtete: ”Als ich die Worte von ‘<em>Abdullā</em> h Ibn Ubaiyy dem Propheten mitteilte und dieser kam und unter Eid alles bestritt, tadelten mich die älteren von den <em>Al-Anṣār</em> - und besonders mein Onkel - sehr dafür, bis ich schließlich das Gefühl hatte, der Prophet hätte mich auch für einen Lügner gehalten und ‘<em>Abdullā</em> h Ibn Ubaiyy für einen aufrichtigen Menschen. Dies machte mich sehr besorgt und traurig. Als jedoch diese Verse offenbart wurden, rief mich der Prophet zu sich, fasste mich am Ohr und sagte: ”Das Ohr dieses Jungen war aufrichtig. <em>Allā</em> h (t) hat Selbst Zeugnis von dem abgelegt, was es gehört hat.“ (ÜB) O ihr, die ihr glaubt, lasst euch durch euer Vermögen und eure Kinder nicht vom Gedenken an <em>Allāh</em> abhalten. Und wer das tut - das sind die Verlierenden. (63:9) Und spendet von dem, was Wir euch gegeben haben, bevor einen von euch der Tod ereilt und er sagt: ”Mein Herr! Wenn Du mir nur Aufschub für eine kurze Frist gewähren würdest, dann würde ich Almosen geben und einer der Rechtschaffenen sein.“ (63:10) Und nie wird <em>Allāh</em> jemandem Aufschub gewähren, wenn seine Frist um ist; und <em>Allāh</em> ist dessen wohl kundig, was ihr tut. (63:11) 63:9-11 - Diese Worte sind an die Gläubigen gerichtet, damit sie zu ihrer hohen Stellung aufsteigen und sich von allen Eigenschaften der Heuchler reinigen. Das Vermögen und die Kinder hat <em>Allā</em> h (t) uns gegeben, um uns zu helfen, Seine Statthalter auf der Erde zu werden, und nicht, damit wir uns ausschließlich mit ihnen beschäftigen und den Sinn unseres Lebens vergessen, nämlich, dass wir uns ehrlich bemühen, uns die Eigenschaften <em>Allā</em> hs nach unserem menschlichem Vermögen zu eigen zu machen. Das gelingt aber nur, wenn wir die Verbindung mit unserem Herrn aufrechterhalten. Wer diese Verbindung vernachlässigt, verliert sich selbst und damit verliert er alles. Wenn der Tod kommt, dann nützt das Vermögen, das jemand hinterlässt, ihm nicht mehr. Mit dieser göttlichen Belehrung kommt diese ermahnenden Sura zu ihrem Ende. Und alles Lob gebührt <em>Allā</em> h, Dem Herrn der Welten (vgl. 1:1ff.). Ende der Sura 63</p>\n<p><em>Tafsīr</em> Al-Qur’<em>ān</em> <em>Al-Karīm</em> (64) Sura At-Taġābun (Der verlorene Gewinn) (offenbart zu <em>Al-Madī</em> na) 18 <em>Ā</em> y <em>ā</em> t <em>Allā</em> h (t) ist der Schöpfer aller Menschen. Er ist auch der beste Richter. Die letzte Abrechnung für alle Menschen, sowohl für diejenigen, die Gutes getan haben, als auch für diejenigen, die Böses begangen haben, wird am Tage des <strong>\"Jüngsten Gerichts\"</strong> stattfinden. Das wird ein Tag von gegenseitigem Verlust und Gewinn unter den Menschen sein. Ertrage Unglück mit Geduld. Verliere nicht die Hoffnung; denn <em>Allā</em> h (t) prüft dich dadurch. Gehorche <em>Allā</em> h und betrachte deinen Wohlstand und deine Kinder als eine Prüfung für dich; deshalb gedenke <em>Allā</em> h (t) und danke Ihm für Seine Güte. Im Namen <em>Allāhs</em>, des Allerbarmers, des Barmherzigen! Es preist <em>Allāh</em>, was in den Himmeln und auf der Erde ist; Sein ist das Königreich und Sein ist das Lob, und Er hat Macht über alle Dinge. (64:1) Er ist es, Der euch erschaffen hat, aber einige von euch sind ungläubig und einige von euch sind gläubig; und <em>Allāh</em> durchschaut das, was ihr tut. (64:2) Er erschuf die Himmel und die Erde in gerechter Weise, und Er gestaltete euch und machte eure Gestalt schön, und zu Ihm ist die Heimkehr. (64:3) Er weiß, was in den Himmeln und auf Erden ist, und Er weiß, was ihr geheimhaltet und was ihr offenkundig tut; und <em>Allāh</em> kennt alles, was in den Herzen ist. (64:4) 64:1-2 - Alle Dinge in der Schöpfung preisen die Herrlichkeit ihres Herrn. (vgl. dazu 62:1) Nur der Mensch stellt hier eine Ausnahme, weil er durch seine erschaffene Natur die Willennsfreiheit und die freie Entscheidung hat. Und gerade diese seine Eigenschaft unterscheidet ihn von anderen Geschöpfen <em>Allā</em> hs. Dadurch sind beide entstanden, diejenigen, die glauben, und diejenigen, die nicht glauben (vgl. dazu 7:172). 64:3-4 - <em>Allā</em> h (t) hat sowohl die Himmel als auch die Erde erschaffen. Die Erschaffung des Menschen war nicht leichter als die Erschaffung des gewaltigen Unversiums. Nur die Schönheit in der Gestalt des Menschen ist sein Spezifikum und wurde deshalb nicht vollbracht, um ihn zu bestrafen, wie unser Prophet (a.s.s.) sagte: ”<em>Allā</em> h hat den Menschen nicht so erschaffen und seine Gestalt so schön gemacht, um ihn als Brennstoff für das Höllenfeuer werden zu lassen.“ D.h., dass <em>Allā</em> h (t) nicht vorhat, uns unbedingt zu bestrafen um der Bestrafung willen. Denn es sind nur wir, die durch den Ungehorsam die Bestrafung herausfordern, wie unser Prophet (a.s.s.) dies in einem anderen <em>Ḥ</em> adīṯ zum Ausdruck brachte: ”Alle Menschen werden ins Paradies gehen, und zwar mit Ausnahme derer, die es ablehnen.“ Als die Anwesenden fragten: ”Und wer wird es ablehnen, o Gesandter <em>Allā</em> hs?“ Der Prophet sagte: ”Wer mir Gehorsam leistet, geht ins Paradies, und wer mir Ungeorsam leistet, der hat es abgelehnt!“ Die Wahrheit über Seine Schöpfung ist <em>Allā</em> h wohl bekannt, weil Er das Offenkundige und das Verborgene kennt. (vgl. dazu 7:11; 40:64). Ist nicht die Geschichte von denen, die zuvor ungläubig waren, zu euch gekommen? So kosteten sie die bösen Folgen ihres Betragens, und ihnen wird eine qualvolle Strafe zuteil sein. (64:5) Dies (soll so sein), weil ihre Gesandten mit klaren Beweisen zu ihnen kamen, sie</p>\n<p><em>Tafsīr</em> Al-Qur’<em>ān</em> <em>Al-Karīm</em> aber sagten: ”Sollen Menschen uns rechtleiten?“ Also glaubten sie nicht und wandten sich ab, doch <em>Allāh</em> hat dies nicht nötig; und <em>Allāh</em> ist auf keinen angewiesen, des Lobes Würdig. (64:6)</p>",
    "timestamp": "2025-12-20T14:27:52.303336+00:00",
    "version": "1.0",
    "copyright": {
      "author": "Muhammad Ibn Ahmad Ibn Rassoul",
      "publisher": "IB Verlag Islamische Bibliothek",
      "edition": "41. Auflage",
      "title": "Tafsīr Al-Qur'ān Al-Karīm"
    }
  },
  {
    "key": "de_tafsir-al-azhar",
    "verse_key": "64:8",
    "verses": [
      "64:8"
    ],
    "text": "<p>Dieses Licht ist das Licht des Qur’<em>ā</em> n. 64:9-10 - Nach dem Einschub von 64:8 setzt <em>Allā</em> h (t) die Angabe in 64:7 fort und beschreibt die Szene der Versammlung am Tage des <strong>\"verlorenen Gewinns\"</strong>, nach dem diese Sura genannt ist. (vgl. dazu 11:103; 18:104; 56:50). In einem <em>Ḥ</em> adīṯ erzählt der Prophet (a.s.s.) von einer Frau, die wegen einer Katze mit dem Höllenfeuer bestraft werden musste, weil sie sie eingesperrt hatte, bis sie verendete. Weder hatte sie ihr Nahrung gegeben, noch hatte sie sie freigelassen, damit sie ihre Nahrung selbst in den Gebüschen der Erde suchte. Außerdem hat der Prophet einmal seine Gefährten gefragt: ”Wisst ihr wer bankrott ist?“ Sie antworteten: ”Bankrott ist einer, der weder Dirham noch <em>Dinā</em> r hat.“ Darauf sagte der Prophet: ”Nein, bankrott ist vielmehr derjenige, der am Tage des Jüngsten Gerichts mit Gebet, <em>Zakā</em> h und Fasten kommt, aber diesen geschlagen, jenem</p>\n<p><em>Tafsīr</em> Al-Qur’<em>ān</em> <em>Al-Karīm</em> Unrecht getan und einen dritten um sein Geld gebracht hatte. Dann nimmt dieser von seinen guten Taten und jener ebenfalls bis sie zu Ende gehen, dann wird von ihren Missetaten ein Teil genommen und ihm zu Last gelegt, und dann wird er ins Höllenfeuer geworfen.“ (vgl. dazu 25:70). (ÜB) Kein Unglück trifft ein, es sei denn mit <em>Allāhs</em> Erlaubnis. Und wer an <em>Allāh</em> glaubt, dem leitet Er sein Herz. Und <em>Allāh</em> weiß alle Dinge. (64:11) Und gehorcht <em>Allāh</em> und gehorcht dem Gesandten. Doch wenn ihr euch (von ihm) abkehrt, dann obliegt Unserem Gesandten nur die Pflicht zur deutlichen Verkündigung. (64:12) <em>Allāh</em>! Es ist kein Gott außer Ihm; und auf <em>Allāh</em> sollen die Gläubigen vertrauen. (64:13)</p>",
    "timestamp": "2025-12-20T14:27:52.303336+00:00",
    "version": "1.0",
    "copyright": {
      "author": "Muhammad Ibn Ahmad Ibn Rassoul",
      "publisher": "IB Verlag Islamische Bibliothek",
      "edition": "41. Auflage",
      "title": "Tafsīr Al-Qur'ān Al-Karīm"
    }
  },
  {
    "key": "de_tafsir-al-azhar",
    "verse_key": "64:11",
    "verses": [
      "64:11"
    ],
    "text": "<p>Das Unglück hat verschiedene Gesichter: Es kommt in der Form einer Naturkatastrophe, einer Hungersnot, eines Unfalls, einer Krankheit, einer Unterdrückung usw. Ähnlich davon haben die Muslime erlitten und mussten in Geduld ertragen. Nach jahrelanger Verfolgung in ihrer Heimatstadt Makka waren sie nach <em>Al-Madī</em> na ausgewandert, wo die aufrichtigen Muslime, die sie aufnahmen, doppelte Last zu tragen hatten. Einerseits mussten sie hunderte von Auswanderern unterstützen, andererseits waren sie zur Zielscheibe von Angriffen verschiedener Feinde geworden (vgl. dazu 57:22-23). Das Unglück in seinen verschiedenen Formen ist aber nicht immer schlecht für die Gläubigen. Manchmal bringt es Vorteile, Ermahnung und Rückkehr zum rechten Weg. Unser Prophet (a.s.s.) sagte: ”Alle Angelegenheiten eines Gläubigen sind für ihn vorteilhaft: Wenn ihm etwas Gutes zuteil wird, ist er dankbar und dies ist gut für ihn; und wenn ihm etwas Schlechtes widerfährt verhält er sich geduldig, und das ist gut für ihn.“ (Bu) 64:12-13 - Der Gehorsam gegenüber dem Gesandten <em>Allā</em> hs gilt als Gehorsam gegenüber <em>Allā</em> h Selbst. (vgl. dazu 4:80). Die Kernaussage im Gehorsam leitet sich dem Grundsatz des Glaubensbekenntnisses: ”Es ist kein Gott außer <em>Allā</em> h, <em>Muḥ</em> ammad ist der Gesandte <em>Allā</em> hs“. So sollen die Gläubigen auf <em>Allā</em> h vertrauen und sich auf Seine Gebote zu ihrem eigenes Heil verlassen. (vgl. ferner 5:92). O ihr, die ihr glaubt, wahrlich, unter euren Frauen und Kindern sind welche, die euch feindlich gesonnen sind; so hütet euch vor ihnen. Und wenn ihr verzeiht und Nachsicht übt und vergebt, dann ist <em>Allāh</em> Allvergebend, Barmherzig. (64:14) Eure Reichtümer und eure Kinder sind wahrlich eine Versuchung; doch bei <em>Allāh</em> ist großer Lohn. (64:15) So fürchtet <em>Allāh</em>, soviel ihr nur könnt, und hört und gehorcht und spendet; es wird für euch selbst besser sein. Und wer vor seiner eigenen Habsucht bewahrt ist - das sind die Erfolgreichen. (64:16) Wenn ihr <em>Allāh</em> ein gutes Darlehen gebt, so wird Er es euch um ein Vielfaches vermehren und wird euch vergeben; und <em>Allāh</em> ist Dankbar, Nachsichtig (64:17), der Kenner des Verborgenen und des Sichtbaren, der Erhabene, der Allweise. (64:18) 64:14-15 - <em>Allā</em> h (t), Der das Verborgene kennt, warnt vor einer Sache, die für den Menschenverstand fast unvorstellbar ist; denn der Feind lebt manchmal unter uns in denselben vier Wänden, und seine Gefahr wird katastrophal auswirken, weil er ganz nahe zu den verwundbaren Stellen der eigenen Angehörigen imselben Haushalt steht. Mit der Warnung in diesem Versblock kann eine Vorbeugung vorgenommen werden, die besser ist als Heilung, wenn ein Unglück durch die Hände von Frauen und Kindern geschieht. Dennoch werden Nachsicht und Verzeihung geboten, damit die gebotene Bindung zur Verwandtschaft und <strong>\"Gebährmutter\"</strong></p>\n<p><em>Tafsīr</em> Al-Qur’<em>ān</em> <em>Al-Karīm</em> dennoch aufrechterhalten bleibt und nicht zerreißt. Unser Prophet (a.s.s.) hielt einmal eine Rede, als seine beiden Enkel <em>Al-Ḥ</em> asan und <em>Al-Ḥ</em> usein, die mit roten Hemden angekleidet waren, stolpernd und wackelnd in die Moschee hereinmarschierten. Er trat von der Kanzel herunter, nahm sie auf und setzte sie vor sich. Dann sagte er: ”<em>Allā</em> h und Sein Gesandter haben die Wahrheit gesagt: <strong>\"Eure Reichtümer und eure Kinder sind wahrlich eine Versuchung.\"</strong> Ich schaute auf diese zwei Knaben, wie sie wackelig hereinmarschierten und konnte nicht anders, als meine Rede zu unterbrechen und sie aufzuheben.“ (Ha). Aus diesem <em>Ḥ</em> adīṯ lernen wir, wie wir unsere Kinder bramherzig und liebevoll behandeln sollen und dass die Warnung in 64:14 auf keinen Fall dazu führt, dass wir sie verwünschen oder hassen - und dies werden wir sowieso nicht tun können, weil die Liebe zu ihnen in uns angeboren ist und einen natürlichen Trieb darstellt. (vgl. dazu 2:27, 109; 8:24; 9:23-24; 13:25; 29:8; 31:14-15; 33:6; 47:22; 60:3).</p>",
    "timestamp": "2025-12-20T14:27:52.303336+00:00",
    "version": "1.0",
    "copyright": {
      "author": "Muhammad Ibn Ahmad Ibn Rassoul",
      "publisher": "IB Verlag Islamische Bibliothek",
      "edition": "41. Auflage",
      "title": "Tafsīr Al-Qur'ān Al-Karīm"
    }
  }
]