[
  {
    "key": "de_tafsir-al-azhar",
    "verse_key": "87:1",
    "verses": [
      "87:1"
    ],
    "text": "<h2>Sura Al-A‘lā (Der Allerhöchste)</h2>\n<p><em>(offenbart zu Makka)</em></p>\n<p><em>0 Āyāt</em></p>\n<p>(offenbart zu Makka) 19 <em>Ā</em> y <em>ā</em> t <em>Allā</em> h (t) hat den Menschen in der Lage gemacht, durch Gesetzmäßigkeiten Fortschritte zu erzielen, und durch die Offenbarung wird er noch mehr in der Lage sein, zu Reinheit und Perfektion zu gelangen. Im Namen <em>Allāhs</em>, des Allerbarmers, des Barmherzigen! Preise den Namen deines Allerhöchsten Herrn (87:1), Der erschaffen und geformt hat (87:2), Der vorher bestimmt und leitet (87:3), Der die Weide hervorbringt (87:4) und sie zu versengter Spreu macht. (87:5) Wir werden dir (den Qur’<em>ā</em> n) verlesen lassen, und du sollst (ihn) nicht vergessen (87:6), es sei denn, was <em>Allāh</em> will; denn Er kennt das Offenkundige und das Verborgene. (87:7) Und Wir werden es dir zum Heil leicht machen. (87:8) So ermahne, wo die Ermahnung nützt! (87:9) Mahnen lassen wird sich derjenige, der gottesfürchtig ist (87:10); Ermahnung meiden wird der Unselige (87:11), der im größten Feuer brennt (87:12), und in ihm wird er weder sterben noch leben. (87:13)</p>\n<p>Dieser Imperativ ist an jeden Menschen gerichtet, sowohl an den Propheten (a.s.s.) und mit ihm die Gläubigen zur Zeit der Offenbarung, als auch an jeden Menschen zu allen Orten und Zeiten. Das Wort <strong>\"Herr\"</strong> weist auf die Eigenschaft <em>Allā</em> hs hin als Der, Der Sich um Versorgung, Schutz, Erhalt usw., kümmert. Wenn diese Wirkungsgebiete auch von manchen irdischen <strong>\"Herren\"</strong>, wie z.B. Hausherr, Landherr, Gutsherr, Staatsoberhaupt usw., übernommen werden, dann ist <em>Allā</em> h unter allen Ernährern, Versorgern und Erhaltern Der Allerhöchste, nach dem diese Sura genannt ist. (vgl. dazu 1:2ff.). 87:2-5 - Derartige Sorge um Seine Geschöpfe (vgl. oben 87:1 und die Anmerkung dazu) hat der Herr der Menschen Sich Selbst zur Aufgabe gemacht; denn Er will - nachdem Er alle Lebewesen erschaffen und geformt hat - Seine Geschöpfe nicht im Stich lassen, weil ihre Vernachläßigung sich nicht mit Seiner Eigenschaft als Gnädig und Barmherzig vereinbart. Und weil Er der Erschaffer ist, so kennt Er auch die Bedürfnisse Seiner Geschöpfe. Dazu gehört die Rechtleitung als Mittel zum Glück im Diesseits und im Jenseits. Für Seine Geschöpfe - u.a. Mensch und Tier - bringt Er die Weide als Nahrung hervor. Ist der Mensch undankbar, so ist <em>Allā</em> h imstande, diese grüne schöne Weide zu versengter Spreu zu machen. (vgl. dazu 79:31).</p>",
    "timestamp": "2025-12-20T14:27:52.303336+00:00",
    "version": "1.0",
    "copyright": {
      "author": "Muhammad Ibn Ahmad Ibn Rassoul",
      "publisher": "IB Verlag Islamische Bibliothek",
      "edition": "41. Auflage",
      "title": "Tafsīr Al-Qur'ān Al-Karīm"
    }
  },
  {
    "key": "de_tafsir-al-azhar",
    "verse_key": "87:6",
    "verses": [
      "87:6"
    ],
    "text": "<p>Dies bezieht sich sowohl auf die unmittelbare Eingebung, die dem Propheten zuteil wurde, als auch auf die allgemeingültige Botschaft an die Menschheit für alle Zeiten. Jeder der diese Botschaft versteht, muss sie in Worten verkünden. Dem Propheten (a.s.s.) wird hier gesagt, dass - obwohl er weder lesen noch schreiben konnte - die ihm offenbarte Botschaft in seinem Herzen und in den Herzen der Menschen bewahrt werden würde. (ÜB) (vgl. 20:113-114 und die Anmerkung dazu).</p>",
    "timestamp": "2025-12-20T14:27:52.303336+00:00",
    "version": "1.0",
    "copyright": {
      "author": "Muhammad Ibn Ahmad Ibn Rassoul",
      "publisher": "IB Verlag Islamische Bibliothek",
      "edition": "41. Auflage",
      "title": "Tafsīr Al-Qur'ān Al-Karīm"
    }
  },
  {
    "key": "de_tafsir-al-azhar",
    "verse_key": "87:7",
    "verses": [
      "87:7"
    ],
    "text": "<p>Auf Grund dessen, dass der Prophet (a.s.s.) weder lesen noch schreiben konnte (vgl. oben</p>\n<p><em>Tafsīr</em> Al-Qur’<em>ān</em> <em>Al-Karīm</em> 87:6 und die Anmerkung dazu) erfolgt hier das Versprechen, dass nichts von dem Inhalt der Botschaft in Vergessenheit geraten wird, es sei denn, was <em>Allā</em> h noch will als die Herabsendung der Botschaft im Gange war und einige Bestimmungen ergänzt, aufgehoben oder im Qur’<em>ā</em> n selbst erläutert wurden; denn Er kennt das Offenkundige, das Verborgene und die Bedürfnisse Seine Diener. Maßgebend für die Unversehrtheit des Qur’<em>ā</em> n ist seine Endfassung, die der Engel Gabriel dem Propheten (a.s.s.) endgültig belehrte und bestätigte. (vgl. dazu 2:106).</p>",
    "timestamp": "2025-12-20T14:27:52.303336+00:00",
    "version": "1.0",
    "copyright": {
      "author": "Muhammad Ibn Ahmad Ibn Rassoul",
      "publisher": "IB Verlag Islamische Bibliothek",
      "edition": "41. Auflage",
      "title": "Tafsīr Al-Qur'ān Al-Karīm"
    }
  },
  {
    "key": "de_tafsir-al-azhar",
    "verse_key": "85:20",
    "verses": [
      "85:20"
    ],
    "text": "<p>Die Ungläubigen, die ständig lautschreien, dass alles Lüge sei, sind sich der göttlichen Allmacht überhaupt nicht bewusst, bis diese sie umfasst und sie völlig wirkungslos macht. 85:21-22 - Am Ende dieser göttlichen Worte in dieser herrlichen Sura betont <em>Allā</em> h (t) den reinen Charakter und die edle Beschreibung des Qur’<em>ā</em> n, der vor jeglicher Fälschung und Änderung abgesichert ist. Denn es sind von <em>Allā</em> h gesprochenen Worte, die auf wohlbewahrten Tafeln niedergeschrieben sind. (vgl. dazu 15:9). Gepriesen sei <em>Allā</em> h und alles Lob gebührt dem Ewigen Herrn! Ende der Sura 85</p>\n<p><em>Tafsīr</em> Al-Qur’<em>ān</em> <em>Al-Karīm</em> (86) Sura <em>Aṭ</em> <em>Ṭāriq</em> (offenbart zu Makka) 17 <em>Ā</em> y <em>ā</em> t Wie ein glänzender Stern, der in der dunkelsten Nacht strahlt, ist <em>Allā</em> hs Offenbarung ein Licht durch die dunkelste Periode der Geschichte der Menschheit. Der Mensch wurde in einer sehr bescheidenen Art erschaffen. Lass ihn nicht überheblich werden und <em>Allā</em> hs Wort ablehnen. Im Namen <em>Allāhs</em>, des Allerbarmers, des Barmherzigen! Bei dem Himmel und bei <em>Aṭ</em> - <em>Ṭāriq</em>! (86:1) Und was lehrt dich wissen, was <em>Aṭ-Ṭāriq</em> ist? (86:2) (Es ist) ein Stern von durchdringender Helligkeit. (86:3) Wahrlich, jede Seele hat über sich einen Hüter. (86:4) Darum soll der Mensch denn bedenken, woraus er erschaffen ist! (86:5) Erschaffen wurde er aus einer herausschießenden Flüssigkeit (86:6), die vom Mann und von der Frau herauskommt. (86:7) Wahrlich, Er hat die Macht, ihn zurückzubringen (86:8) am Tage, wenn die Geheimnisse enthüllt werden (86:9); dann wird er keine Kraft und keinen Helfer haben. (86:10) 86:1-3 - Dies ist ein Schwur <em>Allā</em> hs bei Seiner Schöpfung. Auf diese Art und Weise dürfen die Muslime nicht nachahmen; denn ihnen ist nur der Schwur <strong>\"bei <em>Allā</em> h\"</strong> erlaubt. Bei <strong>\"<em>Aṭ-Ṭāriq</em>\"</strong> handelt sich um einen Morgenstern von durchdringender Helligkeit, der zum Ende der Nacht erscheint und seine Existenz in aller Klarheit preisgibt, als ob er bei den Menschen anklopfen würde (<em>ṭ</em> araqa = anklopfen, wovon das Wort <strong>\"<em>Aṭ</em> <em>Ṭāriq</em>\"</strong> = der Anklopfer kommt). beschützen, sondern ihn auch zu überwachen und seine Taten zu registrieren. Gedanken machen und vor Augen halten, woraus er erschaffen ist. Flüssigkeit, die vom Mann und von der Frau herauskommt. Es sind Ergüsse, die durch den Geschlechtsverkehr zustandekommen und kaum Beachtung von den beiden Partnern finden. Dennoch bedeutet dieser Akt bei <em>Allā</em> h keineswegs etwas Vergessenes oder Verlorenes. 86:8-10 - <em>Allā</em> h (t), Der den Menschen erschaffen und für ihn gesorgt hat, ist Der, Der ihn gewiss nach seinem Tod am Tage der Auferstehung zum Leben erwecken und seine Geheimnisse, die er im irdischen Leben gut bewahrt hat, entlüften kann. Wenn es soweit ist, dann wird er weder Kraft noch Helfer haben, um sich vor der Vergeltung Seines Herrn zu schützen. Und beim Himmel mit seiner Wiederkehr (86:11); und bei der Erde, die sich spaltet! (86:12) Dies ist wahrlich ein entscheidendes, letztes Wort (86:13), und es ist nicht zum Scherzen. (86:14) Wahrlich, sie planen eine List. (86:15) Und Ich plane eine List. (86:16) Darum gewähre nun den Ungläubigen Aufschub, ein klein wenig Aufschub. (86:17)</p>\n<p><em>Tafsīr</em> Al-Qur’<em>ān</em> <em>Al-Karīm</em> anmerkung dazu). <strong>\"Wiederkehr des Himmels\"</strong> ist im arabischen Sprachgebrauch die Bezeichnung für den Regen, der in einem wiederkehrenden Vorgang vom Himmel herabfällt. Das Firmament über uns ist stets dasselbe, und doch vollzieht sich dort ein täglicher Kreislauf, ruhig und pünktlich. (ÜB) sie grün und weich machen. 86:13-14 - Hier steht die Aussage des vorangegangenen Schwurs <em>Allā</em> hs. (vgl. oben 86:11), dass der Qur’<em>ā</em> n ein entscheidendes, wahres Wort des Erhabenen Gottes ist, das jedem Disput und Zweifel ein Ende setzt. (ÜB) Er ist das letzte Wort durch den Mund des letzten aller Propheten, <em>Muḥ</em> ammad, <em>Allā</em> hs Segen und Friede auf ihm. Demnach ist die Angelegenheit sehr ernsthaft und keines Falls zum Scherzen. Sie dient keinesfalls zu Spiel und Spaß, wie die Medien in unserer Zeit dies zu tun pflegen. 86:16-17 - In diesem Versblock erleben wir zum Ende dieser edlen Sura herzergreifende Worte: Die Gegner der Botschaft zu allen Orten und Zeiten schmieden Pläne gegen den Propheten und die Muslime, um diese Religion, den Islam, in Misskredit zu bringen und vor den Augen der Menschen unglaubwürdig zu machen, wie z.B. in unserer Zeit durch den Streit um das Kopftuch der muslimischen Frauen, als ob es sich bei dieser Ernsthaftigkeit der göttlichen Botschaft nur um ein <strong>\"Stück Stoff\"</strong> handeln würde. <em>Allā</em> h (t), schmiede ebenfalls Seine eigenen Pläne gegen die Widersacher des Islam. Weil es sich hier um zweierlei Arten von Planung und Kampf handelt, die in Kraft und Potential nicht gleichbürtig laufen; so bleibt dann das Abwarten, bis <em>Allā</em> h über diese Seine Sache entscheidet. Deshalb soll der Prophet - und nach ihm jeder Muslim - den Aufschub gewähren und sich geduldig ausharren, und dieser wird bestimmt nicht lange dauern. Alles Lob gebührt dann <em>Allā</em> h, Dem Allmächtigen Herrn, Der Seine Religion zum Sieg verhelfen wird. Ende der Sura 86 Die Gläubigen sind ja Brüder. So stiftet Frieden zwischen euren Brüdern und fürchtet <em>Allāh</em>, aufdass euch Barmherzigkeit erwiesen werde. (49) Sura <em>Al-Ḥ</em> u <em>ǧ</em> <em>urā</em> t (Die Gemächer), Vers 10</p>\n<p><em>Tafsīr</em> Al-Qur’<em>ān</em> <em>Al-Karīm</em> (87) Sura Al-A‘<em>lā</em> (Der Allerhöchste) (offenbart zu Makka) 19 <em>Ā</em> y <em>ā</em> t <em>Allā</em> h (t) hat den Menschen in der Lage gemacht, durch Gesetzmäßigkeiten Fortschritte zu erzielen, und durch die Offenbarung wird er noch mehr in der Lage sein, zu Reinheit und Perfektion zu gelangen. Im Namen <em>Allāhs</em>, des Allerbarmers, des Barmherzigen! Preise den Namen deines Allerhöchsten Herrn (87:1), Der erschaffen und geformt hat (87:2), Der vorher bestimmt und leitet (87:3), Der die Weide hervorbringt (87:4) und sie zu versengter Spreu macht. (87:5) Wir werden dir (den Qur’<em>ā</em> n) verlesen lassen, und du sollst (ihn) nicht vergessen (87:6), es sei denn, was <em>Allāh</em> will; denn Er kennt das Offenkundige und das Verborgene. (87:7) Und Wir werden es dir zum Heil leicht machen. (87:8) So ermahne, wo die Ermahnung nützt! (87:9) Mahnen lassen wird sich derjenige, der gottesfürchtig ist (87:10); Ermahnung meiden wird der Unselige (87:11), der im größten Feuer brennt (87:12), und in ihm wird er weder sterben noch leben. (87:13)</p>",
    "timestamp": "2025-12-20T14:27:52.303336+00:00",
    "version": "1.0",
    "copyright": {
      "author": "Muhammad Ibn Ahmad Ibn Rassoul",
      "publisher": "IB Verlag Islamische Bibliothek",
      "edition": "41. Auflage",
      "title": "Tafsīr Al-Qur'ān Al-Karīm"
    }
  }
]