[
  {
    "key": "de_tafsir-al-azhar",
    "verse_key": "82:19",
    "verses": [
      "82:19"
    ],
    "text": "<h2>Sura Al-Muṭ affifī n (Die das Maß Verkürzenden)</h2>\n<p><em>(offenbart zu Makka)</em></p>\n<p><em>0 Āyāt</em></p>\n<p>(offenbart zu Makka) 36 <em>Ā</em> y <em>ā</em> t Meide jegliche Art von Betrug in deinen Geschäften. Alle Arten der Korruption im Leben sind ebenso verurteilt, da <em>Allā</em> h (t) am Tage des Jüngsten Gerichts richten wird. Lehne die Wahrheit nicht ab, noch verspotte sie; denn sie wird letztlich erfolgreich sein. Die Überheblichen werden erniedrigt werden. Im Namen <em>Allāhs</em>, des Allerbarmers, des Barmherzigen! Wehe denjenigen, die das Maß verkürzen (83:1), die, wenn sie sich von den Leuten zumessen lassen, volles Maß verlangen. (83:2) Und dann jedoch, wenn sie es ihnen ausmessen oder auswägen, verkürzen sie es. (83:3) Glauben diese nicht, dass sie auferweckt werden (83:4) an einem großen Tag (83:5), an dem die Menschen vor dem Herrn der Welten stehen werden? (83:6)</p>\n<p>Mit diesem Schreckensbild ermahnt uns <em>Allā</em> h (t) zum Ende dieser lehrreichen Sura an die Folgen des schweren Tages des Jüngsten Gerichts, an dem kein Mensch für den anderen etwas tun kann. Jeder wird dann mit sich selbst beschäftigt sein und der Befehl an jenem Tage steht einzig <em>Allā</em> h zu. Ende der Sura 82 (83) Sura <em>Al-Muṭ</em> <em>affifī</em> n (Die das Maß Verkürzenden) (offenbart zu Makka) 36 <em>Ā</em> y <em>ā</em> t Meide jegliche Art von Betrug in deinen Geschäften. Alle Arten der Korruption im Leben sind ebenso verurteilt, da <em>Allā</em> h (t) am Tage des Jüngsten Gerichts richten wird. Lehne die Wahrheit nicht ab, noch verspotte sie; denn sie wird letztlich erfolgreich sein. Die Überheblichen werden erniedrigt werden. Im Namen <em>Allāhs</em>, des Allerbarmers, des Barmherzigen! Wehe denjenigen, die das Maß verkürzen (83:1), die, wenn sie sich von den Leuten zumessen lassen, volles Maß verlangen. (83:2) Und dann jedoch, wenn sie es ihnen ausmessen oder auswägen, verkürzen sie es. (83:3) Glauben diese nicht, dass sie auferweckt werden (83:4) an einem großen Tag (83:5), an dem die Menschen vor dem Herrn der Welten stehen werden? (83:6)</p>",
    "timestamp": "2025-12-20T14:27:52.303336+00:00",
    "version": "1.0",
    "copyright": {
      "author": "Muhammad Ibn Ahmad Ibn Rassoul",
      "publisher": "IB Verlag Islamische Bibliothek",
      "edition": "41. Auflage",
      "title": "Tafsīr Al-Qur'ān Al-Karīm"
    }
  }
]