[
  {
    "key": "de_tafsir-al-azhar",
    "verse_key": "35:1",
    "verses": [
      "35:1"
    ],
    "text": "<h2>Sura Fāṭir (Der Schöpfer)</h2>\n<p><em>(offenbart zu Makka)</em></p>\n<p><em>0 Āyāt</em></p>\n<p>(offenbart zu Makka) 45 <em>Ā</em> y <em>ā</em> t Diese Sura handelt von den Wundern der Schöpfung und wie sie erhalten werden, dargestellt durch die Mitwirkung von Engeln. Entweder betrachten wir die Natur um uns herum, oder uns selbst; jede Schöpfungsart preist <em>Allā</em> h, und schützt <em>Allā</em> hs Diener vor dem Bösen. Ruhm gebührt <em>Allā</em> h, Der die Quelle alles Guten ist. Er erschuf die Engel, welche Botschafter sind und <em>Allā</em> hs Befehl ausführen; sie können nur <em>Allā</em> hs Gesetze befolgen, die <em>Allā</em> hs Schöpfung aufrechterhalten. Satan ist ein Feind; deshalb lasse dich von seiner Verführung nicht betören und widersetze dich. Diejenigen, die <em>Allā</em> h ablehnen, werden eine strenge Strafe erleiden. Wenn du irgendetwas neben <em>Allā</em> h anbetest, wird es dich nicht erhören, und wenn es dich hören könnte, kann es deinen Ruf nicht beantworten. Gutes und Schechtes kann niemals gleich sein, so wie der Sehende und der Blinde nicht gleich sind; ähnlich wie Dunkelheit und Licht, kühler Schatten und Hitze, oder das Lebendige und das Tote. Wir brauchen <em>Allā</em> h (t), aber Er ist frei von allen Bedürfnissen. So wie die Menschen und andere Geschöpfe aus verschiedenen Farben erschaffen sind, so gibt es verschiedene Rangstufen in der Glaubenswelt, von der nur diejenigen Wissen haben, die <em>Allā</em> h fürchten. Die Guten werden ein glückliches Ende finden, während die Übeltäter keinen Helfer finden werden. Die Hochmütigen werden vernichtet werden. Die Übeltäter sollten aus den Schicksalen der Leute lernen, die vor ihnen da waren. <em>Allā</em> h (t) gibt ihnen für eine bestimmte Zeit Aufschub: Wenn ihre Zeit abgelaufen ist, bestraft Er sie. Im Namen <em>Allāhs</em>, des Allerbarmers, des Barmherzigen! Alles Lob gebührt <em>Allāh</em>, dem Schöpfer der Himmel und der Erde, Der die Engel, mit je zwei, drei und vier Flügeln, zu Boten gemacht hat. Er fügt der Schöpfung hinzu, was Ihm gefällt; <em>Allāh</em> hat wahrlich Macht über alle Dinge. (35:1)</p>\n<p>Diese Sura trägt den Namen <strong>\"<em>Fāṭir</em>\"</strong> (Der Schöpfer) (vgl. 43:1), Dem hier alles Lob gebührt. Er ist <em>Allā</em> h (t), Der nicht nur Himmel und Erde erschaffen hat, sondern auch die Engel, über die Er hier etwas von ihrer Beschaffenheit entlüftet. Dieser Vers bestätigt schon das, was die Menschen durch viele Epochen hinweg angenommen haben, dass Engel Flügel haben. Es gibt leider einige Muslime, die über diesen Qur’<em>ā</em> n-Vers nicht informiert sind und meinen, Engel müssen nicht Flügel haben. Die Art und Weise, wie die Flügel in ihrer Zahl auf der Gestalt des Engels geteilt sind, ist nicht zu erfahren; denn Er fügt der Schöpfung hinzu, was Ihm gefällt; <em>Allā</em> h</p>\n<p><em>Tafsīr</em> Al-Qur’<em>ān</em> <em>Al-Karīm</em> hat wahrlich Macht über alle Dinge. Andere Aussagen über die Engel finden wir in 21:18; 7:206; 66:6. (vgl. dazu 26:198; 79:1-3) Was <em>Allāh</em> den Menschen an Barmherzigkeit gewährt, das kann keiner zurückhalten; und was Er zurückhält, das kann nach Ihm keiner freigeben; und Er ist der Allmächtige, der Allweise. (35:2)</p>",
    "timestamp": "2025-12-20T14:27:52.303336+00:00",
    "version": "1.0",
    "copyright": {
      "author": "Muhammad Ibn Ahmad Ibn Rassoul",
      "publisher": "IB Verlag Islamische Bibliothek",
      "edition": "41. Auflage",
      "title": "Tafsīr Al-Qur'ān Al-Karīm"
    }
  },
  {
    "key": "de_tafsir-al-azhar",
    "verse_key": "35:2",
    "verses": [
      "35:2"
    ],
    "text": "<p>Dieser Vers knüpft unmittelbar an das Ende des vorigen Verses an, wovon <em>Allā</em> hs Allmacht die Rede ist. Die Barmherzigkeit <em>Allā</em> hs kann jeder erlangen, wenn er darum bittet. Abraham hat sie im Feuer gefunden. <em>Yū</em> suf fand sie in der Tiefe des Brunnens und in der Dunkelheit des Gefangnisses. <em>Yū</em> nus fand sie in der Dunkelheit im Bauch eines Wahls. Moses fand sie im Fluss als schutzloser Säugling, aber auch im Palast des Pharao, seines Feindes, der auf ihn lauerte, und nach ihm suchte. (ÜB) (vgl. 12:88 und die Anmerkung dazu). O ihr Menschen, gedenkt der Gnade <em>Allāhs</em> gegen euch. Gibt es einen Schöpfer außer <em>Allāh</em>, Der euch vom Himmel und von der Erde her versorgt? Es ist kein Gott außer Ihm. Wie könnt ihr euch da (von Ihm) abwenden? (35:3)</p>",
    "timestamp": "2025-12-20T14:27:52.303336+00:00",
    "version": "1.0",
    "copyright": {
      "author": "Muhammad Ibn Ahmad Ibn Rassoul",
      "publisher": "IB Verlag Islamische Bibliothek",
      "edition": "41. Auflage",
      "title": "Tafsīr Al-Qur'ān Al-Karīm"
    }
  },
  {
    "key": "de_tafsir-al-azhar",
    "verse_key": "35:3",
    "verses": [
      "35:3"
    ],
    "text": "<p>Die Rede hier ist an alle Menschen zu allen Orten und Zeiten gerichtet. Dieser Vers soll uns Menschen davor warnen, undankbar <em>Allā</em> h (t) gegenüber zu sein. Denn allein durch Seine Gnade und Fürsorge wird das menschliche Leben erhalten (vgl. 10:31). Zwischen dem ersten und dem zweiten Satz in diesem Vers ist eine kurze Pause zu denken. Und wenn sie dich der Lüge bezichtigen: schon die Gesandten vor dir sind der Lüge bezichtigt worden; und zu <em>Allāh</em> werden die Angelegenheiten zurückgebracht. (35:4) O ihr Menschen, wahrlich, die Verheißung <em>Allāhs</em> ist wahr, darum lasst euch nicht vom diesseitigen Leben betören, und lasst euch nicht vom Betörer über <em>Allāh</em> betören. (35:5) Wahrlich, Satan ist euer Feind; so haltet ihn für einen Feind. Er ruft seine Anhänger nur herbei, damit sie zu Bewohnern des flammenden Feuers werden. (35:6)</p>",
    "timestamp": "2025-12-20T14:27:52.303336+00:00",
    "version": "1.0",
    "copyright": {
      "author": "Muhammad Ibn Ahmad Ibn Rassoul",
      "publisher": "IB Verlag Islamische Bibliothek",
      "edition": "41. Auflage",
      "title": "Tafsīr Al-Qur'ān Al-Karīm"
    }
  },
  {
    "key": "de_tafsir-al-azhar",
    "verse_key": "35:4",
    "verses": [
      "35:4"
    ],
    "text": "<p>Damit ist der Prophet <em>Muḥ</em> ammad, <em>Allā</em> hs Segen und Friede auf ihm, angesprochen. Die Entscheidung über die Wahrheit liegt allein bei <em>Allā</em> h (t). Er wird letztendlich darüber urteilen, wer ein Lügner war, und diesem entsprechend vergelten. (ÜB) 35:5-6 - Hier kehrt die Rede zurück an alle Menschen in Bezug auf Vers 35:3 oben (s. die Anmerkung dazu), um sie vor Satan, ihrem Erzfeind zu warnen; er lauert nur, um sie durch seinen schmackhaft gemachten Betrug von der Verheißung <em>Allā</em> hs zu entfernen. (vgl. 14:22; 15:17; 31:33 und die Anmerkung dazu). Denjenigen, die ungläubig sind, wird eine strenge Strafe zuteil sein. Denen aber, die glauben und gute Werke tun, wird Vergebung und großer Lohn zuteil sein. (35:7) Ist etwa der, dem das Böse seines Tuns verschönt wird, so dass er es als gut ansieht, (rechtgeleitet)? Gewiss, <em>Allāh</em> lässt in die Irre gehen, wen Er will, und leitet recht, wen Er will. Lass darum deine Seele nicht in Seufzern über sie hinschwinden. Wahrlich, <em>Allāh</em> weiß, was sie tun. (35:8)</p>",
    "timestamp": "2025-12-20T14:27:52.303336+00:00",
    "version": "1.0",
    "copyright": {
      "author": "Muhammad Ibn Ahmad Ibn Rassoul",
      "publisher": "IB Verlag Islamische Bibliothek",
      "edition": "41. Auflage",
      "title": "Tafsīr Al-Qur'ān Al-Karīm"
    }
  },
  {
    "key": "de_tafsir-al-azhar",
    "verse_key": "35:7",
    "verses": [
      "35:7"
    ],
    "text": "<p>Hier handelt es sich um die bekannte Parallele des Qur’<em>ā</em> n, durch die <em>Allā</em> h (t) die Warnung</p>\n<p><em>Tafsīr</em> Al-Qur’<em>ān</em> <em>Al-Karīm</em> und die frohe Botschaft verkündet.</p>",
    "timestamp": "2025-12-20T14:27:52.303336+00:00",
    "version": "1.0",
    "copyright": {
      "author": "Muhammad Ibn Ahmad Ibn Rassoul",
      "publisher": "IB Verlag Islamische Bibliothek",
      "edition": "41. Auflage",
      "title": "Tafsīr Al-Qur'ān Al-Karīm"
    }
  },
  {
    "key": "de_tafsir-al-azhar",
    "verse_key": "35:8",
    "verses": [
      "35:8"
    ],
    "text": "<p>Die Verse 35:3-7 waren an die Menschen allgemein gerichtet. In diesem Abschnitt wurden die Hauptverantwortlichen für Irrtum und Abweichungen erwähnt, die ihr Äußerstes taten, um den Auftrag des Propheten (a.s.s.) zunichtezumachen. Aber der Gesandte <em>Allā</em> hs sollte über die Haltung solcher Menschen nicht traurig oder entmutigt sein (vgl. 14:4). <em>Allā</em> h (t) tröstet ihn mit diesen Worten und fordert ihn auf, Ihm allein die Sache anheimzustellen. Dieser Satz enthält die Drohung, dass <em>Allā</em> h (t) sie für ihre Übeltaten bestrafen wird, wenn die Zeit gekommen ist. (ÜB) Und <em>Allāh</em> ist es, Der die Winde sendet, die das Gewölk hochtreiben. Dann treiben Wir es über eine tote Stadt und beleben damit die Erde nach ihrem Tode. Ebenso wird es bei der Auferstehung der (Toten) sein. (35:9) Wer da Erhabenheit begehrt, (der wisse), dass alle Erhabenheit <em>Allāh</em> gehört. Zu Ihm steigt das gute Wort empor, und rechtschaffenes Werk wird es hochtreiben lassen. Und diejenigen, die Böses planen - für sie ist eine strenge Strafe (bestimmt); und ihr Planen wird unwirksam sein. (35:10) Und <em>Allāh</em> hat euch aus Erde erschaffen, dann aus einem Samentropfen, dann machte Er euch zu Paaren. Und kein weibliches Wesen wird schwanger oder entbindet ohne Sein Wissen. Und keinem, der ein langes Leben hat, wird sein Leben verlängert, noch wird sein Leben irgendwie verringert, ohne dass es in einem Buch stünde. Das ist ein leichtes für <em>Allāh</em>. (35:11)</p>",
    "timestamp": "2025-12-20T14:27:52.303336+00:00",
    "version": "1.0",
    "copyright": {
      "author": "Muhammad Ibn Ahmad Ibn Rassoul",
      "publisher": "IB Verlag Islamische Bibliothek",
      "edition": "41. Auflage",
      "title": "Tafsīr Al-Qur'ān Al-Karīm"
    }
  },
  {
    "key": "de_tafsir-al-azhar",
    "verse_key": "35:9",
    "verses": [
      "35:9"
    ],
    "text": "<p>Wasser ist die Grundlage für alles Lebendige. Man versteht darunter, dass <em>Allā</em> h (t) die Wolken mit dem Wind steuert. Alles ist keinem Zufall überlassen; denn Zufall in Glaubensfragen gibt es überhaupt nicht. Die Belebung einer toten Stadt ist also eine gottgewollte Sache, genauso wie die Wiederbelebung der Toten. Das ist die Antwort darauf, dass die Götzendiener das Leben nach dem Tod für unmöglich halten.</p>",
    "timestamp": "2025-12-20T14:27:52.303336+00:00",
    "version": "1.0",
    "copyright": {
      "author": "Muhammad Ibn Ahmad Ibn Rassoul",
      "publisher": "IB Verlag Islamische Bibliothek",
      "edition": "41. Auflage",
      "title": "Tafsīr Al-Qur'ān Al-Karīm"
    }
  },
  {
    "key": "de_tafsir-al-azhar",
    "verse_key": "35:10",
    "verses": [
      "35:10"
    ],
    "text": "<p>Die guten Worte zum Wohlwollen <em>Allā</em> hs werden von Ihm angenommen; sie werden zu Ihm emporsteigen und die guten Taten wirken für sie wie eine Treibkraft, um diese zu beschleunigen (vgl. 14:25-32). Das allerbeste unter allen guten Worten ist das Glaubensbekenntnis im Islam: <strong>\"Kein Gott ist da außer <em>Allā</em> h; <em>Muḥ</em> ammad ist der Gesandte <em>Allā</em> hs.\"</strong> Gute Worte ähneln guten Pflanzen, die wachsen und gesunde Früchte tragen. Gute Worte sind das Produkt des Glaubens und werden reichlich belohnt. Aus dem Unglauben kommt nichts Gutes heraus, weder das Wort noch die Handlung. Für Menschen, die solches begehen, ist eine schwere Strafe bereitet, und über dies hinaus tragen ihre Pläne keine Früchte und werden vereitelt (vgl. 10:21; 34:33).</p>",
    "timestamp": "2025-12-20T14:27:52.303336+00:00",
    "version": "1.0",
    "copyright": {
      "author": "Muhammad Ibn Ahmad Ibn Rassoul",
      "publisher": "IB Verlag Islamische Bibliothek",
      "edition": "41. Auflage",
      "title": "Tafsīr Al-Qur'ān Al-Karīm"
    }
  },
  {
    "key": "de_tafsir-al-azhar",
    "verse_key": "35:11",
    "verses": [
      "35:11"
    ],
    "text": "<p>Die Erschaffung des ersten Menschen geschah aus der irdischen Substanz. Die weitere Erschaffung geschieht durch einen Samentropfen in Verbindung mit seiner Gattin, die aus ihm selbst erschaffen wurde. Jede weitere Erschaffung von den beiden bis zum Weltende geschieht nach einer Gesestzmäßigkeit durch Vermehrung, ebenfalls durch Samentropfen (vgl. 18:37; 22:5; 30:20). Ehre, Macht und Wissen sind nicht in seinem niedrigen Ursprung enthalten, sondern in <em>Allā</em> hs Allmacht, Der diese gibt und nimmt, wie und wem Er will (vgl. 3:49; 23:12; 31:34; 33:19, 30). Und die beiden Gewässer sind nicht gleich: dieses (ist) wohlschmeckend, süß und angenehm zu trinken, und das andere (ist) salzig, bitter. Und aus den beiden esst ihr zartes Fleisch und</p>\n<p><em>Tafsīr</em> Al-Qur’<em>ān</em> <em>Al-Karīm</em> holt Schmucksachen, die ihr tragt. Und du siehst die Schiffe darauf fahren, auf dass ihr nach Seiner Huld trachten und vielleicht doch dankbar sein mögt. (35:12)</p>",
    "timestamp": "2025-12-20T14:27:52.303336+00:00",
    "version": "1.0",
    "copyright": {
      "author": "Muhammad Ibn Ahmad Ibn Rassoul",
      "publisher": "IB Verlag Islamische Bibliothek",
      "edition": "41. Auflage",
      "title": "Tafsīr Al-Qur'ān Al-Karīm"
    }
  },
  {
    "key": "de_tafsir-al-azhar",
    "verse_key": "35:12",
    "verses": [
      "35:12"
    ],
    "text": "<p>Dieser Vers ist ein Einschub (vgl. 25:53). Es handelt sich hier um ein Wunder der Schöpfung: Der große salzige Ozean mit allen Meeren und Buchten bildet eine Einheit; ebenso bilden die süßen Gewässer in Flüssen, Seen, Teichen und unterirdischen Quellen eine Einheit. Jede davon ist mit der anderen durch einen beständigen Kreislauf verbunden, wobei Dämpfe aufsteigen, in Wolken von athmosphärischer Feuchtigkeit umhergetragen werden, wieder zu Wasser oder Schnee verdichtet werden, als Regen herabfallen und sich mit Flüssen und Bächen mischen, um wieder in den Ozean zu gelangen. Der Wille, dass beide Wasserqualitäten verschieden sein sollen ist klar - das eine ist süß und wie wir wissen - ein Bestandteil des Lebens; das andere ist salzig und bitter (vgl. 16:14). Gleichwohl aus dem Meer als auch aus Flüssen und Seen bekommen wir fische, die ein besonders frisches, zartes Fleisch haben. Der Ausdruck <strong>\"zartes Fleisch\"</strong> umfasst sowohl Fische als auch die verschiedenen Meerestiere. Die Schmucksachen daraus sind z.B. die Perlen, Korallen und so fein gefärbte Steine wie der Agat, der Goldstein oder verschiedene Arten von Quarzsteinen, die in Flussbetten gefunden und als Schmucksteine verwendet werden. (ÜB) Der Sand am Flussufer enthält manchmal Gold. Die Schiffe sind unentbehrliche Mittel für Reisen, Handel, Fischfang, Warentransporte usw. Der erste Schiffbau entstand zum erstenmal zu Noahs Zeiten unter der Anweisung <em>Allā</em> hs (vgl. 11:37), Der uns Menschen Mittel und Gründe zur Dankbarkeit leicht gemacht. (vgl. ferner 18:60; 21:30; 23:99- 100; 24:45; 25:53; 27:61; 35:12; 42:32-34; 55:19; 77:25-26 und die Anmerkungen dazu). Er lässt die Nacht in den Tag und den Tag in die Nacht übergehen. Und Er hat (euch) die Sonne und den Mond dienstbar gemacht; ein jedes (Gestirn) umläuft seine Bahn auf eine bestimmte Zeit. Dies ist <em>Allāh</em>, euer Herr; Sein ist das Reich, und jenen, die ihr statt Ihm anruft, gehört nicht einmal Macht über das Häutchen eines Dattelkerns. (35:13) Wenn ihr sie bittet, hören sie eure Bitte nicht; und wenn sie diese auch hören würden, so würden sie euch nichts in Erfüllung bringen. Und am Tage der Auferstehung werden sie leugnen, dass ihr (sie) zu Göttern nahmt. Und niemand kann dich so unterrichten wie der Eine, Der Kundig ist. (35:14)</p>",
    "timestamp": "2025-12-20T14:27:52.303336+00:00",
    "version": "1.0",
    "copyright": {
      "author": "Muhammad Ibn Ahmad Ibn Rassoul",
      "publisher": "IB Verlag Islamische Bibliothek",
      "edition": "41. Auflage",
      "title": "Tafsīr Al-Qur'ān Al-Karīm"
    }
  },
  {
    "key": "de_tafsir-al-azhar",
    "verse_key": "35:13",
    "verses": [
      "35:13"
    ],
    "text": "<p><em>Allā</em> h (t) ist der Erschaffer aller Dinge im Himmel und in der Erde. Er erschuf auch die Sonne und den Mond und hat die beiden für uns Menschen dienstbar gemacht. Durch die Präzision des Sonnensystems entstehen Tag und Nacht durch Erdumdrehungen (vgl. 22:61). Für den Menschen sind die beiden von großer Wichtigkeit; denn die Nacht ist die Zeit der Ruhe und Enstspannung. Der Tag ist für Regsamkeit und Erwerb bestimmt (vgl. 13:2). Die Kommentatoren erklären, dass der Satz <strong>\"ein jedes Gestirn umläuft seine Bahn auf eine bestimmte Zeit\"</strong>, auf die bestimmte, regelmäßige Zeit deren Umlaufs hinweist, wodurch Tag und Nacht entstehen. Andere Kommentatoren erklären, dass damit die Gesamtdauer bis zum Zeitpunkt des Weltuntergangs, an dem diese Funktion aufhört, gemeint ist. Dies ist <em>Allā</em> h, euer Herr, Der dieses wunderbares Werk zu eurem Wohl gemacht hat (vgl. 4:53; 4:124).</p>",
    "timestamp": "2025-12-20T14:27:52.303336+00:00",
    "version": "1.0",
    "copyright": {
      "author": "Muhammad Ibn Ahmad Ibn Rassoul",
      "publisher": "IB Verlag Islamische Bibliothek",
      "edition": "41. Auflage",
      "title": "Tafsīr Al-Qur'ān Al-Karīm"
    }
  },
  {
    "key": "de_tafsir-al-azhar",
    "verse_key": "35:14",
    "verses": [
      "35:14"
    ],
    "text": "<p>Die Aussage in 35:13 entspringt der Barmherzigkeit des Erhabenen Schöpfers, Der dies alles für uns Menschen von Selbst - ohne Bitte und Aufforderung - gemacht hat. Was haben dann die falschen Götter gemacht, die nicht einmal Macht über das Häutchen eines Dattelkerns haben? (vgl. oben 35:13). Sie können weder die Bitte hören, noch diese erfüllen, falls sie sie hören</p>\n<p><em>Tafsīr</em> Al-Qur’<em>ān</em> <em>Al-Karīm</em> würden. Machtlos sind sie und ihre Verehrer. Die Vorhaltung, dass die Menschen Bilder, Statuen, Bäume, Sterne, Engel oder <em>Ǧ</em> inn als Götter anbeten oder diese als Nebengötter oder Vermittler zum Allmächtigen erklären, gilt nicht nur für die Zeit der Götzendiener in Makka, sondern für alle Orten und Zeiten (vgl. 10:28; 34:40). Der Qur’<em>ā</em> n sagt an vielen Stellen, dass alle diese falschen Verehrungsobjekte Zeugnis am Tage des Jüngsten Gerichts ablegen müssen. O ihr Menschen, ihr seid arm und auf <em>Allāh</em> angewiesen, <em>Allāh</em> aber ist auf keinen angewiesen und ist des Lobes Würdig. (35:15) Wenn Er will, kann Er euch hinwegnehmen und eine neue Schöpfung hervorbringen. (35:16) Und das ist für <em>Allāh</em> nicht schwer. (35:17) Und keine lasttragende (Seele) soll die Last einer anderen tragen; und wenn eine schwer beladene um ihrer Last willen ruft, soll nichts davon getragen werden, und handelte es sich auch um einen Verwandten. Du kannst die allein warnen, die ihren Herrn im geheimen fürchten und das Gebet verrichten. Und wer sich reinigt, der reinigt sich nur zu seinem eigenen Vorteil; und zu <em>Allāh</em> ist die Heimkehr. (35:18)</p>",
    "timestamp": "2025-12-20T14:27:52.303336+00:00",
    "version": "1.0",
    "copyright": {
      "author": "Muhammad Ibn Ahmad Ibn Rassoul",
      "publisher": "IB Verlag Islamische Bibliothek",
      "edition": "41. Auflage",
      "title": "Tafsīr Al-Qur'ān Al-Karīm"
    }
  },
  {
    "key": "de_tafsir-al-azhar",
    "verse_key": "35:15",
    "verses": [
      "35:15"
    ],
    "text": "<p>Dies ist eine Anrede an alle Menschen zu allen Orten und Zeiten, um sie auf eine wichtige Tatsache aufmerksam zu machen: sie sind nicht nur arm, sondern darüber hinaus auf <em>Allā</em> h (t) angewiesen. Die derartige Armut und das Angewiesensein ist nicht vorübergehend, sondern ein Dauerzustand, der bald oder später von jedem Individuum bemerkt werden muss, wenn es sich in der Not befindet und feststellt, das es keine Flucht vor <em>Allā</em> h gibt, es sei denn die Zuflucht zu Ihm. 35:16-17 - Nach der Erklärung in 35:15 erfolgt nunmehr noch eine gravierende Tatsache, dass wir Menschen voll und ganz im Griff <em>Allā</em> hs Macht stehen, Der uns ganz verschwinden lässt und an unserer Stelle eine andere, neue Schöpfung hervorbringen kann (vgl. 14:19).</p>",
    "timestamp": "2025-12-20T14:27:52.303336+00:00",
    "version": "1.0",
    "copyright": {
      "author": "Muhammad Ibn Ahmad Ibn Rassoul",
      "publisher": "IB Verlag Islamische Bibliothek",
      "edition": "41. Auflage",
      "title": "Tafsīr Al-Qur'ān Al-Karīm"
    }
  },
  {
    "key": "de_tafsir-al-azhar",
    "verse_key": "35:18",
    "verses": [
      "35:18"
    ],
    "text": "<p>Vor <em>Allā</em> h (t) ist jeder Mensch für seine eigenen Taten verantwortlich. Verwandtschaftliche Beziehungen, die sonst zum gegenseitigen Abnehmen der Last mitwirken, können hier nicht vor <em>Allā</em> h (t) helfen, um z.B. die Schuld von Familienmitgliedern ganz oder teilweise zu tragen. Eine barmherzige Mutter oder ein gütiger Vater können sich nicht bereit erklären, für das eigene Kind zu sterben, wenn seine Stunde kommt usw. (vgl. 29:13; ferner 6:164; 17:15 und die Anmerkung dazu). Und wahrlich, der Blinde ist dem Sehenden nicht gleich (35:19), noch ist es die Finsternis dem Lichte (35:20), noch ist es der Schatten der Sonnenhitze (35:21), noch sind die Lebenden den Toten gleich. Wahrlich, <em>Allāh</em> macht hörend, wen Er will; und du kannst diejenigen nicht hörend machen, die in den Gräbern sind. (35:22) Wahrlich, du bist nur ein Warner. (35:23) Wahrlich, Wir haben dich mit der Wahrheit als Bringer froher Botschaft und als Warner entsandt; und es gibt kein Volk, in dem es nicht einmal schon Warner gegeben hätte. (35:24) Und wenn sie dich der Lüge bezichtigen, so haben auch jene schon, die vor ihnen waren, (die Propheten) der Lüge bezichtigt. Ihre Gesandten kamen mit klaren Beweisen und mit den Büchern und mit der erleuchtenden Schrift zu ihnen. (35:25) Dann erfasste Ich jene, die ungläubig waren, und wie war es dann mit der Verleugnung! (35:26) 35:19-22 - <em>Allā</em> h (t) macht uns Menschen aufmerksam auf die tatsächliche Ungleichheit in Seiner Schöpfung, indem Er uns einige Gegensätze nennt (vgl. 24:35-40; 57:12-14).</p>\n<p><em>Tafsīr</em> Al-Qur’<em>ān</em> <em>Al-Karīm</em> 35:23-26 - Diese beiden Verse nennen die Aufgabe eines jeden Propheten als Warner und Bringer froher Botschaft. Trotz der ablehnenden Haltung der Völker den Propheten gegenüber, hat ihre Warnung dennoch Gültigkeit, auch wenn sie der Lüge bezichtigt wurden. (vgl. 3:184; 22:44 ; 34:45 und die Anmerkung dazu). Hast du nicht gesehen, dass <em>Allāh</em> Wasser vom Himmel herniedersendet? Dann bringen Wir damit Früchte mit mannigfachen Farben hervor; und in den Bergen sind weiße und rote, verschiedenfarbige und rabenschwarze Schichten. (35:27) Und bei Mensch und Tier und Vieh (gibt es) auch verschiedene Farben. Wahrlich, nur die Wissenden unter Seinen Dienern fürchten <em>Allāh</em>. Wahrlich, <em>Allāh</em> ist Erhaben, Allverzeihend. (35:28) 35:27-28 - Hat der Mensch nicht gesehen, was in seinem Alltag geschieht? Der Regen, der vom Himmel niedergeht, ist ein Naturphänomen, das für uns Menschen als Selbstverständlichkeit nach bestimmter Gesetzmäßigkeit abläuft. Genauso ist es selbstverständlich, dass das Wasser die Erde belebt und Pflanzen und Früchte in verschiedenen Farben hervorbringt. Derjenige, Der all dies gemacht hat ist <em>Allā</em> h. Er macht uns darauf aufmerksam, dass die Verschiedenheit der Farben nicht nur für die Pflanzenwelt bestimmt ist, sondern auch für Menschen, Tiere und tote Materie wie z.B. die Berge. Mit wenigen Worten verschaffen diese Verse einen Überblick über die belebte und die unbelebte Natur (vgl. 16:13). Die moderne Wissenschaft hat mittlererweise festgestellt, dass Farben nicht nur als kunstvolle Schau für die Augen dienen, sondern eine große Rolle in der Harmonie der Natur und bei allen Lebewesen spielen. Wahrlich, diejenigen, die <em>Allāhs</em> Buch verlesen und das Gebet verrichten und von dem, was Wir ihnen gegeben haben, insgeheim und offenkundig spenden, rechnen mit einem Handel, der nicht vergeblich sein wird. (35:29) Damit gibt Er ihnen ihren vollen Lohn und noch mehr aus Seiner Huld hinzu; Er ist wahrlich Allverzeihend, Dankbar. (35:30) 35:29-30 - Der Diener <em>Allā</em> hs nimmt sich den Qur’<em>ā</em> n zu Herzen und versucht, mit guten Taten <em>Allā</em> h (t) immer näher zu kommen, besonders durch das Gebet, das vom Propheten (a.s.s.) als die beste Tat erklärt wurde. Die derartige Verhaltensweise gleicht einem Kapital, dessen Investition mit Sicherheit ertragsreich sein wird. Abschließend nennt <em>Allā</em> h im Vers 35:30 den Gewinn dieser Investition. (vgl. dazu den Titel: <strong>\"Der <em>Ǧ</em> <em>ihā</em> d - das Gesetz von Saat und Ernte\"</strong>, Islamische Bibliothek). Dieser Versblock gehört zur frohen Botschaft, die das Buch <em>Allā</em> hs verkündet. Und das, was Wir dir in dem Buch offenbart haben, ist die Wahrheit, die das bestätigt, was ihm vorausging. Gewiss, <em>Allāh</em> kennt und durchschaut Seine Diener recht wohl. (35:31)</p>",
    "timestamp": "2025-12-20T14:27:52.303336+00:00",
    "version": "1.0",
    "copyright": {
      "author": "Muhammad Ibn Ahmad Ibn Rassoul",
      "publisher": "IB Verlag Islamische Bibliothek",
      "edition": "41. Auflage",
      "title": "Tafsīr Al-Qur'ān Al-Karīm"
    }
  },
  {
    "key": "de_tafsir-al-azhar",
    "verse_key": "35:31",
    "verses": [
      "35:31"
    ],
    "text": "<p>Der Inhalt dieser Schrift ist die Wahrheit, die mit dem Inhalt der Offenbarungen übereinstimmt, die ihr vorausgegangen sind. Diese werden im Qur’<em>ā</em> n erwähnt als die Tafeln Abrahams und Moses (vgl. Ende der Sura 87) und das Evangelium (vgl. 9:111). Alle diese Schriften bestätigen untereinander die Wahrheit, deren Kern so lautet: Kein Gott ist da außer <em>Allā</em> h, Der keine Partner hat. Der Qur’<em>ā</em> n bestätigt diesen Kern, nimmt aus ihm das Glaubensbekenntnis und fügt hinzu, dass <em>Muḥ</em> ammad der Gesandte <em>Allā</em> hs ist (vgl. ferner 3:3). Denn er ist der letzte aller Propheten und der Empfänger des Qur’<em>ā</em> n. Vordem gaben Wir das Buch jenen von Unseren Dienern zum Erbe, die Wir erwählten. Und</p>\n<p><em>Tafsīr</em> Al-Qur’<em>ān</em> <em>Al-Karīm</em> unter ihnen sind einige, die gegen sich selbst freveln, und unter ihnen sind einige, die den gemäßigten Standpunkt einnehmen, und unter ihnen sind einige, die nach den guten Dingen mit <em>Allāhs</em> Erlaubnis wetteifern. Das ist die große Huld. (35:32)</p>",
    "timestamp": "2025-12-20T14:27:52.303336+00:00",
    "version": "1.0",
    "copyright": {
      "author": "Muhammad Ibn Ahmad Ibn Rassoul",
      "publisher": "IB Verlag Islamische Bibliothek",
      "edition": "41. Auflage",
      "title": "Tafsīr Al-Qur'ān Al-Karīm"
    }
  },
  {
    "key": "de_tafsir-al-azhar",
    "verse_key": "35:32",
    "verses": [
      "35:32"
    ],
    "text": "<p>Nach dem Ableben der Propheten sind die Gläubigen Erben der offenbarten Schriften. Die Muslime haben nunmehr den Qur’<em>ā</em> n, der <em>Muḥ</em> ammad (a.s.s.) offenbart worden war; sie sind für diese Schrift als Träger und Hüter auserwählt und haben die Aufgabe, sie bis zum Weltende unversehrt und rein zu halten; denn sie gilt für alle Orten und Zeiten (vgl. 7:46). Das Vermächtinis des Qur’<em>ā</em> n ist die größte denkbare Ehre für die Menschen. Wenn sich dies auf den vorherigen Satz bezieht, dann bedeutet es, dass es <em>Allā</em> hs größtes Gnadengeschenk ist, in guten Taten voranzustreben, und wer dies tut, gehört zu den Besten in der muslimischen Gemeinschaft. (ÜB) Gärten von Eden! Sie werden sie betreten. Geschmückt werden sie darin sein mit Armspangen aus Gold und Perlen, und ihre Kleidung darin wird aus Seide sein. (35:33) Und sie werden sagen: ”Alles Lob gebührt <em>Allāh</em>, Der die Traurigkeit von uns genommen hat. Unser Herr ist wahrlich Allverzeihend, Dankbar (35:34), Der uns in Seiner Huld in der Wohnstatt der Ewigkeit ansässig machte. Keine Mühsal berührt uns darin, noch berührt uns darin Müdigkeit.“ (35:35)</p>",
    "timestamp": "2025-12-20T14:27:52.303336+00:00",
    "version": "1.0",
    "copyright": {
      "author": "Muhammad Ibn Ahmad Ibn Rassoul",
      "publisher": "IB Verlag Islamische Bibliothek",
      "edition": "41. Auflage",
      "title": "Tafsīr Al-Qur'ān Al-Karīm"
    }
  },
  {
    "key": "de_tafsir-al-azhar",
    "verse_key": "35:33",
    "verses": [
      "35:33"
    ],
    "text": "<p>Dies zeigt, dass das Paradies letztendlich für alle bereitsteht, die an die Schrift geglaubt haben (vgl. 22:23). Die meisten Kommentatoren beziehen dies auf alle drei im vorigen Vers erwähnten Gruppen, und zwar mit oder ohne vorherige Läuterung. Dieses Verständnis wird vom Zusammenhang des Qur’<em>ā</em> n gestützt (vgl. 18:30-31 und die Anmerkung dazu). 35:34-35 - Traurigkeit gehört nur dem irdischen Dasein; im Paradies jedoch wird diese für immer weggenommen. Damit werden Sorgen, Kummer, Betrübtsein, Bedrücktsein und Trauer ein Ende haben (vgl. 35:30). Alle Hoffnungen haben sich dadurch erfüllt, dass <em>Allā</em> h uns unsere Fehltritte vergeben und die guten Taten belohnt hat. Und für diejenigen, die ungläubig sind, ist das Feuer der <em>Ǧ</em> ahannam. Der Tod wird nicht über sie verhängt, so dass sie sterben könnten, noch wird ihnen etwas von ihrer Strafe erleichtert. So vergelten Wir es jedem Undankbaren. (35:36) Und sie werden darin schreien: ”Unser Herr, bringe uns (aus der Hölle) heraus; wir wollen rechtschaffene Werke tun, anders als wir (zuvor) zu tun pflegten.“ ”Gaben Wir euch nicht ein genügend langes Leben, so dass ein jeder, der sich besinnen wollte, sich darin hätte besinnen können? Und (überdies) kam der Warner zu euch. So kostet nun (die Strafe); denn Frevler haben keinen Helfer.“ (35:37) 35:36-37 - Dieser Versblock gehört zu der bekannten Parallelität des Qur’<em>ā</em> n. Man kann sie leicht erkennen, wenn man oben in 35:33 über die Belohnung der Gläubigen in den <strong>\"Gärten von Eden\"</strong> liest. Hier aber ist die Rede von der Bestrafung derjenigen, die sich geweigert haben, an die Schrift zu glauben, die <em>Allā</em> h (t) dem Propheten <em>Muḥ</em> ammad (a.s.s.) herabgesandt hat. Das <strong>\"Feuer der <em>Ǧ</em> ahannam\"</strong> ist ein Gegenstück zu den <strong>\"Gärten von Eden\"</strong> (s. 35:33). Statt Schmuck mit Armspangen aus Gold und Perlen, und statt Kleidung aus Seide und Wegnehmen von Traurigkeit (vgl. 35:33) wird ihnen (den Ungläubigen) Leid, Schmerz, Angst und jede Art von Erniedrigung gegeben. Im irdischen Leben hat der Tod gewöhnlich das Elend auf Erden beendet. Hier aber wird</p>\n<p><em>Tafsīr</em> Al-Qur’<em>ān</em> <em>Al-Karīm</em> es keinen Tod mehr geben. Man bleibt auf ewig in einem Zustand, von dem ein Entrennen nicht möglich ist (vgl. 6:28; 7:53; 23:99-107 und die Anmerkung dazu). Wahrlich, <em>Allāh</em> kennt das Verborgene der Himmel und der Erde. Wahrlich, Er kennt alles, was in den Herzen ist. (35:38) Er ist es, Der euch zu Statthaltern auf Erden gemacht hat. Wer aber ungläubig ist - auf ihm (laste) sein Unglaube! Und den Ungläubigen kann ihr Unglaube nur den Widerwillen ihres Herrn mehren, und ihr Unglaube kann den Ungläubigen nur den Verlust vergrößern. (35:39)</p>",
    "timestamp": "2025-12-20T14:27:52.303336+00:00",
    "version": "1.0",
    "copyright": {
      "author": "Muhammad Ibn Ahmad Ibn Rassoul",
      "publisher": "IB Verlag Islamische Bibliothek",
      "edition": "41. Auflage",
      "title": "Tafsīr Al-Qur'ān Al-Karīm"
    }
  },
  {
    "key": "de_tafsir-al-azhar",
    "verse_key": "35:38",
    "verses": [
      "35:38"
    ],
    "text": "<p>Wenn <em>Allā</em> h (t) das Verborgene der Himmel und der Erde kennt, so kennt Er auch folgerichtig, was in den Herzen der Menschen verborgen ist. Somit sind Ihm gute wie schlechte Absichten, Geheimpläne und Vorsätze aller art bekannt. Das heißt, wenn der Mensch nicht von den Mitmenschen beobachtet und gesehen wird, so sieht ihn <em>Allā</em> h (t). Unser Prophet (a.s.s.) hat gesagt: ”Der Glaube an <em>Allā</em> h ist, dass du so handelst, als ob du <em>Allā</em> h sähest, und wenn du Ihn nicht sehen kannst, so sieht Er dich doch.“</p>",
    "timestamp": "2025-12-20T14:27:52.303336+00:00",
    "version": "1.0",
    "copyright": {
      "author": "Muhammad Ibn Ahmad Ibn Rassoul",
      "publisher": "IB Verlag Islamische Bibliothek",
      "edition": "41. Auflage",
      "title": "Tafsīr Al-Qur'ān Al-Karīm"
    }
  },
  {
    "key": "de_tafsir-al-azhar",
    "verse_key": "35:39",
    "verses": [
      "35:39"
    ],
    "text": "<p><em>Allā</em> h ist es, Der uns Menschen zu Statthaltern auf Erden gemacht hat (vgl. 2:30): Eine Generation stirbt und wird von einer anderen gefolgt. Eine Stadt entsteht und die andere vergeht; eine Flamme wird gelöscht und eine andere wird gezündet. Dieser ständige Zyklus des Entstehens und des Vergehens in der gesamten Schöpfungsgeschichte zwingt einen zum Nachdenken und Lehre daraus zu ziehen. Unter der Wirkung dieser eindrucksvollen Szenen, ermahnt der Qur’<em>ā</em> n zur Verantwortung, die jeder einzelne zu tragen hat. Keiner übernimmt die Last des anderen, und keiner kann dem anderen helfen (vgl. 6:165). Sprich: ”Habt ihr die Götter gesehen, die ihr statt <em>Allāh</em> anruft? Zeigt mir, was sie von der Erde erschufen. Oder haben sie einen Anteil (im Reich) der Himmel?“ Oder haben Wir ihnen ein Buch gegeben, woraus sie einen Beweis hätten (entnehmen können)? Nein, die Ungerechten verheißen einander nur Trug. (35:40) Wahrlich, <em>Allāh</em> hält die Himmel und die Erde, damit sie nicht weichen. Und würden sie weichen, so gäbe es keinen außer Ihm, der sie halten könnte. Wahrlich, Er ist Nachsichtig, Allverzeihend. (35:41)</p>",
    "timestamp": "2025-12-20T14:27:52.303336+00:00",
    "version": "1.0",
    "copyright": {
      "author": "Muhammad Ibn Ahmad Ibn Rassoul",
      "publisher": "IB Verlag Islamische Bibliothek",
      "edition": "41. Auflage",
      "title": "Tafsīr Al-Qur'ān Al-Karīm"
    }
  },
  {
    "key": "de_tafsir-al-azhar",
    "verse_key": "35:40",
    "verses": [
      "35:40"
    ],
    "text": "<p>Diese Worte sind ein Ausdruck der Verspottung und Herausforderung (vgl. 6:22; 30:35 und die Anmerkung dazu).</p>",
    "timestamp": "2025-12-20T14:27:52.303336+00:00",
    "version": "1.0",
    "copyright": {
      "author": "Muhammad Ibn Ahmad Ibn Rassoul",
      "publisher": "IB Verlag Islamische Bibliothek",
      "edition": "41. Auflage",
      "title": "Tafsīr Al-Qur'ān Al-Karīm"
    }
  },
  {
    "key": "de_tafsir-al-azhar",
    "verse_key": "35:41",
    "verses": [
      "35:41"
    ],
    "text": "<p>Das Universum, wie wir es kennen, zeigt nicht nur Anzeichen für eine bewusste Ordnung, sondern weist auch auf das Wirken eines Allmächtigen, Der es ständig erhält. Wenn wir uns vorstellen, dieses Wirken würde verschwinden, bliebe nur ein Chaos; was würde dann das Universum in Gang halten? Und sie schworen bei <em>Allāh</em> ihre festen Eide: wenn ein Warner zu ihnen käme, würden sie der Führung besser folgen als eines der anderen Völker. Doch als dann in der Tat ein Warner zu ihnen kam, so bestärkte sie das nur in ihrer Abneigung. (35:42) (Sie sind) in Hochmut auf Erden und böse im Planen. Doch der böse Plan fängt nur seine Urheber ein. Erwarten sie denn etwas anderes als das Vorgehen gegenüber den Früheren? Aber in <em>Allāhs</em> Vorgehen wirst du nie eine Änderung finden; und in <em>Allāhs</em> Verfahrensweise wirst du nie einen Wechsel finden. (35:43)</p>\n<p><em>Tafsīr</em> Al-Qur’<em>ān</em> <em>Al-Karīm</em> 35:42-43 - Dies bezieht sich in erster Linie auf die <em>Banū</em> Quraiš in Makka zur Zeit der Offenbarung (vgl. 6:157). Ihre Haltung den Anhängern früherer Schriftreligionen gegenüber war die eines Überlegenheitsgefühls oder unaufrichtiger Entschuldigungen. Sie warfen den Juden und Christen vor, dass diese vom Licht der eigenen Offenbarung abgewichen seien; und - auf sich selbst bezogen - sagten sie, sie hätten keine direkte Offenbarung von <em>Allā</em> h (t) erhalten, sonst hätten sie sich besonders diszipliniert und besonders zum Gehorsam gegenüber <em>Allā</em> hs Gesetz bereit gezeigt. So verhielt es sich, bevor der Prophet seinen Auftrag von <em>Allā</em> h (t) erhalten hatte. Als er diesen jedoch erhielt und verkündete, wandten sie sich davon ab. Sie gingen ihm aus dem Weg und distanzierten sich immer weiter davon. (ÜB) (vgl. 10:21; 34:33 und die Anmerkung dazu). Sind sie denn nicht im Lande umhergezogen, so dass sie schauen konnten, wie das Ende derer war, die vor ihnen lebten? Und jene hatten mehr Kraft als sie selber. Und nichts in den Himmeln oder auf Erden vermag, sich <em>Allāh</em> zu entziehen; denn Er ist Allwissend, Allmächtig. (35:44) Und wollte <em>Allāh</em> die Menschen für alles bestrafen, was sie tun, würde Er nicht ein Lebewesen auf der (Erd-)oberfläche übrig lassen; doch Er gewährt ihnen Aufschub bis zu einer bestimmten Frist; und wenn ihre Frist um ist, dann durchschaut <em>Allāh</em> Seine Diener. (35:45)</p>",
    "timestamp": "2025-12-20T14:27:52.303336+00:00",
    "version": "1.0",
    "copyright": {
      "author": "Muhammad Ibn Ahmad Ibn Rassoul",
      "publisher": "IB Verlag Islamische Bibliothek",
      "edition": "41. Auflage",
      "title": "Tafsīr Al-Qur'ān Al-Karīm"
    }
  },
  {
    "key": "de_tafsir-al-azhar",
    "verse_key": "35:44",
    "verses": [
      "35:44"
    ],
    "text": "<p>Die Götzendiener zu jener Zeit der Offenbarung waren bekannt als Reisevolk, das zwischen dem Süden und dem Norden mit Handelskarawanen umherwanderte, um Handel mit den benachbarten Völkern zu betreiben. Auf ihren Wegen haben sie Ruinen früherer Generationen gesehen, deren Untergang durch <em>Allā</em> hs Bestrafung ihnen bekannt war. (vgl. 30:9 und die Anmerkung dazu).</p>",
    "timestamp": "2025-12-20T14:27:52.303336+00:00",
    "version": "1.0",
    "copyright": {
      "author": "Muhammad Ibn Ahmad Ibn Rassoul",
      "publisher": "IB Verlag Islamische Bibliothek",
      "edition": "41. Auflage",
      "title": "Tafsīr Al-Qur'ān Al-Karīm"
    }
  },
  {
    "key": "de_tafsir-al-azhar",
    "verse_key": "33:73",
    "verses": [
      "33:73"
    ],
    "text": "<p>Diese Worte bilden den Schluss dieser edlen Sura mit hohen Werten des gellschaftlichen Lebens, der Ethik und der Moral für die ganze Menschheit. In diesem Vers werden die Menschen in drei Kategorien definiert: Die Heuchler und Heuchlerinnen sind jene, die ihre Gläubigkeit zur Schau stellen und ihren Unglauben verbergen (vgl. 7:172-173), um den Muslimen heimlich Schaden zuzufügen. Die Götzendiener und Götzendienerinnen sind dagegen jene, die ihren Unglauben offen zeigen und sich mit ihrem Erhabenen Schöpfer verfeinden. Während <em>Allā</em> h (t) davor warnt und Seine Strafe für die beiden Kategorie preisgibt, wendet Sich den gläubigen Männern und gläubigen Frauen ohne Unterschied zwischen den Geschlechtern zu und verkündet ihnen die frohe Botschaft. <em>Allā</em> h (t) streckt ihnen Seine helfende Hand entgegen, und verzeiht ihnen ihre Vergehen, die sie aufgrund von Schwächen und Hindernissen auch immer begangen haben. Ende der Sura 33</p>\n<p><em>Tafsīr</em> Al-Qur’<em>ān</em> <em>Al-Karīm</em> (34) Sura Saba’ (offenbart zu Makka) 54 <em>Ā</em> y <em>ā</em> t Diese Sura gehört zur frühen makkanischen Periode. Zusammen mit den fünf folgenden Suren, behandelt diese Sura einige Grundzüge der Glaubenswelt und betont <em>Allā</em> hs Gnade, Macht und Wahrheit. <em>Allā</em> h (t) ist Allwissend. Seine Gnade und Seine Macht werden auf ewig sein, wie diese durch Seine Zeichen und Seine Macht gezeigt werden, dass Himmel und Erde vergängliches Wesen haben. Widersetze dich nicht und leugne nicht die Wahrheit. Ein sehr gutes Beispiel für einen Menschen, der mit den Vorzügen des Wissens und der Macht beschert wurde, war David (a.s.), der für die Sache des Islam Gutes tun wollte. Aller Ruhm auf Erden wird vergehen. Selbst der Tod eines mächtigen Herrschers wird sich nach einiger Zeit bemerkbar machen. Salomo (a.s.) hatte ein großes Reich. Aber als er starb, zeigte seinem Volk nur ein kleiner Wurm aus der Erde seinen Tod an. Die Leute von Saba’ lebten in einem glücklichen und wohlhabenden Gebiet, solange sie <em>Allā</em> h gehorchten. Aber als sie sich von <em>Allā</em> h abwandten, sandte <em>Allā</em> h (t) die Flut von den Dämmen über sie. Schließlich wurde ihr Land eine Einöde. Hiervon können wir lernen, dass <em>Allā</em> hs Gnade und Macht, Weisheit und Gerechtigkeit in einem vollkommenen göttlichen Plan ausgeführt werden. Ebenso lernen wir, das Richtige zu tun und uns auf den Tag des Jüngsten Gerichts vorzubereiten. Unglaube ist unbeständig, und alle Übeltäter werden ihre Übeltaten zu spät erkennen. Wahre Werte können nicht durch Falschheit beurteilt werden; z.B. ist es falsch zu sagen, wir haben mehr Wohlstand und Söhne, und deshalb werden diese als Schranke gegen <em>Allā</em> hs Bestrafung wirken. Diejenigen, die glauben und Gutes tun, für sie gibt es eine vielfache Belohnung im Jenseits. Es ist ein Brauch der Ungläubigen, einen ehrlichen Mann als einen Menschen zu bezeichnen, der sie von der Anbetung anderer Götter - wie ihre Vorväter dies getan haben - abzubringen. Sie halten <em>Allā</em> hs Botschaft für Lüge und Magie, aber <em>Allā</em> hs Wahrheit wird immer bleiben. Ehrliche Diener <em>Allā</em> hs werden immer ihr Bestes tun. Unwahrheit und Unglaube werden ein vernichtendes Ende finden. Im Namen <em>Allāhs</em>, des Allerbarmers, des Barmherzigen! Alles Lob gebührt <em>Allāh</em>, Dessen ist, was in den Himmeln und was auf Erden ist, und Sein ist alles Lob im Jenseits; und Er ist der Allweise, der Allkundige. (34:1) Er weiß, was in die Erde eingeht und was aus ihr hervorkommt, und was vom Himmel herniedersteigt und was zu ihm aufsteigt; und Er ist der Barmherzige, der Allverzeihende. (34:2) der ersten Sura steht es unmittelbar nach deren Eröffnung mit dem Satz <strong>\"Im Namen <em>Allā</em> hs, des Allerbarmers, des Barmherzigen!\"</strong> Die gesamte Schöpfung, die Ihm allein gehört, verkündet Sein Lob (vgl. 7:l80; 17:110 und die Anmerkung dazu; für die göttlichen Attribute vgl. den Titel: <strong>\"Und <em>Allā</em> hs sind die Schönsten Namen\"</strong>, Islamische Bibliothek).</p>\n<p><em>Tafsīr</em> Al-Qur’<em>ān</em> <em>Al-Karīm</em> Samenkörner. Aus der Erde aber kommen viele Dinge hervor: Vulkanausbrüche, Erdöl, Edelsteine und -metalle, Mineralien, Gräser, Bäume, Wasserquellen und -dämpfe sowie die Toten am Tage der Auferstehung. Vom Himmel steigt folgendes hernieder: Das Regenwasser, die Engel, die Offenbarungen mit <em>Allā</em> hs Schriften und Geboten. Zu ihm (dem Himmel) steigen auf: Die Taten der Menschen, die Bittgebete der Gläubigen und ihre aufrichtigen Worte und der Ruf der Leidenden. Es gibt keinen Menschen, der in der Lage ist, alles aufzuzählen, was in die Erde eingeht und was aus ihr hervorkommt, und was vom Himmel herniedersteigt und was zu ihm aufsteigt. Und es sagen diejenigen, die ungläubig sind: ”Wir werden die Stunde nicht erleben.“ Sprich: ”Ja doch, bei meinem Herrn, dem Kenner des Verborgenen, sie wird gewiss über euch kommen! Nicht einmal das Gewicht eines Stäubchens in den Himmeln oder auf Erden ist vor Ihm verborgen; noch gibt es etwas Kleineres oder Größeres als dieses, das nicht in einem deutlichen Buch stünde. (34:3) Er belohnt gewiss diejenigen, die glauben und gute Werke tun. Solche sind es, die Vergebung und eine ehrenvolle Versorgung erhalten werden.“ (34:4) Und jene aber, die versuchen, Unsere Zeichen zu entkräften - sie sind es, denen eine Strafe schmerzlicher Pein zuteil wird. (34:5) Und die, denen das Wissen gegeben wurde, sehen, dass das, was dir von deinem Herrn offenbart worden ist, die Wahrheit ist und zum Weg des Allmächtigen, des Preiswürdigen leitet. (34:6) 34:3-6 - In diesem Zusammenhang wird auf die Anmerkungen in 31:16, 28 hingewiesen. 34:6 bezieht sich auf diejenigen, denen früher heilige Schriften gegeben wurden; sie sehen ein, dass das, was dem Propheten <em>Muḥ</em> ammad, <em>Allā</em> hs Segen und Friede auf ihm, von seinem Herrn offenbart worden ist, die Wahrheit ist. Damit sind in erster Linie Juden und Christen gemeint. Darüber hinaus sind damit auch diejenigen gemeint, die - unabhängig von Zeit und Ort, von Volk oder Generation - Wissen erhalten haben und die erkennen, dass dies wahr ist (z.B. durch die Medien). Der Qur’<em>ā</em> n steht allen Generationen offen, und die darin enthaltenen Wahrheiten enthüllen sich von selbst jedem, der über wirkliches Wissen verfügt. Der <strong>\"Weg des Allmächtigen, Preiswürdigen\"</strong> ist ein einziger Weg, den Er für Seine Schöpfung wollte. (vgl. 8:4; 10:61 und die Anmerkung dazu). Und jene, die ungläubig sind, sagen: ”Sollen wir euch einen Mann zeigen, der euch berichtet, ihr würdet, wenn ihr ganz in Stücke zerfallen seid, dann wieder als neue Schöpfung auferstehen? (34:7) Hat er eine Lüge gegen <em>Allāh</em> ersonnen oder ist er ein vom Wahn Besessener?“ Nein, (nicht er) sondern jene, die nicht an das Jenseits glauben, befinden sich in der Pein und im weit gegangenen Irrtum. (34:8) Haben sie denn nicht gesehen, was vom Himmel und von der Erde vor ihnen und was hinter ihnen ist? Wenn Wir wollten, könnten Wir sie in der Erde versinken lassen oder auf sie Brocken vom Himmel fallen lassen. Hierin liegt wahrlich ein Zeichen für jeden Diener, der sich bekehrt. (34:9) 34:7-9 - Die heidnischen Araber leugneten die Auferstehung. Die Führer der <em>Banū</em> Quraiš wussten sehr wohl, dass es für gewöhnliche Menschen äußerst schwierig war, <em>Muḥ</em> ammad (a.s.s.) der Lüge zu bezichtigen; denn jeder wusste, dass er eine völlig vertrauenswürdige Person war, so dass niemand jemals von ihm ein unwahres Wort gehört hatte. Deswegen warfen sie ihm alternativ dazu geistige Unzurechnungsfähigkeit vor, aber dies war ebenso absurd. Die überzeugende</p>\n<p><em>Tafsīr</em> Al-Qur’<em>ān</em> <em>Al-Karīm</em> Antwort für die Götzendiener und die Widerlegung ihres Vorwurfs heißt: Derjenige, der Himmel und Erde erschaffen hat und erhält, kann sicherlich auch eine neue Schöpfung hervorbringen. (vgl. 16:45; 26:187 und die Anmerkung dazu). Und wahrlich, Wir verliehen David Unsere Huld: ”O ihr Berge, lobpreist mit ihm (<em>Allāh</em>), und auch ihr Vögel (lobpreist Ihn)!“ Und schmiegsam machten Wir ihm das Eisen. (34:10) (Und Wir sprachen:) ”Verfertige lange Panzerhemden und füge die Maschen des Kettenwerks fein ineinander. Und verrichtet gute Taten; denn Ich sehe alles, was ihr tut.“ (34:11) 34:10-11 - David (a.s.) war mit seiner gereimten Lobpreisung <em>Allā</em> hs bekannt. Zu der ihm von <em>Allā</em> h verliehene Huld gehörte, dass mit ihm die Berge und Vögel in voller Harmonie - wie im Chor - <em>Allā</em> h lobpreisten. Zu <em>Allā</em> hs Huld an ihm gehörte ferner, dass Er das Eisen als hartes Metall in seinen Händen weich und formbar machte, um Kriegsgeräte und Panzerhemden herzustellen. Beachte den Übergang vom Singular in <strong>\"füge die Maschen des Kettenwerks\"</strong> zum Plural in <strong>\"verrichtet gute Taten\"</strong>. Das erste ist an David (a.s.) gerichtet, das zweite sowohl an ihn als auch an sein ganzes Volk. (vgl. 21:79-80; 38:24 und die Anmerkung dazu). Und Salomo (machten Wir) den Wind (dienstbar); sein Herweg dauerte einen Monat, und sein Hinweg dauerte einen Monat. Und Wir verflüssigten ihm eine Metallquelle. Und von den <em>Ǧ</em> inn gab es welche, die unter ihm auf Geheiß seines Herrn arbeiteten. Und sollte einer von ihnen sich von Unserem Befehl abwenden, so würden Wir ihn die Strafe des flammenden Feuers kosten lassen. (34:12) Sie machten für ihn, was er begehrte: Paläste und Bildwerke, Becken wie Teiche und feststehende Kochbottiche: ”Wirkt ihr vom Hause Davids in Dankbarkeit.“ Und nur wenige von Meinen Dienern sind dankbar. (34:13) 34:12-13 - Die Winde wurden für eine Enfernung dienstbar gemacht, die ein Reisender durch Fußmarsch in einem Monat erreichen kann. Man kann in unserer Zeit die damalige Windgeschwindigkeit mit der Geschwindigkeit eines Flugzeuges vergleichen, um eine solche Entfernung in Kilometer umzusetzen. Einige Komentatoren sind der Meinung, dass es sich bei der <strong>\"Metallquelle\"</strong> um eine solche handelte, die für Salomon (a.s.) aus der Erde mit geschmolzenem Kupfer wie Wasser hervorbrach. Eine andere Auslegung ist jedoch die, dass zur Zeit Salomons die Bearbeitung von Kupfer zu verschiedenen Zwecken in so großem Maße geschah, dass dies nur mit diesem Bild von einer <strong>\"Quelle geschmolzenen Kupfers\"</strong> beschrieben werden kann. Die <em>Ǧ</em> inn sind verborgene Wesen, die für die Menschen unsichtbar sind. Sie gehören einer anderen Schöpfungskategorie <em>Allā</em> hs an, und wir Menschen besitzen über sie nur das Wissen, das <em>Allā</em> h (t) uns über sie gegeben hat. Hier wird uns beispielsweise mitgeteilt, dass eine Abordnung von ihnen in Salomons Dienste gestellt wurde, und zwar unter Strafandrohung für den Fall von Meuterei (vgl. Sura 27:17). Die Arbeiter, die hier als <em>Ǧ</em> inn bezeichnet werden, waren für grobe Arbeiten zuständig, die sie vor Salomon, das heißt vor seinen Augen und unter seiner Aufsicht verrichteten (vgl. 21:82). (ÜB) Mit dem Wort <strong>\"Bildwerke\"</strong> kann es sich um Blumenmuster oder Dekorationen gehandelt haben. (vgl. 21:81-82; 38:30-38 und die Anmerkung dazu). Und als Wir über ihn den Tod verhängt hatten, da zeigte ihnen nichts seinen Tod an außer einem Tier aus der Erde, das seinen Stock zerfraß; so gewahrten die <em>Ǧ</em> inn deutlich, wie er fiel, so dass sie, hätten sie das Verborgene gekannt, nicht so lange in schmählicher Pein</p>\n<p><em>Tafsīr</em> Al-Qur’<em>ān</em> <em>Al-Karīm</em> hätten bleiben müssen. (34:14) Mensch (vgl. 39:30). Nach obiger Geschichte starb Salomo (a.s.) auf seinem Thron, während er sich auf seinen Stab lehnte, und eine Zeitlang bemerkte niemand seinen Tod. Die <em>Ǧ</em> inn, die für ihn Zwangsarbeit leisteten, setzten also die ihnen zugeteilten schweren Arbeiten fort. Im Laufe der Zeit zernagte jedoch eine Termite seinen Stab, und sein Körper, dem jetzt die Stütze fehlte, fiel zu Boden. Die <em>Ǧ</em> inn bemerkten, dass ihr Anspruch, das Verborgene zu kennen, falsch war. (ÜB) Es gab wahrlich ein Zeichen für Saba’ in ihrem Heimatland: zwei Gärten zur Rechten und zur Linken: ”Esst von den Gaben eures Herrn und seid Ihm dankbar. (Euer ist) eine Stadt, die gut ist, und ein Herr, Der Allverzeihend ist!“ (34:15) Jedoch sie kehrten sich ab; da sandten Wir eine reißende Flut gegen sie. Und Wir gaben ihnen an Stelle ihrer Gärten zwei Gärten mit bitterer Frucht und Tamarisken und wenigen Lotosbäumen. (34:16) Solches gaben Wir ihnen zum Lohn für ihre Undankbarkeit; und so belohnen Wir keinen (anderen) als den Undankbaren. (34:17) seinem Reichtum sprichwörtlich. Von <em>Allā</em> hs Gnade wird nicht nur berichtet, dass Er diesem Volk ein gutes Land geschenkt hat, sondern darüber hinaus auch, dass Er ihm für seine bösen Handlungen und seinen Mangel an Dankbarkeit Vergebung gewährte. (vgl. 27:22 und die Anmerkung dazu). 34:16-17 - Die Gewässer von der Ostseite des Jeminitischen Gebirges waren durch den Damm von Ma’rib zu einem riesigen See aufgestaut worden. Eine mächtige Flut ließ den Damm brechen, und er ist seither nie wieder aufgebaut worden. So war der Untergang. Das Gebiet von Saba’ wurde weitgehend verwüstet, und die dort ansässigen Stämme wanderten weiter in den Norden der arabischen Halbinsel aus. (vgl. 27:22 und die Anmerkung dazu; ferner 56:28). Und Wir setzten zwischen sie und die Städte, die Wir gesegnet hatten, (andere) hochragende Städte, und Wir erleichterten das Reisen zwischen ihnen: ”Reist zwischen ihnen bei Tag und Nacht in Sicherheit umher.“ (34:18) Jedoch sie sagten: ”Unser Herr, vergrößere die Entfernung zwischen unseren Reisezielen.“ Und sie sündigten gegen sich selber; so machten Wir sie zu (abschreckenden) Geschichten (für die Nachfahren), und Wir ließen sie in Stücke zerfallen. Hierin sind wahrlich Zeichen für jeden Geduldigen, Dankbaren. (34:19) 34:18-19 - <strong>\"Die Städte, die Wir gesegnet hatten\"</strong> sind Makka und Jerusalem, die an der Karawanenstraße lagen. Die alte Weihrauchstraße verband Arabien mit Syrien und damit auch mit den blühenden Königreichen an Euphrat und Tigris auf der einen und Ägypten auf der anderen Seite - sowie schließlich mit dem Römischen Reich am Mittelmeer. Jenseits von Jemen schloss sich die straße an den Überseeverkehr mit Indien, Malaya und China an. Die Straße von Jemen nach Syrien wurde stark frequentiert, und <em>Madā</em> ’in <em>Ṣāliḥ</em> war eine der Stationen unterwegs. Während der wirtschaftlichen Blütezeit war die Straße mit zahlreichen Rastplätzen (auch Städten) versehen, die einander so nahe lagen, dass die Reisenden sich <strong>\"bei Nacht und bei Tag\"</strong> unterwegs sein konnten. Der geringe Abstand der Rastplätze voneinander trug dazu bei, dass Straßenräuber nicht so leicht Überfälle wagten. Die Leute sagten: ”Unser Herr, vergrößere die Entfernung</p>\n<p><em>Tafsīr</em> Al-Qur’<em>ān</em> <em>Al-Karīm</em> zwischen unseren Reisezielen“, um die Sache zu manipulieren und mehr von den Reisenden zu profitieren. Und <em>Iblī</em> s bewies wahrlich die Richtigkeit seiner Meinung von ihnen; und sie folgten ihm mit Ausnahme einer Schar von Gläubigen. (34:20) Und er hatte keine Macht über sie; allein Wir wollten denjenigen, der ans Jenseits glaubte, vor dem auszeichnen, der Zweifel darüber hegte. Und dein Herr wacht über alle Dinge. (34:21) 34:20-21 - Aus Selbstherrlichkeit hatte Satan, dem von <em>Allā</em> h (t) eine Frist eingräumt worden war, verkündet: So werde ich gewiss seine (Adams) Nachkommen in meine Gewalt bringen bis auf einige wenige. Dies hatte sich nun im Fall der Leute von Saba’ als wahr erwiesen (vgl. 7:17). Die Geschichte zeigt, dass unter den Leuten von Saba’ eine kleine Gruppe von Menschen existierte, die an den Einen Gott glaubte. Archäologische Untersuchungen aufgefundener Inschriften legen Zeugnis dafür ab. (vgl. 14:22; 15:39-42; 17:62 und die Anmerkung dazu). Sprich: ”Ruft doch jene an, die ihr vermutet neben <em>Allāh</em>. Sie haben nicht einmal über das Gewicht eines Stäubchens in den Himmeln oder auf Erden Macht, noch haben sie einen Anteil an beiden, noch hat Er einen Helfer unter ihnen.“ (34:22) Auch nützt bei Ihm keine Fürsprache, außer für den, bei dem Er es erlaubt, so dass, wenn der Schrecken aus ihren Seelen gewichen ist und sie sagen: ”Was hat euer Herr gesprochen?“ sie sagen werden: ”Die Wahrheit.“ Und Er ist der Erhabene, der Große. (34:23) 34:22-23 - Dies bezieht sich in erster Linie auf die Engel, die bei den Arabern als <strong>\"Töchter <em>Allā</em> hs\"</strong> verehrt und angerufen wurden, wobei man erwartete, dass sie bei <em>Allā</em> h (t) Fürsprache einlegen oder die Menschen <em>Allā</em> h (t) näher bringen könnten. Wenn eine Fürsprache stattfindet, so kann dies nur mit <em>Allā</em> hs Erlaubnis geschehen. Bei ihrer gegenseitigen Befragung werden sie feststellen, dass <em>Allā</em> hs Entscheidung richtig und gerecht ist. (vgl. 17:56-57; 20:109 und die Anmerkung dazu). Sprich: ”Wer gibt euch Nahrung von den Himmeln und der Erde?“ Sprich: ”<em>Allāh</em>. Entweder wir sind oder ihr seid auf dem rechten Weg oder in offenkundigem Irrtum.“ (34:24) Sprich: ”Ihr sollt nicht nach unseren Sünden befragt werden, noch werden wir nach dem, was ihr tut, befragt werden.“ (34:25) Sprich: ”Unser Herr wird uns alle zusammenbringen, dann wird Er zwischen uns in Gerechtigkeit richten; und Er ist der beste Richter, der Allwissende.“ (34:26) Sprich: ”Zeigt mir jene, die ihr Ihm als Götter zur Seite gesetzt habt! Nichts! Er aber ist <em>Allāh</em>, der Allmächtige, der Allweise.“ (34:27) 34:24-27 - Ab 34:22 (s. oben) bis 34:30 am Ende des nächsten Versblocks wird der Imperativ <strong>\"Sprich\"</strong> siebenmal verwendet. Dies gehört zum arabischen Sprachstil, in dem die Wiederholung zum Zweck verwendet wird, um eine Bestätigung der Aussage zu erreichen. Uns Menschen liegt es auf der Hand, dass <em>Allā</em> h (t) uns Nahrung von den Himmeln und der Erde gibt. Vom Himmel kommen: der Regen, die Wärme und das Licht, die für uns, für Tiere und Pflanzen und sonstige Lebewesen lebensnotwendig sind. Aus der Erde kommen Pflanzen, Tieren, Fische, Wasser und Bodenschätze (vgl. 10:31-33). Angesprochen waren die makkanischen Götzendiener, die sehr wohl an die Existenz <em>Allā</em> hs glaubten und auch wussten, dass ihre Versorgung in Seiner Hand lag. Trotz all dessen hielten sie andere Wesen für Teilhaber an <em>Allā</em> hs Wirken. (ÜB) Die Aufforderung</p>\n<p><em>Tafsīr</em> Al-Qur’<em>ān</em> <em>Al-Karīm</em> in 34:27 enthält bereits in sich einen Tadel. Und Wir haben dich nur als Bringer froher Botschaft und Warner für alle Menschen entsandt; jedoch die meisten Menschen wissen es nicht. (34:28) Und sie sagen: ”Wann wird dieses Versprechen erfüllt, wenn ihr wahrhaftig seid?“ (34:29) Sprich: ”Euch ist die Frist eines Tages festgesetzt, hinter der ihr weder eine Stunde zurückbleiben noch ihr vorausgehen könnt.“ (34:30) 34:28-30 - <em>Allā</em> hs Offenbarung durch Seinen Gesandten <em>Muḥ</em> ammad, <em>Allā</em> hs Segen und Friede auf ihm, war nicht nur für das Volk in Makka bestimmt, sondern für die ganze Menschheit zu allen Orten und Zeiten. Der Prophet sagte: ”Vor mir ist jeder Prophet besonders zu seinem eigenen Volk geschickt worden, aber ich bin für die gesamte Menschheit geschickt worden.“ (ÜB) Damit wird der universale Charakter des Islam betont. Es handelt sich um eine frohe Botschaft über den paradiesischen Lohn für die Gläubigen und eine Warnung vor einer Strafe für die Ungläubigen; dies entspringt der Sorge und Barmherzigkeit des Erhabenen Schöpfers. (vgl. 7:158, 187; 16:19- 21; 21:107; 25:1 und die Anmerkung dazu). Und jene, die ungläubig sind, sagen: ”Wir wollen keineswegs an diesen Qur’<em>ā</em> n glauben, noch an das, was vor ihm gewesen ist.“ Und könntest du nur sehen, wie sich die Ungerechten wechselseitig die Schuld zuweisen, wenn sie vor ihren Herrn gestellt werden! Diejenigen, die unterdrückt waren, werden dann zu denen, die hochmütig waren, sagen: ”Wäret ihr nicht gewesen, wären wir ganz gewiss Gläubige geworden.“ (34:31) Jene, die hochmütig waren, werden zu denen, die unterdrückt waren, sagen: ”Waren wir es etwa, die euch vom rechten Weg abhielten, nachdem er (der Qur’<em>ā</em> n) zu euch gekommen war? Nein, ihr selbst wart die Schuldigen.“ (34:32) Und jene, die unterdrückt waren, werden zu denen, die hochmütig waren, sagen: ”Nein, aber es war (euer) Ränkeschmieden bei Nacht und Tag, als ihr uns befahlt, nicht an <em>Allāh</em> zu glauben und Ihm Götter zur Seite zu setzen.“ Und in ihrem Innern werden sie von Reue erfüllt sein, wenn sie die Strafe sehen; und Wir werden Fesseln um die Nacken derer legen, die ungläubig waren. Sie werden nur für das entlohnt werden, was sie getan haben. (34:33) Qur’<em>ā</em> n als auch früherer Schriften ab, die dieselbe Quelle haben wie der Qur’<em>ā</em> n. Der Qur’<em>ā</em> n gibt Auskunft über ihre Lage am Jüngsten Tag, wenn sie auf ihre Strafe warten. (vgl. 28:48-51 und die Anmerkung dazu). Leben die Schwachen als wertlose Objekte betrachtet haben. Heute aber, vor der Strafe, die beide erwartet, wenn alle falschen Werte zusammenbrechen, befragen sie sich gegenseitig. In den gegenseitigen Vorwürfen zwischen Verführern und Verführten gibt es auf beiden seiten ein Körnchen Wahrheit. (ÜB) Dennoch haben sich beide Seiten schuldig gamacht, indem sie sich nicht ihre persönliche Verantwotung bewusst gemacht haben. (vgl. 7:38-39; 14:21; 28:63; 33:66- 68; 40:47-48; 41:29 und die Anmerkung dazu). Die beiden Gruppen beginnen allmählich zu begreifen, dass dieser armselige Dialog sie beide nicht von der Strafe bewahrt. (vgl. 10:21, 54; 13:5; 35:8, 43; 86:15 und die Anmerkung dazu).</p>\n<p><em>Tafsīr</em> Al-Qur’<em>ān</em> <em>Al-Karīm</em> Und Wir entsandten zu keiner Stadt einen Warner, ohne dass die, die darin ein Leben in Wohlstand führten, gesprochen hätten: ”Gewiss, wir leugnen das, womit ihr gesandt worden seid.“ (34:34) Und sie sagten: ”Wir haben mehr Güter und Kinder (als ihr); und wir werden nicht bestraft werden!“ (34:35) Sprich: ”Wahrlich, mein Herr erweitert und beschränkt demjenigen die Mittel zum Unterhalt, dem Er will; jedoch die meisten Menschen wissen es nicht.“ (34:36) Und es ist weder euer Gut, noch sind es eure Kinder, die euch Uns nahe bringen werden; die aber, die glauben und gute Werke tun, sie sollen den zweifachen Lohn für das, was sie getan haben, erhalten. Und in den Obergemächern (des Paradieses) werden sie sicher wohnen. (34:37) Doch jene, die versuchen, Unsere Zeichen zu entkräften - sie sind es, die der Strafe zugeführt werden. (34:38) Sprich: ”Wahrlich, mein Herr erweitert und beschränkt demjenigen von Seinen Dienern die Mittel zum Unterhalt, dem Er will. Und was immer ihr spendet, Er wird es ersetzen; und Er ist der beste Versorger.“ (34:39) 34:34-35 - vgl. 2:126, 212; 6:123; 7:60, 66, 75, 88, 90; 9:55; 11:116; 13:26; 17:16; 18:34 43; 19:73-77; 20:131; 23:33-34 31-33 und die Anmerkung dazu. wie in der Vergangenheit zurück, materieller Wohlstand sei eine Rechtfertigung aller menschlichen Bestrebungen. Sie verstehen nicht die Weisheit, auf der das System der Verteilung begründet ist, und ziehen daraus die falsche Schlussfolgerung. (ÜB) 34:37-38 - Dies kann zweierlei bedeuten, und beides ist richtig: 1. nicht Eigentum und Kinder bringen die Menschen ihrem Schöpfer näher, sondern Glaube und gute Werke; 2. Eigentum und Kinder können für einen solchen gläubigen, rechtschaffenen Menschen ein Mittel sein, <em>Allā</em> h (t) näher zu kommen, der sein Eigentum für <em>Allā</em> hs Sache einsetzt und seine Kinder zu gottesfürchtigen und rechtschaffenen Menschen erzieht (ÜB) (vgl. 30:39; ferner 27:87-90 und die Anmerkung dazu). oder knapper Unterhalt in diesem Leben mit <em>Allā</em> hs Weisheit verbunden ist. Denn dies gilt hier sogar für die Diener <em>Allā</em> hs, unter denen wir Arme, Reiche und Unterbemittelte finden. Selbst in der scheinbar ungleichen Verteilung der guten Dinge dieses Lebens liegt ein guter und barmherziger Paln, zu dem gehört, dass die Armen und Unterbemittelten im Dienst der Reichen stehen, um ihren Lebensunterhalt zu verdienen, und die Reichen sind dazu verpflichtet, einen Anteil ihres Vermögens an die Armen abzugeben, weil dies ihnen zusteht. Diese Angelegenheit gehört zu den vielen Aspekten der innermenschlichen Beziehungen, um die soziale Bindung unter Menschen aufrechtzuerhalten. Dieser rechtliche Begriff des Qur’<em>ā</em> n bedeutet, dass das, was die Reichen an Spenden (z.B. <em>Zakā</em> h) abgeben müssen, kein Akt der freien Gnade, sondern ein verbrieftes Recht der Armen, das <em>Allā</em> h ihnen vorschreibt (vgl. oben 30:38 und die Anmerkung dazu). Und am Tage, wo Er sie alle versammeln (und) dann zu den Engeln sprechen wird: ”Sind diese es, die euch dienten?“ (34:40) werden sie sagen: ”Preis (sei) Dir! Dich haben Wir zum Beschützer, nicht sie. Nein, sie dienten den <em>Ǧ</em> inn; an sie haben die meisten von ihnen geglaubt.“ (34:41) ”So sollt ihr heute einander weder nützen noch schaden können.“ Und zu denen, die frevelten, werden Wir sprechen: ”Kostet die Strafe des Feuers, das ihr zu leugnen</p>\n<p><em>Tafsīr</em> Al-Qur’<em>ān</em> <em>Al-Karīm</em> pflegtet.“ (34:42) 34:40-42 - Hier geht es darum, dass die Götzendiener in Makka, die zwar <em>Allā</em> hs Existenz anerkannten, neben Ihm aber Engel und <em>Ǧ</em> inn als Teilhaber an Seiner Macht als Nebengötter verehrten. Die hier gestellte Frage richtet sich am Tag des Jüngsten Gerichts nicht nur an die Engel, sondern auch an alle anderen Wesen, die jemals als Gottheiten verehrt worden sind (vgl. 6:100; 25:17). Und wenn ihnen Unsere deutlichen Verse verlesen werden, sagen sie: ”Dieser ist nichts weiter als ein Mann, der euch von dem abwenden möchte, was eure Väter verehrten.“ Und sie sagen: ”Dieser (Qur’<em>ā</em> n) ist nichts (anderes) als eine erdichtete Lüge.“ Und diejenigen, die ungläubig sind, sagen von der Wahrheit, wenn sie zu ihnen kommt: ”Das ist nichts als eine offenkundige Zauberei.“ (34:43) Und Wir gaben ihnen keine Bücher, die sie (hätten) studieren (können), noch sandten Wir ihnen einen Warner vor dir. (34:44) Jene, die vor ihnen waren, leugneten ebenfalls - und diese haben nicht den zehnten Teil von dem erreicht, was Wir jenen gegeben hatten, und sie bezichtigten Meine Gesandten der Lüge. Doch wie war (die Folge davon) dass sie Mich verleugneten! (34:45) benutzt (vgl. 74:24). 34:44-45 - Im Falle der vorislamischen Araber hatten die unmittelbaren Vorfahren keine Oftenbarung von der klaren und eindeutigen Art erhalten, wie sie der Prophet mit seiner Schrift brachte. Dies sollte ein Grund sein, die Wahrheit freudig aufzunehmen, nicht sie zurückzuweisen. (vgl. 30:35). In Zeiten vor den unmittelbaren Vorfahren der Araber hatten die Anhänger früherer Schriftreligionen oder auch die Leute von Saba’ oder die ‘<em>Ād</em> und Ṯamūd zehnfach mehr an Gnadenerweisen, Begabungen, Macht und Wohlstand erhalten als die heidnischen <em>Banū</em> Quraiš in Makka. Als sie sich jedoch von <em>Allāhs</em> Wahrheit abwandten, wandte sich <em>Allāh</em> (t) auch von ihnen ab, und sie mussten die furchtbaren Folgen tragen. Dies sollte jeden demütig stimmen, nicht zuletzt die Nachwelt des Propheten <em>Muḥammad</em> (a.s.s.), wenn sie <em>Allāhs</em> Wahrheit verlässt; denn sie hat eine höhere Lehre bekommen. Umso schlimmer wird es den Wahrheitsleugnern gehen, denen eine so umfassende und deutliche Schrift wie der Qur’<em>ān</em> zur Verfügung stand. (ÜB) (vgl. 10:28-30; 35:23-26 und die Anmerkung dazu). Sprich: ”Ich mahne euch nur an eines: dass ihr euch ernsthaft mit <em>Allāhs</em> Sache - zu zweit oder einzeln - befasst und dann nachdenken sollt. Es ist in eurem Gefährten (dem Propheten) keine Besessenheit; er ist für euch nur ein Warner vor einer bevorstehenden strengen Strafe.“ (34:46) Begierden ihre unbegründete Verurteilung des Propheten (a.s.s.) als Irrsinniger zu überdenken. An-Nu‘<em>mā</em> n Ibn Bašīr berichtete: ”Der Prophet kam eines Tages heraus zu uns und rief dreimal: »O, ihr Menschen, kennt ihr das Beispiel von mir und euch?« Sie antworteten: »<em>Allā</em> h und Sein Prophet wissen am besten.« Er sagte: »Das Beispiel von mir und euch ist wie das Beispiel eines Volkes, das einen Angriff seines Feindes befürchtete, und deswegen einen von ihnen ausschickte, um ihre Umgebung auszukundschaften. Als er seinen Auftrag ausführte, erblickte er den Feind,</p>\n<p><em>Tafsīr</em> Al-Qur’<em>ān</em> <em>Al-Karīm</em> und so kehrte er zu ihnen zurück, um sie zu warnen. Er fürchtete, der Feind möchte ihn überholen, bevor er sein Volk gewarnt hätte. So zog er eilends sein Kleid aus und schwang es und rief laut: >O ihr Menschen, der Feind ist im Anmarsch. O ihr Menschen, der Feind ist im Anmarsch! O, ihr Menschen, der Feind ist im Anmarsch!<«“ (Ha) (vgl. 7:134) Sprich: ”Ich habe von euch keinen Lohn verlangt; denn dieser (Lohn) kommt euch zugute. Mein Lohn ist allein bei <em>Allāh</em>; und Er ist der Zeuge aller Dinge. (34:47) Sprich: ”Wahrlich, mein Herr, der Kenner des Verborgenen, schleudert (euch) die Wahrheit entgegen.“ (34:48) Sprich: ”Die Wahrheit ist gekommen, und das Falsche kann weder etwas erschaffen noch etwas zurückbringen.“ (34:49) Sprich: ”Wenn ich irre, so irre nur ich selbst; und wenn ich rechtgeleitet bin, so geschieht es durch das, was mein Herr mir offenbart hat. Wahrlich, Er ist der Allhörende, der Nahe.“ (34:50) für ihre Rechtleitung verlangen. Darüber hinaus streben sie keinerlei Vorteile von ihnen an, sondern führen den Auftrag des Barmherzigen (vgl. 25:57). Es wäre deshalb eine Empfehlung an all diejenigen, die sich für den Weg der Botschaft einsetzen, dass sie den Propheten nachahmen und wie sie unentgeltlich arbeiten. (vgl. 10:72 und die Anmerkung dazu). im Wege stehen kann. (ÜB) (vgl. 21:18 und die Anmerkung dazu). offenbart wurde, aber mit der Weiterentwicklung des Islam in <em>Al-Madī</em> na wurde es der ganzen Welt deutlich. (vgl. 17:81 und die Anmerkung dazu). eigenen Schaden tragen, wenn er eine unheilsame Tat begangen hat (vgl. 14:4). Dies ist das fünfte und letzte Argument in diesem Abschnitt für die Götzendiener. Selbstverstandlich ist mit diesem Vers nicht die Möglichkeit impliziert, dass der Prophet (a.s.s.) irrt oder vom rechten Weg abweicht. Könntest du nur sehen, wenn sie mit Furcht geschlagen sein werden! Dann wird es (für sie) kein Entrinnen geben; denn sie werden aus nächster Nähe erfasst werden. (34:51) Und sie werden sagen: ”(Nun) glauben wir daran.“ Allein, wie kann das Erlangen (des Glaubens) ihnen an einem (so) fernen Orte möglich sein (34:52), wenn sie zuvor nicht daran geglaubt haben? Und sie äußern Mutmaßungen von einem fernen Ort aus. (34:53) Und ein Abgrund ist zwischen ihnen und ihren Begierden aufgerissen worden, wie es ihresgleichen schon zuvor widerfuhr. Auch sie befanden sich in beunruhigendem Zweifel. (34:54) des Gerichts als Gegenargument für ihre Hartnäckigkeit. Dies ist kein Versuch, um sie psychisch zu beeinflüssen, sondern eine korrekte Warnung, die zu den doppelten Charakterzügen der Botschaft gehört, und zwar als Warnung und frohe Botschaft zugleich. Die Warnung ist also eine Fürsorge eines barmherzigen Schöpfers (vgl. 13:5; 17:13; 50:41).</p>\n<p><em>Tafsīr</em> Al-Qur’<em>ān</em> <em>Al-Karīm</em> 34:52-54 - Hier ist die Beschreibung der Position, in der sie den Glauben hätten annehmen können. Diese liegt hinter ihnen, weit von einem entfernten Ort, nämlich von ihrem völlig anderen vergangenen irdischen Leben. Diese Verse zum Ende dieser sehr aufschlussreichen Sura beziehen sich auf die Position des siegreichen Islam in <em>Al-Madī</em> na - im Gegensatz zu dem verfolgten und unterdrückten Islam in der Frühzeit in Makka (vgl. 14:9). Ende der Sura 34 (35) Sura <em>Fāṭir</em> (Der Schöpfer) (offenbart zu Makka) 45 <em>Ā</em> y <em>ā</em> t Diese Sura handelt von den Wundern der Schöpfung und wie sie erhalten werden, dargestellt durch die Mitwirkung von Engeln. Entweder betrachten wir die Natur um uns herum, oder uns selbst; jede Schöpfungsart preist <em>Allā</em> h, und schützt <em>Allā</em> hs Diener vor dem Bösen. Ruhm gebührt <em>Allā</em> h, Der die Quelle alles Guten ist. Er erschuf die Engel, welche Botschafter sind und <em>Allā</em> hs Befehl ausführen; sie können nur <em>Allā</em> hs Gesetze befolgen, die <em>Allā</em> hs Schöpfung aufrechterhalten. Satan ist ein Feind; deshalb lasse dich von seiner Verführung nicht betören und widersetze dich. Diejenigen, die <em>Allā</em> h ablehnen, werden eine strenge Strafe erleiden. Wenn du irgendetwas neben <em>Allā</em> h anbetest, wird es dich nicht erhören, und wenn es dich hören könnte, kann es deinen Ruf nicht beantworten. Gutes und Schechtes kann niemals gleich sein, so wie der Sehende und der Blinde nicht gleich sind; ähnlich wie Dunkelheit und Licht, kühler Schatten und Hitze, oder das Lebendige und das Tote. Wir brauchen <em>Allā</em> h (t), aber Er ist frei von allen Bedürfnissen. So wie die Menschen und andere Geschöpfe aus verschiedenen Farben erschaffen sind, so gibt es verschiedene Rangstufen in der Glaubenswelt, von der nur diejenigen Wissen haben, die <em>Allā</em> h fürchten. Die Guten werden ein glückliches Ende finden, während die Übeltäter keinen Helfer finden werden. Die Hochmütigen werden vernichtet werden. Die Übeltäter sollten aus den Schicksalen der Leute lernen, die vor ihnen da waren. <em>Allā</em> h (t) gibt ihnen für eine bestimmte Zeit Aufschub: Wenn ihre Zeit abgelaufen ist, bestraft Er sie. Im Namen <em>Allāhs</em>, des Allerbarmers, des Barmherzigen! Alles Lob gebührt <em>Allāh</em>, dem Schöpfer der Himmel und der Erde, Der die Engel, mit je zwei, drei und vier Flügeln, zu Boten gemacht hat. Er fügt der Schöpfung hinzu, was Ihm gefällt; <em>Allāh</em> hat wahrlich Macht über alle Dinge. (35:1)</p>",
    "timestamp": "2025-12-20T14:27:52.303336+00:00",
    "version": "1.0",
    "copyright": {
      "author": "Muhammad Ibn Ahmad Ibn Rassoul",
      "publisher": "IB Verlag Islamische Bibliothek",
      "edition": "41. Auflage",
      "title": "Tafsīr Al-Qur'ān Al-Karīm"
    }
  }
]