[
  {
    "key": "de_tafsir-al-azhar",
    "verse_key": "46:1",
    "verses": [
      "46:1"
    ],
    "text": "<h2>Sura Al-Aḥqāf (Die Sanddünen)</h2>\n<p><em>(offenbart zu Makka)</em></p>\n<p><em>0 Āyāt</em></p>\n<p>(offenbart zu Makka) 35 <em>Ā</em> y <em>ā</em> t Die <em>Al-Aḥ</em> q <em>ā</em> f sind die langen, krummen und gewundenen Streifen von Sandhügeln im Land der ‘ <em>Ā</em> d, das an <em>Ḥ</em> a <em>ḍ</em> ramaut und dem Jemen grenzt. Diese Leute hatten ein fruchtbares und gut bewässertes Land, aber ihre Übeltaten brachten <em>Allā</em> hs Strafe über sie, wie in den Versen 24 und 25 erwähnt ist. <em>Allā</em> h (t) hat für alle Dinge ein gerechtes Ende bestimmt. Diejenigen, die etwas anderes als <em>Allā</em> h anbeten, sind sicher auf dem falschen Weg. <em>Allā</em> hs Wahrheit ist unbesiegbar. Diejenigen, die nicht daran glauben, werden am Tage des Jüngsten Gerichts schwer bestraft werden. Sei gütig zu deinen Eltern wegen ihrem Einsatz und ihrer Aufopferung, die sie für dich brachten. Bete im Alter für das Wohlergehen deiner Nachkommen. <em>Allā</em> h (t) gibt den Menschen verschiedene Rangstufen, nur gemäß ihrer Taten. Sei nicht hochmütig wie die ‘<em>Ā</em> d und lehne die Wahrheit nicht ab; ansonsten wird <em>Allā</em> h (t) dich auf eine Art bestrafen, wie du nie erwartet hast. Im Namen <em>Allāhs</em>, des Allerbarmers, des Barmherzigen! <em>Ḥā</em> <em>Mī</em> m. (46:1) Die Offenbarung des Buches stammt von <em>Allāh</em>, dem Allmächtigen, dem Allweisen. (46:2) Wir haben die Himmel und die Erde und das, was zwischen beiden ist, nicht anders als in Wahrheit und für eine bestimmte Zeit erschaffen, diejenigen aber, die nicht daran glauben, wovor sie gewarnt wurden, wenden sich ab. (46:3) Sprich: ”Wisst ihr, was das ist, was ihr statt <em>Allāh</em> anruft? Zeigt mir, was sie von der Erde erschaffen haben. Oder haben sie einen Anteil an den Himmeln? Bringt mir ein Buch herbei, das vor diesem da war, oder eine Spur von Wissen, wenn ihr wahrhaftig seid.“ (46:4) Und wer irrt mehr als jener, der statt <em>Allāh</em> solche anruft, die ihn bis zum Tage der Auferstehung nicht erhören werden und die von seinem Anruf ahnungslos sind? (46:5) Und wenn die Menschen (vor Mir) versammelt werden, werden sie ihre Feinde sein und ihre Anbetung verleugnen. (46:6)</p>\n<p>Über die Bedeutung dieser arabischen Buchstaben vgl. Erläuterung der Termini (s.u. <strong>\"Alif\"</strong>).</p>",
    "timestamp": "2025-12-20T14:27:52.303336+00:00",
    "version": "1.0",
    "copyright": {
      "author": "Muhammad Ibn Ahmad Ibn Rassoul",
      "publisher": "IB Verlag Islamische Bibliothek",
      "edition": "41. Auflage",
      "title": "Tafsīr Al-Qur'ān Al-Karīm"
    }
  },
  {
    "key": "de_tafsir-al-azhar",
    "verse_key": "46:2",
    "verses": [
      "46:2"
    ],
    "text": "<p>Oft wird diese Tatsache mit Nachdruck wiederholt, dass die Offenbarung dieses Buches, des Qur’<em>ā</em> n, von dem Allmächtigen und Allweisen stammt. D.h., dass der Urheber dieser Schrift unser Schöpfer Selbst ist, und nicht der Prophet, wie manche seiner Gegner behaupteten.</p>",
    "timestamp": "2025-12-20T14:27:52.303336+00:00",
    "version": "1.0",
    "copyright": {
      "author": "Muhammad Ibn Ahmad Ibn Rassoul",
      "publisher": "IB Verlag Islamische Bibliothek",
      "edition": "41. Auflage",
      "title": "Tafsīr Al-Qur'ān Al-Karīm"
    }
  },
  {
    "key": "de_tafsir-al-azhar",
    "verse_key": "46:3",
    "verses": [
      "46:3"
    ],
    "text": "<p>Die ganze Schöpfung <em>Allā</em> hs geschah nach einem festgelegten Plan und gilt nur für eine bestimmte Dauer, die von Ihm Selbst vorgesehen ist. Mit anderen Worten gibt es keine Ewigkeit für die Schöpfung; denn nur Er ist ewig und unsterblich. (vgl. 6:73; 10:5-6; 14:19; 15:85; 16:3; 21:16-18; 23:115; 29:44; 30:8; 45:22). 46:4-6 - <strong>\"Bringt mir ein Buch herbei, das vor diesem da war...\"</strong> heißt vor dieser Schrift, nämlich dem Qur’<em>ā</em> n. Gemeint ist: Diese Schrift spricht von der Einzigkeit <em>Allā</em> hs und der Nichtigkeit der Vielgötterei. Unter den Schriften <em>Allā</em> hs, die früher herabgesandt worden sind, gibt es keine, die nicht vom gleichen spricht. So bringt nur eine einzige früher herabgesandte Schrift, die für die</p>\n<p><em>Tafsīr</em> Al-Qur’<em>ān</em> <em>Al-Karīm</em> Rechtmäßigkeit dessen zeugt, dass ihr andere Wesen als <em>Allā</em> h anbetet! Oder auch nur eine Spur von Wissen: oder auch nur einen Rest von Wissen, der euch vom Wissen der Früheren geblieben ist. Und wer ist mehr im Irrtum: Wenn hier eine Frage gestellt wird, so hat sie ihren Sinn in der Leugnung der Annahme, dass es unter den Irrtümern insgesamt einen größeren gebe als den der Götzendiener. Denn die Götzendiener unterlassen die Anrufung des Allhörenden und Gewährenden, Der die Macht hat, jeden Wunsch und jedes Verlangen zu erfüllen. Statt Seiner rufen sie leblose Wesen an, die ihnen kein Gehör schenken und nicht die Macht haben, auch nur einem ihrer Diener Gehör zu schenken, solange die Welt besteht und bis die Auferstehung anbricht. Und wenn diese anbricht und die Menschen sich zusammenscharen, werden die Götzen als Feinde und Gegner ihrer Diener auftreten. So werden diese in den beiden Welten - des Diesseits und des Jenseits - nur Last und Schaden haben, da die Götzen ihnen im Diesseits kein Gehör schenken und da sie ihnen im Jenseits als Feinde entgegentreten und die ihnen bezeugte Verehrung verleugnen werden. Ähnlich ist es in <em>Allā</em> hs Wort: <strong>\"Wenn ihr zu ihnen betet, hören sie es nicht. Und selbst wenn sie es hören würden, würden sie euch kein Gehör schenken. Und am Tag des Gerichts werden sie bestreiten, dass ihr sie in eurem Erdenleben dem Einen Gott beigesellt habt.\"</strong> (vgl. 35:14) (Zam, Gät) (vgl. ferner 5:119; 34:40-41; 41:20-23). Und wenn ihnen Unsere deutlichen Verse verlesen werden, sagen die Ungläubigen von der Wahrheit, wenn sie zu ihnen kommt: ”Das ist offenkundige Zauberei.“ (46:7) Oder sie sagen: ”Er hat ihn (den Qur’<em>ā</em> n) erdichtet.“ Sprich: ”Wenn ich ihn erdichtet habe, könnt ihr mir nichts gegen <em>Allāh</em> nützen. Er weiß am besten, in was für Reden ihr euch ergeht. Er genügt als Zeuge gegen mich und euch. Und Er ist der Allvergebende, der Barmherzige.“ (46:8) Sprich: ”Ich bin kein neuer Erfinder unter den Gesandten, und ich weiß nicht, was mit mir oder mit euch geschehen wird. Ich folge nur dem, was mir offenbart wird; und ich bin nur ein deutlicher Warner.“ (46:9)</p>",
    "timestamp": "2025-12-20T14:27:52.303336+00:00",
    "version": "1.0",
    "copyright": {
      "author": "Muhammad Ibn Ahmad Ibn Rassoul",
      "publisher": "IB Verlag Islamische Bibliothek",
      "edition": "41. Auflage",
      "title": "Tafsīr Al-Qur'ān Al-Karīm"
    }
  },
  {
    "key": "de_tafsir-al-azhar",
    "verse_key": "46:7",
    "verses": [
      "46:7"
    ],
    "text": "<p>Die hier erwähnte Wahrheit ist in erster Linie die Botschaft des Qur’<em>ā</em> n. Als ihnen der Qur’<em>ā</em> n vorgetragen wurde, mussten die heidnischen Makkaner zugeben, dass diese Botschaft menschlicher Sprache weit überlegen war. Selbst die Worte des Propheten (a.s.s.) reichten nicht heran. Wer ihn seit seiner Kindheit gekannt hatte, musste sehr wohl den großen Unterschied erkennen, der zwischen seiner Sprache und dem erhabenen Stil des Qur’<em>ā</em> n bestand. Da sie jedoch auf ihrer Ablehnung beharrten, versuchten sie, seine Wirkung auf diese Weise wegzuerklären. (ÜB) (vgl. 21:3; 37:12-15; 74:24).</p>",
    "timestamp": "2025-12-20T14:27:52.303336+00:00",
    "version": "1.0",
    "copyright": {
      "author": "Muhammad Ibn Ahmad Ibn Rassoul",
      "publisher": "IB Verlag Islamische Bibliothek",
      "edition": "41. Auflage",
      "title": "Tafsīr Al-Qur'ān Al-Karīm"
    }
  },
  {
    "key": "de_tafsir-al-azhar",
    "verse_key": "46:8",
    "verses": [
      "46:8"
    ],
    "text": "<p>Diese Frageform soll zum Ausdruck bringen, dass dem Propheten (a.s.s.) so etwas unterstellt wird. Er soll in der Weise eines Propheten verkünden, dass der Zorn <em>Allā</em> hs ihn sicher treffen würde, wenn er diese Botschaft gefälscht hätte.</p>",
    "timestamp": "2025-12-20T14:27:52.303336+00:00",
    "version": "1.0",
    "copyright": {
      "author": "Muhammad Ibn Ahmad Ibn Rassoul",
      "publisher": "IB Verlag Islamische Bibliothek",
      "edition": "41. Auflage",
      "title": "Tafsīr Al-Qur'ān Al-Karīm"
    }
  },
  {
    "key": "de_tafsir-al-azhar",
    "verse_key": "46:9",
    "verses": [
      "46:9"
    ],
    "text": "<p>Alle Propheten haben die Einheit <em>Allā</em> hs und unsere Pflichten gegenüber unseren Mitmenschen gelehrt. <em>Muḥ</em> ammad, <em>Allā</em> hs Segen und Friede auf ihm, hat keine neue Lehre gebracht, sondern die reine Wahrheit, die der Menscheit in allen Zeitaltern bekannt war. Dieser Satz weist die Erwartungen zurück, die die heidnischen Makkaner an den Propheten (a.s.s.) stellten, nämlich dass er über übernatürliche Kräfte verfügte und Zauberei betreibt. Sprich: ”Sagt mir, wenn dies (der Qur’<em>ā</em> n) nun aber von <em>Allāh</em> stammt, und ihr lehnt es ab, obwohl ein Zeuge von den Kindern Israels bezeugt hat, was ihm gleicht. Er hat geglaubt; ihr</p>\n<p><em>Tafsīr</em> Al-Qur’<em>ān</em> <em>Al-Karīm</em> aber seid allzu hochmütig!“ Wahrlich, <em>Allāh</em> weist dem ungerechten Volk nicht den Weg. (46:10) Und die Ungläubigen sagen von den Gläubigen: ”Wäre er (der Qur’<em>ā</em> n) etwas Gutes, hätten sie ihn nicht vor uns erlangt.“ Und da sie sich nicht von ihm leiten lassen, sagen sie: ”Dies ist eine alte Lüge.“ (46:11) Und vor ihm war schon das Buch von Moses eine Führung und Barmherzigkeit; und dies hier ist ein Buch der Bestätigung in arabischer Sprache, auf dass es diejenigen warne, die freveln, und denen eine frohe Botschaft (bringe), die Gutes tun. (46:12) Wahrlich, die da sagen: ”Unser Herr ist <em>Allāh</em>“ und danach aufrichtig bleiben - keine Furcht soll über sie kommen, noch sollen sie traurig sein (46:13); diese sind die Bewohner des Paradieses; darin sollen sie auf ewig verweilen, als Belohnung für das, was sie zu tun pflegten. (46:14)</p>",
    "timestamp": "2025-12-20T14:27:52.303336+00:00",
    "version": "1.0",
    "copyright": {
      "author": "Muhammad Ibn Ahmad Ibn Rassoul",
      "publisher": "IB Verlag Islamische Bibliothek",
      "edition": "41. Auflage",
      "title": "Tafsīr Al-Qur'ān Al-Karīm"
    }
  },
  {
    "key": "de_tafsir-al-azhar",
    "verse_key": "46:10",
    "verses": [
      "46:10"
    ],
    "text": "<p>Es gab Gelehrte unter Juden und Christen, die im Propheten <em>Muḥ</em> ammad (a.s.s.) den in früheren Offenbarungen vorhergesagten Gesandten <em>Allā</em> hs sahen und den Islam annahmen. Da diese Sura in Makka offenbart wurde, brauchen wir dies nicht auf ‘<em>Abdullā</em> h Ibn <em>Sallā</em> m zu beziehen, der in <em>Al-Madī</em> na kurz nach der <em>Hiǧ</em> ra des Propheten (a.s.s.) den Islam annahm. Mit dem <strong>\"Zeugen\"</strong> ist nicht eine bestimmte Person gemeint, sondern jede Person von den Kindern Israels, die ihre eigene Schrift gut kennt. Denn diese Offenbarung des Qur’<em>ā</em> n ist in ihrer Kernaussage dasselbe wie frühere Offenbarungen, beispielsweise die Thora. Manche Juden anerkannten den Qur’<em>ā</em> n, zumal das Kommen eines arabischen Propheten im Alten Testament (5. Buch Moses 18, 15 und 18) angekündigt wird. (Hen/Hof) Jeder der Kinder Israels kann also bestätigen, dass dies die Art und Weise ist, wie <em>Allā</em> h (t) die Menschen durch die Offenbarung lehrt. (vgl. 2:42; 42:52).</p>",
    "timestamp": "2025-12-20T14:27:52.303336+00:00",
    "version": "1.0",
    "copyright": {
      "author": "Muhammad Ibn Ahmad Ibn Rassoul",
      "publisher": "IB Verlag Islamische Bibliothek",
      "edition": "41. Auflage",
      "title": "Tafsīr Al-Qur'ān Al-Karīm"
    }
  },
  {
    "key": "de_tafsir-al-azhar",
    "verse_key": "46:11",
    "verses": [
      "46:11"
    ],
    "text": "<p>Die ersten Muslime gehörten meist der ärmsten Schicht an und wurden von den reichen <em>Banū</em> Quraiš verachtet. Dies ist eins der Argumente, mit denen die führenden <em>Banū</em> Quraiš das Volk gegen den Propheten (a.s.s.) aufhetzten.</p>",
    "timestamp": "2025-12-20T14:27:52.303336+00:00",
    "version": "1.0",
    "copyright": {
      "author": "Muhammad Ibn Ahmad Ibn Rassoul",
      "publisher": "IB Verlag Islamische Bibliothek",
      "edition": "41. Auflage",
      "title": "Tafsīr Al-Qur'ān Al-Karīm"
    }
  },
  {
    "key": "de_tafsir-al-azhar",
    "verse_key": "46:12",
    "verses": [
      "46:12"
    ],
    "text": "<p>Vor dem Qur’<em>ā</em> n in arabischer Sprache wurde das Buch von Moses (a.s.), die Thora, nicht in arabischer Sprache, sondern in der Sprache der Kinder Israels, und zwar als eine Führung und Barmherzigkeit offenbart. Der Qur’<em>ā</em> n bestätigt sowohl die Kernaussage der Thora, als auch die Warnung und die frohe Botschaft für diejenigen, die Gutes tun. Beide, Qur’<em>ā</em> n und Thora sind göttliche Gesetze. Das später Jesus (a.s.) zuteil gewordene Evangelium war kein Gesetz, sondern es beinhaltete ethische Vorschriften mit einigen Erleichterungen, welche die Streitigkeiten in den Reihen der Kinder Israels beenden sollten. 46:13-14 - Diejenigen, die sagen ”Unser Herr ist <em>Allā</em> h“ bestätigen damit ihre Verbundenheit zum Glauben. Wenn sie danach aufrichtig bleiben, machen sie ihren Glauben lebendig; denn Glaube ohne aufrichtiges Handeln ist ein toter Glaube, der <em>Allā</em> h (t) missfällt. (vgl. 2:38; ferner den Titel: <strong>\"Was ist Islam?\"</strong>, Islamische Bibliothek). Und Wir haben dem Menschen anbefohlen, gegen seine Eltern gütig zu sein. Seine Mutter trug ihn mit Schmerzen, und mit Schmerzen brachte sie ihn zur Welt. Und ihn zu tragen und ihn zu entwöhnen erfordert dreißig Monate, bis er dann, wenn er seine Vollkraft erlangt und vierzig Jahre erreicht hat, sagt: ”Mein Herr, sporne mich an, dankbar zu sein für Deine Gnade, die Du mir und meinen Eltern erwiesen hast, und (sporne mich an) Rechtes zu wirken, das Dir wohlgefallen mag. Und lass mir meine Nachkommenschaft rechtschaffen</p>\n<p><em>Tafsīr</em> Al-Qur’<em>ān</em> <em>Al-Karīm</em> sein. Siehe, ich wende mich zu Dir, und ich bin einer der Gottergebenen.“ (46:15) Das sind die, von denen Wir die guten Werke annehmen, die sie getan haben, und deren üble Werke Wir übergehen. (Sie gehören) zu den Bewohnern des Paradieses - in Erfüllung der wahrhaftigen Verheißung, die ihnen verheißen wurde. (46:16) 46:15-16 - Hier wird ein Beispiel dafür gegeben, was der wahre Glaube an <em>Allā</em> h (t) beim Menschen bewirkt, und zwar in seinem Verhalten gegenüber seinen Eltern. Dieses Verhalten kommt im Qur’<em>ā</em> n in seinem Wichtigkeitsgrad direkt nach dem Verhalten gegenüber <em>Allā</em> h (t) und Seinem Gesandten. Während der Schwangerschaft ist der gesamte Körper der Mutter auf das Wachstum des ungeborenen Kindes eingestellt, und alle Kräfte konzentrieren sich auf den Schutz dieses Wesens. Alles wird dem Fötus zur Verfügung gestellt, während für die Mutter oft nur Übelkeit, Schmerzen und physisches Unwohlsein übrigbleiben. Auch die Geburt ist bei keinem anderen Lebewesen mit so vielen Schmerzen und Gefahren verbunden. In 31:14 wird das Alter der Entwöhnung mit zwei Jahren angegeben, das heißt nach 24 Monaten. (vgl. 2:233). Damit bleibt eine Mindestzeit von sechs Monaten für die Schwangerschaft übrig, nach der das Kind lebensfahig ist. Dies stimmt auch mit den neuesten wissenschaftlichen Ergebnissen überein. Die durchschnittliche Schwangerschaft dauert 280 Tage oder zehnmal so lange wie die Zeit zwischen zwei Menstruationen, und dementsprechend wäre die Zeit bis zur Entwöhnung dann weniger als 24 Monate. Die Höchstdauer der Stillzeit (2 Jahre) stimmt wiederum mit der Zeit überein, die das Kind braucht, um die Milchzähne zu bekommen. Dann ist es nämlich in der Lage feste Nahrung zu kauen und von der Mutter unabhängig zu sein. Obwohl die Kinder sowohl der Mutter als auch dem Vater gehorchen sollen, sind die Rechte der Mutter größer und wichtiger; denn sie muss für ihre Kinder viele Widrigkeiten durchstehen. Ein Mann fragte einmal den Propheten (a.s.s.): ”Wer hat das meiste Anrecht darauf, dass ich ihm Güte erweise?“ Der Prophet antwortete: ”Deine Mutter.“ Der Mann fragte weiter: ”Und wer dann?“ Der Prophet erwiderte (zum zweiten Mal): ”Deine Mutter.“ Der Mann fuhr fort: ”Und wer dann?“ Der Prophet sagte (zum dritten Mal): ”Deine Mutter.“ Der Mann fragte weiter: ”Und wer dann?“ Der Prophete erwiderte: ”Dein Vater.“ Das Alter der in diesem Vers erwähnten Vollkraft liegt bei den Gelehrten zwischen dem 18. und dem 30. Lebensjahr, und zwischen dem 30. und 40. Lebensjahr ist ein Mensch im besten Alter. Danach fängt er an, seine heranwachsenden Nachkommen zu betrachten und die neue Generation in <em>Allā</em> hs Schutz zu stellen. Nach dem 40. Lebensjahr werden möglicherweise auch seine geistigen Fähigkeiten stärker. (ÜB) (vgl. 24:31; 29:8; 29:7; 31:14). Und derjenige, der zu seinen Eltern sagt: ”Pfui über euch! Verkündet ihr mir, dass ich auferstehen soll, obwohl schon vor mir Geschlechter dahingegangen sind?“ und (der ihnen, wenn) sie beide <em>Allāh</em> zu Hilfe rufen (und zu ihm sagen): ”Wehe dir, glaube! Denn die Verheißung <em>Allāhs</em> ist wahr“, sagt: ”Das sind nichts als Fabeln der Alten“ (46:17), (der gehört zu) jenen, gegen welche der Spruch (der Strafe) fällig wurde, zusammen mit den Scharen, die vor ihnen hingingen von den <em>Ǧ</em> inn und den Menschen. Wahrlich, sie sind die Verlierer gewesen. (46:18) Und für alle gibt es Rangstufen gemäß dem, was sie getan haben, auf dass Er ihnen ihre Taten voll heimzahle; und kein Unrecht soll ihnen widerfahren. (46:19) Und an dem Tage, wenn die Ungläubigen dem Feuer ausgesetzt werden, (wird gesprochen): ”Ihr habt eure guten Dinge in eurem diesseitigen Leben aufgezehrt, und ihr hattet Genuss daran. Heute nun sollt ihr mit der Strafe der Schmach belohnt werden, weil ihr ohne jegliches Recht auf Erden hochmütig wart und weil ihr (fortwährend) gefrevelt habt.“ (46:20)</p>\n<p><em>Tafsīr</em> Al-Qur’<em>ān</em> <em>Al-Karīm</em> 46:17-18 - Als Gegenüberstellung führt der Qur’<em>ā</em> n dieses Beispiel eines grausamen und respektlosen Sohnes an, der seine Eltern samt ihrem Glauben schelt. Diese Aussage soll nicht nur den immer wiederkehrenden Konflikt zwischen älterer und jüngerer Generation veranschaulichen, sondern weist auch darauf hin, dass die Übermittlung religiöser Werte die wichtigste Aufgabe der Eltern ist. (vgl. 41:25).</p>",
    "timestamp": "2025-12-20T14:27:52.303336+00:00",
    "version": "1.0",
    "copyright": {
      "author": "Muhammad Ibn Ahmad Ibn Rassoul",
      "publisher": "IB Verlag Islamische Bibliothek",
      "edition": "41. Auflage",
      "title": "Tafsīr Al-Qur'ān Al-Karīm"
    }
  },
  {
    "key": "de_tafsir-al-azhar",
    "verse_key": "46:19",
    "verses": [
      "46:19"
    ],
    "text": "<p>Wie jedoch aus anderen Abschnitten hervorgeht, beispielsweise aus 28:84, liegt der Lohn für Gutes weit über den Verdienten, und zwar aufgrund der Gnade und unbegrenzten Barmherzigkeit <em>Allā</em> hs (ÜB) (vgl. 3:132).</p>",
    "timestamp": "2025-12-20T14:27:52.303336+00:00",
    "version": "1.0",
    "copyright": {
      "author": "Muhammad Ibn Ahmad Ibn Rassoul",
      "publisher": "IB Verlag Islamische Bibliothek",
      "edition": "41. Auflage",
      "title": "Tafsīr Al-Qur'ān Al-Karīm"
    }
  },
  {
    "key": "de_tafsir-al-azhar",
    "verse_key": "46:20",
    "verses": [
      "46:20"
    ],
    "text": "<p>Damit haben sie durch ihre Blindheit beim Genießen in ihrem kurzen Erdenleben ein ewiges schönes Leben vergeben. Jetzt werdet ihr dafür entsprechend gedemütigt. Und gedenke des Bruders der ‘<em>Ā</em> d, als er sein Volk bei den Sanddünen warnte - und Warner sind schon vor ihm gewesen und nach ihm - (und sagte): ”Dient <em>Allāh</em> allein; denn ich fürchte für euch die Strafe eines großen Tages.“ (46:21) Sie sagten: ”Bist du zu uns gekommen, um uns von unseren Göttern abzuwenden? So bring uns das, was du uns androhst, wenn du einer der Wahrhaftigen bist.“ (46:22) Er sagte: ”Das Wissen (darüber) ist einzig bei <em>Allāh</em>. Und ich richte euch nur das aus, womit ich entsandt wurde; jedoch ich sehe, ihr seid ein unwissendes Volk.“ (46:23) Dann aber, als sie sahen, wie es sich ihren Tälern gleich einer Wolke näherte, sagten sie: ”Das ist eine Wolke, die uns Regen geben wird.“ ”Nein, es ist vielmehr das, was ihr zu beschleunigen trachtetet - ein Wind, der eine schmerzliche Strafe mitführt. (46:24) Er wird alles zerstören auf den Befehl seines Herrn.“ Und am Morgen sah man nur noch ihre Wohnungen; so üben Wir Vergeltung am schuldigen Volk. (46:25)</p>",
    "timestamp": "2025-12-20T14:27:52.303336+00:00",
    "version": "1.0",
    "copyright": {
      "author": "Muhammad Ibn Ahmad Ibn Rassoul",
      "publisher": "IB Verlag Islamische Bibliothek",
      "edition": "41. Auflage",
      "title": "Tafsīr Al-Qur'ān Al-Karīm"
    }
  },
  {
    "key": "de_tafsir-al-azhar",
    "verse_key": "46:21",
    "verses": [
      "46:21"
    ],
    "text": "<p>Der Warner, der zu den ‘<em>Ā</em> d geschickt wurde, war kein Fremder, sondern ein Mann aus ihrer Mitte, so wie es auch beim Propheten <em>Muḥ</em> ammad (a.s.s.) der Fall war. (vgl. 89:11). Das Gebiet der <em>Al-Aḥ</em> q <em>ā</em> f (Sanddünen), nach dem diese Sura genannt ist, befindet sich im unbewohnten südwestlichen Teil der Arabischen Halbinsel. Dort wurde der Prophet <em>Hū</em> d begraben und sein Grab ist bis heute noch bekannt. <em>Hū</em> d warnte einst vor der <strong>\"Strafe eines großen Tages\"</strong>. Damit ist der Tag der Auferstehung gemeint. (vgl. 2:255; 7:65). 46:22-23 - Es handelt sich hier um eine gefährliche Herausforderung der Ungläubigen, die von ihrem Propheten verlangten, die angedrohte Strafe über sie zu beschleunigen. Sie wussten nicht, dass dies nicht in der Macht eines Propheten lag, und dass die Entscheidung darüber allein in <em>Allā</em> hs Hand ist. 46:24-25 - Das Strafgericht über die ‘<em>Ā</em> d kam unerwartet. Sie wünschten sich Regen, sahen eine Wolke und freuten sich. Diese bewegte sich auf ihr eigenes Wohngebiet zu und würde ihre Kanäle mit Wasser füllen, so dass ihre Felder grün würden. Aber nein, es war ein furchtbarer Wirbelsturm, der Zerstörung mit sich brachte. Dieser hat den Befehl <em>Allā</em> hs durchgeführt und zerstörte alles. Es war nichts mehr zu sehen außer den leeren verwüsteten Wohnungen. (ÜB) (vgl. 7:65-72; 11:50-60; 23:31-41; 26:123-140; 29:40; 41:15-15; 69:6-8). Und Wir hatten ihnen Gewalt über das gegeben, worüber Wir euch keine gegeben haben;</p>\n<p><em>Tafsīr</em> Al-Qur’<em>ān</em> <em>Al-Karīm</em> und Wir hatten ihnen Ohren und Augen und Herzen gegeben. Aber weder ihre Ohren noch ihre Augen noch ihre Herzen nützten ihnen im Geringsten (etwas), da sie die Zeichen <em>Allāhs</em> leugneten; und sie wurden von dem erfasst, worüber sie zu spotten pflegten. (46:26) Und Wir haben bereits Städte rings um euch zerstört; und Wir haben die Zeichen abgewandelt, damit sie sich bekehren mögen. (46:27) Warum haben ihnen denn nicht jene geholfen, die sie sich statt <em>Allāh</em> zu Göttern genommen haben (und die sie Ihm) nahebringen wollten? Nein, sie entschwanden ihnen. Das war ihre Lüge und das, was sie zu erdichten pflegten. (46:28)</p>",
    "timestamp": "2025-12-20T14:27:52.303336+00:00",
    "version": "1.0",
    "copyright": {
      "author": "Muhammad Ibn Ahmad Ibn Rassoul",
      "publisher": "IB Verlag Islamische Bibliothek",
      "edition": "41. Auflage",
      "title": "Tafsīr Al-Qur'ān Al-Karīm"
    }
  },
  {
    "key": "de_tafsir-al-azhar",
    "verse_key": "46:26",
    "verses": [
      "46:26"
    ],
    "text": "<p><em>Allāh</em> (t) hat der ‘<em>Ād</em> und ihrer Nachfolgerin, der Ṯamūd, mehr Macht und Reichtum gegeben als die vorislamischen <em>Banū</em> Quraiš in Makka. Diese Völker hatten - wie alle anderen Menschen - Sinnesorgane, mit denen sie das begreifen, was ihr Schöpfer von ihnen verlangte. (vgl. 45:33). 46:27-28 - Die Städte rings um, die <em>Allāh</em> (t) vernichtete, waren die der ‘<em>Ād</em> im Süden, der Ṯamūd nördlich von ‘<em>Ād</em>, der Saba’ im Jemen, der Madyan auf dem Weg nach Syrien, sowie das Volk Lots, das Homosexualität unter Männern betrieb. <em>Allāh</em> (t) erweckte unter ihnen allen Propheten und gab vor ihrer Vernichtung Warnungen und reichlich Fristen, damit sie Nachdenken und ihre Frevelhaftigkeit beenden. Worauf warten also die Götzendiener in Makka; denn es kann sie nur das gleiche Schicksal treffen! Und da wandten Wir dir eine Schar <em>Ǧ</em> inn zu, die den Qur’<em>ā</em> n vernehmen konnten; und als sie bei ihm zugegen waren, sprachen sie: ”Hört zu!“ - und als er zu Ende war, kehrten sie zu ihrem Volk zurück (und) warnten (es). (46:29) Sie sprachen: ”O unser Volk, wir haben ein Buch gehört, das nach Moses herabgesandt worden ist (und) welches das bestätigt, was schon vor ihm da gewesen ist; es leitet zur Wahrheit und zum geraden Weg. (46:30) O unser Volk, hört auf <em>Allāhs</em> Rufer und glaubt an Ihn. Er wird euch eure Sünden vergeben und euch vor qualvoller Strafe schützen. (46:31) Und der, der nicht auf <em>Allāhs</em> Rufer hört, kann (Ihm) nicht auf Erden entrinnen, noch kann er Beschützer außer Ihm haben. Solche befinden sich in einem offenkundigen Irrtum.“ (46:32) 46:29-30 - Aus diesen und ähnlichen Texten des Qur’<em>ān</em> wie auch aus der Sunna des Propheten (a.s.s.) gewinnen wir Kenntnis von den <em>Ǧinn</em>, die mit den Menschen diese Erde bewohnen und gleichzeitig erleben, was auf ihr geschieht. Hier nehmen die <em>Ǧinn</em> Kenntnis von der Offenbarung und bestätigen, dass diese wie frühere Botschaften zur Wahrheit und zum geraden Weg leitet. Das hier erwähnte Ereignis fand in der Oase An-Naḫla statt, als der Prophet (a.s.s.) auf dem Weg zwischen Makka und <em>Aṭ-Ṭā</em>’if war (vgl. 72:1-15). Nach den überlieferten Ḥadīṯen muss das Zuhören der <em>Ǧinn</em> mehr als einmal geschehen sein (vgl. 2:38; 7:27; 17:85; 18:50; 38:73; 55:15). 46:31-32 - Dieser Abschnitt mit den Worten <strong>\"O unser Volk, hört auf <em>Allā</em> hs Rufer und glaubt an Ihn.\"</strong> zeigt deutlich den universalen Charakter der Botschaft des Islam, und dass <em>Muḥ</em> ammad, <em>Allā</em> hs Segen und Friede auf ihm, sowohl zu allen Menschen als auch zu den <em>Ǧ</em> inn entsandt wurde. Es wird in der <em>Sī</em> ra berichtet, dass verschiedene Abgesandte der <em>Ǧ</em> inn den Propheten (a.s.s.) besucht haben (vgl. 72:15). Haben sie nicht gesehen, dass <em>Allāh</em>, Der die Himmel und die Erde erschuf und bei ihrer Erschaffung nicht müde wurde, auch vermag, die Toten lebendig zu machen? Wahrlich, Er</p>\n<p><em>Tafsīr</em> Al-Qur’<em>ān</em> <em>Al-Karīm</em> hat Macht über alle Dinge. (46:33) Und an dem Tage, an dem die Ungläubigen dem Feuer ausgesetzt werden, (heißt es): ”Ist dies nicht die Wahrheit?“ Sie werden sagen: ”Doch, bei unserem Herrn.“ Er spricht dann: ”So kostet nun die Strafe dafür, dass ihr ungläubig wart.“ (46:34) So gedulde dich denn, wie es die Gesandten taten, die geduldig waren, und überhaste dich nicht ihretwegen. An dem Tage, an dem sie das schauen, was ihnen angedroht wird, wird es ihnen vorkommen, als hätten sie nur eine Stunde eines Tages (im Grab) verweilt. (Dies ist) eine Ermahnung! So soll niemand anders als das frevelnde Volk vertilgt werden! (46:35)</p>",
    "timestamp": "2025-12-20T14:27:52.303336+00:00",
    "version": "1.0",
    "copyright": {
      "author": "Muhammad Ibn Ahmad Ibn Rassoul",
      "publisher": "IB Verlag Islamische Bibliothek",
      "edition": "41. Auflage",
      "title": "Tafsīr Al-Qur'ān Al-Karīm"
    }
  },
  {
    "key": "de_tafsir-al-azhar",
    "verse_key": "45:27",
    "verses": [
      "45:27"
    ],
    "text": "<p>Diejenigen, die über das zukünftige Leben streiten und die Wahrheit ablehnen, haben vielleicht in dieser vergänglichen Welt die Oberhand, aber in dem Augenblick, wo die Welt der Wirklichkeit eintritt, werden sie das sehen, was sie jetzt leugnen. (ÜB) 45:28-29 - Im vorigen Vers legt der Qur’<em>ā</em> n den Leugnern das Ergebnis ihrer Missetaten vor, dass sie nämlich Verlierer sein werden, an dem Tag, den sie geleugnet haben. Hier folgt die Darstellung einer gewaltigen Szene, in der sämtliche Generationen demütig niederkniend vor ihrem Herrn zu Redenschaft versammelt werden. Demnach wird diese Sura genannt. (vgl. 19:72; 43:80). Was nun diejenigen betrifft, die glaubten und gute Werke vollbrachten - ihr Herr wird sie in Seine Barmherzigkeit führen. Das ist der offenkundige Gewinn. (45:30) Doch zu jenen, die ungläubig waren, (wird gesprochen): ”Sind euch Meine Verse nicht verlesen worden? Ihr aber wart hochmütig, und ihr wurdet ein sündiges Volk. (45:31) Und als gesprochen wurde: »Die Verheißung <em>Allāhs</em> ist wahr, und über die Stunde herrscht kein Zweifel«, da sagtet ihr: »Wir wissen nicht, was die Stunde ist; wir halten (sie) für einen Wahn, und wir sind (von ihr) nicht überzeugt.«“ (45:32) Und die bösen Folgen ihres Tuns sind ihnen deutlich geworden; und es umschließt sie das, worüber sie zu spotten pflegten. (45:33) Und es wird gesprochen: ”Heute haben Wir euch vergessen, so wie ihr das Eintreffen dieses euren Tages vergaßt. Eure Herberge ist das Feuer, und ihr habt keine Helfer. (45:34) Dies (geschieht), weil ihr <em>Allāhs</em> Zeichen zum Gespött machtet und (weil) euch das irdische Leben betrog.“ Darum sollen sie an jenem Tage nicht von dort herausgebracht werden, noch wird es ihnen erlaubt sein, (ihr Unrecht) wiedergutzumachen. (45:35) Alles Lob gebührt denn <em>Allāh</em>, dem Herrn der Himmel und dem Herrn der Erde, dem Herrn der Welten! (45:36) Sein ist die Erhabenheit in den Himmeln und auf der Erde; und Er ist der Erhabene, der Allweise. (45:37) 45:30-35 - In diesem Versblock handelt es sich um die bekannte Parallelität des Qur’<em>ā</em> n. D.h., dass jedesmal, wenn <em>Allā</em> h (t) von der Belohnung der rechtschaffenen Diener im Paradies spricht (vgl. 38:49-54), berichtet Er von der Bestrafung der Ungläubigen, und zwar aus dem Prinzip der Barmherzigkeit und der Gerechtigkeit zugelich, weil die Botschaft stets diese Eigenschaft hat: Als frohe Botschaft und als Warnung. (vgl. ferner 7:51; 11:8; 44:57). 45:36-37 - Nachdem die Argumentation über die Früchte dieses Lebens abgeschlossen ist, die im zukünftigen Leben geerntet werden, wenn völlige Harmonie und Gerechtigkeit wiederhergestellt werden, schließt diese schöne Sura mit einem Lobpreis <em>Allāhs</em>, Der nicht nur Allmächtig, sondern auch voller Weisheit und liebevoller Fürsorge für alle Seine Geschöpte ist. (ÜB) Alles Lob gebührt Ihm, Dem Herrn der Himmel und aller Welten (vgl. 1:1ff.). Ende der Sura 45</p>\n<p><em>Tafsīr</em> Al-Qur’<em>ān</em> <em>Al-Karīm</em> (46) Sura <em>Al-Aḥqāf</em> (Die Sanddünen) (offenbart zu Makka) 35 <em>Ā</em> y <em>ā</em> t Die <em>Al-Aḥ</em> q <em>ā</em> f sind die langen, krummen und gewundenen Streifen von Sandhügeln im Land der ‘ <em>Ā</em> d, das an <em>Ḥ</em> a <em>ḍ</em> ramaut und dem Jemen grenzt. Diese Leute hatten ein fruchtbares und gut bewässertes Land, aber ihre Übeltaten brachten <em>Allā</em> hs Strafe über sie, wie in den Versen 24 und 25 erwähnt ist. <em>Allā</em> h (t) hat für alle Dinge ein gerechtes Ende bestimmt. Diejenigen, die etwas anderes als <em>Allā</em> h anbeten, sind sicher auf dem falschen Weg. <em>Allā</em> hs Wahrheit ist unbesiegbar. Diejenigen, die nicht daran glauben, werden am Tage des Jüngsten Gerichts schwer bestraft werden. Sei gütig zu deinen Eltern wegen ihrem Einsatz und ihrer Aufopferung, die sie für dich brachten. Bete im Alter für das Wohlergehen deiner Nachkommen. <em>Allā</em> h (t) gibt den Menschen verschiedene Rangstufen, nur gemäß ihrer Taten. Sei nicht hochmütig wie die ‘<em>Ā</em> d und lehne die Wahrheit nicht ab; ansonsten wird <em>Allā</em> h (t) dich auf eine Art bestrafen, wie du nie erwartet hast. Im Namen <em>Allāhs</em>, des Allerbarmers, des Barmherzigen! <em>Ḥā</em> <em>Mī</em> m. (46:1) Die Offenbarung des Buches stammt von <em>Allāh</em>, dem Allmächtigen, dem Allweisen. (46:2) Wir haben die Himmel und die Erde und das, was zwischen beiden ist, nicht anders als in Wahrheit und für eine bestimmte Zeit erschaffen, diejenigen aber, die nicht daran glauben, wovor sie gewarnt wurden, wenden sich ab. (46:3) Sprich: ”Wisst ihr, was das ist, was ihr statt <em>Allāh</em> anruft? Zeigt mir, was sie von der Erde erschaffen haben. Oder haben sie einen Anteil an den Himmeln? Bringt mir ein Buch herbei, das vor diesem da war, oder eine Spur von Wissen, wenn ihr wahrhaftig seid.“ (46:4) Und wer irrt mehr als jener, der statt <em>Allāh</em> solche anruft, die ihn bis zum Tage der Auferstehung nicht erhören werden und die von seinem Anruf ahnungslos sind? (46:5) Und wenn die Menschen (vor Mir) versammelt werden, werden sie ihre Feinde sein und ihre Anbetung verleugnen. (46:6)</p>",
    "timestamp": "2025-12-20T14:27:52.303336+00:00",
    "version": "1.0",
    "copyright": {
      "author": "Muhammad Ibn Ahmad Ibn Rassoul",
      "publisher": "IB Verlag Islamische Bibliothek",
      "edition": "41. Auflage",
      "title": "Tafsīr Al-Qur'ān Al-Karīm"
    }
  },
  {
    "key": "de_tafsir-al-azhar",
    "verse_key": "46:33",
    "verses": [
      "46:33"
    ],
    "text": "<p>Die heidnischen Makkaner sind hier gemeint, die die Lehre von der Auferstehung ablehnten (vgl. Sura 2:255).</p>",
    "timestamp": "2025-12-20T14:27:52.303336+00:00",
    "version": "1.0",
    "copyright": {
      "author": "Muhammad Ibn Ahmad Ibn Rassoul",
      "publisher": "IB Verlag Islamische Bibliothek",
      "edition": "41. Auflage",
      "title": "Tafsīr Al-Qur'ān Al-Karīm"
    }
  }
]