[
  {
    "key": "de_tafsir-al-azhar",
    "verse_key": "78:6",
    "verses": [
      "78:6"
    ],
    "text": "<h2>Sura An-Naba’ (Die Ankündigung)</h2>\n<p><em>(offenbart zu Makka)</em></p>\n<p><em>0 Āyāt</em></p>\n<p>(offenbart zu Makka) 40 <em>Ā</em> y <em>ā</em> t Ist <em>Allā</em> h, Der alles für den Vorteil des Menschen erschaffen hat, nicht in der Lage, alles zu zerstören, und unsere Auferstehung zu bewirken? Am Tage des Jüngsten Gerichts wird das Böse vernichtet werden, und das Gute für immerdar bleiben. Kehrt zu <em>Allā</em> hs Weg zurück und rettet euch selbst. Im Namen <em>Allāhs</em>, des Allerbarmers, des Barmherzigen! Wonach befragen sie einander? (78:1) Nach einer gewaltigen Ankündigung (78:2), über die sie uneinig sind. (78:3) Nein! Sie werden es bald erfahren. (78:4) Und abermals nein! Sie werden es bald erfahren. (78:5) Haben Wir nicht die Erde zu einem Lager gemacht (78:6) und die Berge zu Pflöcken? (78:7) Und Wir haben euch in Paaren erschaffen (78:8), und Wir haben euch den Schlaf zur Ruhe gemacht (78:9) und die Nacht zu einer Hülle (78:10) und den Tag zum Erwerb des Unterhalts (78:11), und Wir haben über euch sieben starke (Himmel) erbaut (78:12), und Wir haben eine hellbrennende Leuchte gemacht (78:13), und Wir senden aus den Regenwolken Wasser in Strömen hernieder (78:14), auf dass Wir damit Korn und Kraut hervorbringen (78:15) sowie üppige Gärten. (78:16) 78:1-5 - Die Menschen diskutieren stets über den Glauben. Besonders in unserer Zeit spielen die Medien eine besondere Rolle, um alles über die gewaltige Ankündigung, nach der diese Sura genannt ist, aufzuklären. Es handelt sich hier um eine gewaltige Sache, über die sie uneinig sind. Bald oder später werden alle Menschen jedoch die Wahrheit über die Auferstehung und das Jenseits erfahren, und hier dann wird es keine Uneinigkeit mehr geben.</p>\n<p>Vor den Augen der Menschen steht die Erde, auf der sie wohnen und sich wohl fühlen, und zwar als Beweis für die gewollte Schöpfung, um ihr Leben zu bewahren.</p>",
    "timestamp": "2025-12-20T14:27:52.303336+00:00",
    "version": "1.0",
    "copyright": {
      "author": "Muhammad Ibn Ahmad Ibn Rassoul",
      "publisher": "IB Verlag Islamische Bibliothek",
      "edition": "41. Auflage",
      "title": "Tafsīr Al-Qur'ān Al-Karīm"
    }
  },
  {
    "key": "de_tafsir-al-azhar",
    "verse_key": "78:7",
    "verses": [
      "78:7"
    ],
    "text": "<p>Ferner stehen die Berge vor ihren Augen (vgl. oben 78:6) als Stabilisatoren: Durch die immer zahlreicheren Stauseen wird bereits heute die Dynamik der Erdbewegung beeinflusst. Nach Berechnungen von Benjamin Fong Chao vom Nasa Goddard Space Flight Center in Greenbelt/Maryland hat die Umverteilung gewaltiger Wassermengen von den Ozeanen auf die Kontinente zur Folge, dass die Erde schneller um ihre Achse rotiert als noch vor vierzig Jahren. In dieser Zeit ist die Menge an aufgestautem Wasser kontinuierlich auf rund 10000 Kubikkilometer gestiegen. Da die Wassermassen, die in den Stauseen gespeichert werden, nicht gleichmäßig über den Globus verteilt, sondern vor allem auf die höheren geographischen Breiten konzentriert sind, dreht sich die Erde schneller um die eigene Achse ähnlich wie eine Eistänzerin bei der Pirouette beschleunigt, wenn sie die Arme anlegt. Durch den Bau immer neuer Staudämme erhöht sich die Bewegungsenergie um durchschnittlich rund 30 Gigawatt pro Jahr. Das entspricht etwa drei Prozent der Energiemenge, die von Menschen jedes Jahr verbraucht wird. (FAZ 176/96) (vgl. 16:15 und die Anmerkung dazu). 78:8-9 - Der Mensch verbringt etwa ein Drittel seines lebens mit Schlafen. Schlaf ist ein Grundbedürfnis des Menschen, wie durch die schädigenden Effekte von Schlafentzug leicht</p>\n<p><em>Tafsīr</em> Al-Qur’<em>ān</em> <em>Al-Karīm</em> erkennbar ist. Bis heute ist jedoch noch nicht eindeutig nachgewiesen, worin der wohltuende Effekt von Schlaf genau besteht oder weshalb manche Menschen nur ganz wenig schlafen und keine Nachteile davon haben. Neben der bekannten Theorie, dass das Hirn und die Stoffwechselvorgänge periodische Erholungsphasen benötigen, um effektiv funktionieren zu können, wird auch angenommen, dass Träumen nötig ist, damit das Hirn die Informationen ordnen kann, die es während der Wachphasen gesammelt hat. Der Schlafbedarf nimmt mit dem Alter ab. Ein einjähriges Kind braucht noch etwa 14 Stunden Schlaf, ein fünfjahriges ca. 12 Stunden und Erwachsene etwa sieben bis acht Stunden. Allerdings variiert die Dauer von Person zu Person beträchtlich: Manche Erwachsene brauchen 10 Stunden Schlaf oder mehr am Tag, während andere mit nur etwa der Hälfte oder weniger auskommen (Dement, S. 253) (vgl. dazu 25:47). 78:10-16 - Die Dunkelheit der Nacht ist wie eine Hülle, ein Gewand. So wie uns ein Gewand vor Kälte und Hitze schützt, so gewährt uns diese Hülle Erholung von den Anforderungen der materiellen Welt und den ermüdenden Aktivitäten und unseren inneren Anstrengungen. Die Ruhe im Schlaf (in Vers 9) wird ergänzt durch die Hülle der Nacht, die <em>Allā</em> h (t) uns zuteil werden lässt. (ÜB). <em>Allā</em> h (t) hat aber auch den Tag zur Regsamkeit gemacht, d.h. zum Erwerb des Lebensunterhalts. Diese unsere kleine Erde ist umringt von starken Bauten der Himmelsgewölbe, die gegen Absturz abgesichert sind. Darin befindet sich die hellbrennende Sonne als Leuchte. Zu unserer Versorgung auf Erden sendet unser Schöpfer aus den Regenwolken Wasser in Strömen hernieder, um die tote Erde zu beleben und Korn und Kraut hervorzubringen sowie üppige Gärten. Wenn wir hier die Gnaden <em>Allā</em> hs aufzuzählen versuchen, so werden wir diese nicht bis Ende auszählen. (vgl. dazu 2:29). Wahrlich, der Tag der Entscheidung ist ein fester Termin (78:17) an jenem Tag, da in den <em>Ṣūr</em> gestoßen wird und ihr in Scharen kommt (78:18), und der Himmel sich öffnet und zu Toren wird (78:19), und die Berge sich bewegen und zur Luftspiegelung werden. (78:20) Wahrlich, <em>Ǧ</em> ahannam ist ein Hinterhalt (78:21) - eine Heimstätte für die Widerspenstigen (78:22), die dort Epochen über Epochen verweilen werden (78:23); sie werden dort weder Kühle noch Trank kosten (78:24), außer siedendem Wasser und Eiter. (78:25) (Dies ist) ein Lohn in angemessener Weise (78:26), (weil) sie mit keiner Rechenschaft gerechnet haben (78:27) und gänzlich Unsere Zeichen verleugneten. (78:28) Und alle Dinge haben Wir restlos niedergeschrieben. (78:29) ”Kostet! Wir werden es euch nicht anders mehren als in der Pein.“ (78:30)</p>",
    "timestamp": "2025-12-20T14:27:52.303336+00:00",
    "version": "1.0",
    "copyright": {
      "author": "Muhammad Ibn Ahmad Ibn Rassoul",
      "publisher": "IB Verlag Islamische Bibliothek",
      "edition": "41. Auflage",
      "title": "Tafsīr Al-Qur'ān Al-Karīm"
    }
  },
  {
    "key": "de_tafsir-al-azhar",
    "verse_key": "78:17",
    "verses": [
      "78:17"
    ],
    "text": "<p>Der Tag des Jüngsten Gerichts wird hier <strong>\"der Tag der Entscheidung\"</strong> genannt, weil an ihm die Entscheidung über Lüge und Wahrheit und über Gut und Böse stattfindet.</p>",
    "timestamp": "2025-12-20T14:27:52.303336+00:00",
    "version": "1.0",
    "copyright": {
      "author": "Muhammad Ibn Ahmad Ibn Rassoul",
      "publisher": "IB Verlag Islamische Bibliothek",
      "edition": "41. Auflage",
      "title": "Tafsīr Al-Qur'ān Al-Karīm"
    }
  },
  {
    "key": "de_tafsir-al-azhar",
    "verse_key": "78:18",
    "verses": [
      "78:18"
    ],
    "text": "<p>Mit dem Posaunenstoss werden alle Menschen restlos vorstellig sein. Sie werden scharenweise zu dem ihnen vorbestimmten Versammlungsort eilen.</p>",
    "timestamp": "2025-12-20T14:27:52.303336+00:00",
    "version": "1.0",
    "copyright": {
      "author": "Muhammad Ibn Ahmad Ibn Rassoul",
      "publisher": "IB Verlag Islamische Bibliothek",
      "edition": "41. Auflage",
      "title": "Tafsīr Al-Qur'ān Al-Karīm"
    }
  },
  {
    "key": "de_tafsir-al-azhar",
    "verse_key": "78:19",
    "verses": [
      "78:19"
    ],
    "text": "<p>Dieser Vers verrät, dass jeder Himmel eine geschlossene Kugel bzw. Einheit ist, die den unteren Himmel einschließt usw. bis sieben Himmeln. Wir sehen aus unserer Erde die Himmelskörper, die im universum existieren. Wenn dieser unser Himmel sich öffnet, dann werden Szenen aus dem zweiten Himmel sichtbar sein, die bislang für uns im Verborgenen waren.</p>\n<p><em>Tafsīr</em> Al-Qur’<em>ān</em> <em>Al-Karīm</em></p>",
    "timestamp": "2025-12-20T14:27:52.303336+00:00",
    "version": "1.0",
    "copyright": {
      "author": "Muhammad Ibn Ahmad Ibn Rassoul",
      "publisher": "IB Verlag Islamische Bibliothek",
      "edition": "41. Auflage",
      "title": "Tafsīr Al-Qur'ān Al-Karīm"
    }
  },
  {
    "key": "de_tafsir-al-azhar",
    "verse_key": "78:20",
    "verses": [
      "78:20"
    ],
    "text": "<p>Am Jüngsten Tag werden die Berge von ihren festen Plätzen auf der Erde herausgerissen und im Weltall vor unseren Augen durch die Schwerelosigkeit schweben als ob wir ein Luftspiegelung sehen, weil die Berge nicht an ihren gewöhnten Plätzen stillstehen. 78:21-23 - Hinter all diesen Erfahrungen (vgl. oben 78:17, 18, 19) wartet das Höllenfeuer, die <em>Ǧ</em> ahannam, auf ihre Bewohner, die sie einst geleugnet haben; sie ist die Heimstätte in aller Ewigkeit für die Leugner. 78:24-30 - Für die Bewohner des Höllenfeuers gibt es nach den Angaben des Qur’<em>ā</em> n siedendes, bittersalziges Wasser und Eiter zum Trinken. Dies kann man nicht als <strong>\"Trank\"</strong> im üblichen Sinne bezeichnen. Deshalb wird hier ein solcher verneint, weil, wenn man sich nach Kühle sehnt, sich gewöhnlich nach einem kühlen, erfrischenden Getränk sehnt, das seinen Durst löschen kann. Gerade dies bekommt der Schuldige im Höllenfeuer nicht. Dieser Zustand im Höllenfeuer, das den Ungläubigen einst angedroht wurde und sie ihn geleugnet haben, wird spöttisch als angemessener Lohn bezeichnet (vgl. unten 78:31-36 über die Parallelität des Qur’<em>ā</em> n). Wahrlich, für die Gottesfürchtigen gibt es einen Gewinn (78:31): Gärten und Beerengehege (78:32) und Mädchen mit schwellenden Brüsten, Altersgenossinnen (78:33) und übervolle Schalen. (78:34) Dort hören sie weder Geschwätz noch Lüge (78:35); (dies ist) ein Lohn von deinem Herrn - eine angemessene Gabe. (78:36) 78:31-36 - In diesem Versblock handelt es sich um die bekannte Parallelität des Qur’<em>ā</em> n. D.h., dass jedesmal, wenn <em>Allā</em> h (t) von der Belohnung der rechtschaffenen Diener im Paradies spricht (vgl. 38:49-54), berichtet Er von der Bestrafung der Ungläubigen, und zwar aus dem Prinzip der Barmherzigkeit und der Gerechtigkeit zugelich, weil die Botschaft stets diese Eigenschaft hat: Als frohe Botschaft und als Warnung. Dem Herrn der Himmel und der Erde und all dessen, was zwischen beiden ist, Dem Allerbarmer, Dem sie nicht dareinzureden vermögen. (78:37) Am Tage, da Gabriel und die Engel in Reihen stehen, da werden sie nicht sprechen dürfen; ausgenommen der, dem der Allerbarmer es erlaubt, und der nur das Rechte spricht. (78:38) Dies ist gewiss der Tag. So möge, wer da will, bei seinem Herrn Einkehr halten. (78:39) Wahrlich, Wir haben euch gewarnt vor einer Strafe, die nahe bevorsteht: an einem Tag, da der Mensch erblicken wird, was seine Hände vorausgeschickt haben, und der Ungläubige sagen wird: ”O dass ich doch Staub wäre!“ (78:40)</p>",
    "timestamp": "2025-12-20T14:27:52.303336+00:00",
    "version": "1.0",
    "copyright": {
      "author": "Muhammad Ibn Ahmad Ibn Rassoul",
      "publisher": "IB Verlag Islamische Bibliothek",
      "edition": "41. Auflage",
      "title": "Tafsīr Al-Qur'ān Al-Karīm"
    }
  },
  {
    "key": "de_tafsir-al-azhar",
    "verse_key": "78:37",
    "verses": [
      "78:37"
    ],
    "text": "<p>All dies, was wir hier in den vorangegangenen Versen (s. oben) erfahren haben, ist von <em>Allā</em> h (t) gerecht und perfekt vorbestimmt. Er ist der bramherzige Gott, Der Sich um uns Menschen kümmert und die Botschaft herabgesandt hat, um uns vor dem üblen Schicksal zu warnen und die frohe Kunde über das Paradies zu geben.</p>",
    "timestamp": "2025-12-20T14:27:52.303336+00:00",
    "version": "1.0",
    "copyright": {
      "author": "Muhammad Ibn Ahmad Ibn Rassoul",
      "publisher": "IB Verlag Islamische Bibliothek",
      "edition": "41. Auflage",
      "title": "Tafsīr Al-Qur'ān Al-Karīm"
    }
  },
  {
    "key": "de_tafsir-al-azhar",
    "verse_key": "77:50",
    "verses": [
      "77:50"
    ],
    "text": "<p>Mit dieser deutlichen Erklärung und letzten Ermahnung kommen wir zum Schluss dieser lehrreichen Sura des Qur’<em>ā</em> n, der nunmehr klare und deutliche Rechtleitung über den Weg des Islam, d.h. der Hingabe zu unserem Erhabenen Schöpfer geliefert hat. Gepriesen sei der Herr der Himmel und Erde. Ende der Sura 77</p>\n<p><em>Tafsīr</em> Al-Qur’<em>ān</em> <em>Al-Karīm</em> (78) Sura An-Naba’ (Die Ankündigung) (offenbart zu Makka) 40 <em>Ā</em> y <em>ā</em> t Ist <em>Allā</em> h, Der alles für den Vorteil des Menschen erschaffen hat, nicht in der Lage, alles zu zerstören, und unsere Auferstehung zu bewirken? Am Tage des Jüngsten Gerichts wird das Böse vernichtet werden, und das Gute für immerdar bleiben. Kehrt zu <em>Allā</em> hs Weg zurück und rettet euch selbst. Im Namen <em>Allāhs</em>, des Allerbarmers, des Barmherzigen! Wonach befragen sie einander? (78:1) Nach einer gewaltigen Ankündigung (78:2), über die sie uneinig sind. (78:3) Nein! Sie werden es bald erfahren. (78:4) Und abermals nein! Sie werden es bald erfahren. (78:5) Haben Wir nicht die Erde zu einem Lager gemacht (78:6) und die Berge zu Pflöcken? (78:7) Und Wir haben euch in Paaren erschaffen (78:8), und Wir haben euch den Schlaf zur Ruhe gemacht (78:9) und die Nacht zu einer Hülle (78:10) und den Tag zum Erwerb des Unterhalts (78:11), und Wir haben über euch sieben starke (Himmel) erbaut (78:12), und Wir haben eine hellbrennende Leuchte gemacht (78:13), und Wir senden aus den Regenwolken Wasser in Strömen hernieder (78:14), auf dass Wir damit Korn und Kraut hervorbringen (78:15) sowie üppige Gärten. (78:16) 78:1-5 - Die Menschen diskutieren stets über den Glauben. Besonders in unserer Zeit spielen die Medien eine besondere Rolle, um alles über die gewaltige Ankündigung, nach der diese Sura genannt ist, aufzuklären. Es handelt sich hier um eine gewaltige Sache, über die sie uneinig sind. Bald oder später werden alle Menschen jedoch die Wahrheit über die Auferstehung und das Jenseits erfahren, und hier dann wird es keine Uneinigkeit mehr geben.</p>",
    "timestamp": "2025-12-20T14:27:52.303336+00:00",
    "version": "1.0",
    "copyright": {
      "author": "Muhammad Ibn Ahmad Ibn Rassoul",
      "publisher": "IB Verlag Islamische Bibliothek",
      "edition": "41. Auflage",
      "title": "Tafsīr Al-Qur'ān Al-Karīm"
    }
  }
]