[
  {
    "key": "de_tafsir-al-azhar",
    "verse_key": "30:1",
    "verses": [
      "30:1"
    ],
    "text": "<h2>Sura Ar-Rū m (Die Byzantiner)</h2>\n<p><em>(offenbart zu Makka)</em></p>\n<p><em>0 Āyāt</em></p>\n<p>(offenbart zu Makka) 60 <em>Ā</em> y <em>ā</em> t Diese Sura wurde nach sechs Jahren nach Beginn der ersten Offenbarung, also etwa im siebten Jahr vor der <em>Hiǧ</em> ra offenbart, als das Persische Reich die Oberhand über das Byzantinische Reich hatte. Historisch gesehen hat seinerzeit das Byzantinische Reich Jerusalem an die Perser verloren, und die Christen als Leute der Schrift, hatten eine große Niederlage erlitten, ein Ereignis, das die Muslime betrübt hat. Ein Teil dieser Sura bezieht sich auf das Byzantinische Reich. Das Wachstum und der Verfall der Weltmächte seinerzeit, wie durch den Konflikt vom Byzantinischen und persischen Reich dargestellt, sind nur äußerliche Erscheinungsformen. Der tiefere Sinn ist, dass ein bestimmter Anlaß aufgrund <em>Allā</em> hs Willen geschieht, um der guten Sache zu helfen, sodass all Seine Geschöpfe davon in den Genuss kommen können. <em>Allā</em> h (t) ist Allwissend, Allgnädig. Auf diese Art wird Er schließlich am Tage des Jüngsten Gerichts das Gute vom Bösen trennen. Das Gute wird bleiben, während das Schlechte dahinschwinden wird. <em>Allā</em> hs schöpfung weist auf Seine Macht hin. Unsere Schöpfung aus Staub ist eine gottgekonnte Sache in sich selbst. Das Bestehen von biologischen Begleiterscheinungen bei den Menschen, wie Schlafen, Sehen usw., weist ebenso auf den Schöpfer hin. Trotz der Unterschiede von Sprache, Hautfarbe der Menschen, gibt es eine unterschwellige Einheit. Gehorche <em>Allā</em> h (t) und folge Seinen Weisungen. Denn Er ist der Eine. Seine Religion, der Islam, ist eine einheitliche Galubensform, die Er für uns gewollt hat. Spalte die Muslime nicht in Sekten. Unsinn und Böses verbreiten sich, aber <em>Allā</em> h (t) wird am Ende alle Dinge klarstellen, so wie Er die Luft reinigt, indem Er den Wind wehen lässt. Die Schuldigen werden bestraft. Tue Gutes und sei geduldig. Im Namen <em>Allāhs</em>, des Allerbarmers, des Barmherzigen! Alif <em>Lā</em> m <em>Mī</em> m. (30:1) Besiegt sind die Byzantiner (30:2) in dem nahen gelegenen Land, doch sie werden nach ihrer Niederlage siegen (30:3) in wenigen Jahren - <em>Allāhs</em> ist die Herrschaft vorher und nachher, und an jenem Tage werden sich die Gläubigen freuen (30:4) über <em>Allāhs</em> Hilfe. Er hilft, wem Er will; und Er ist der Allmächtige, der Barmherzige. (30:5) (Das ist) die Verheißung <em>Allāhs</em> - <em>Allāh</em> bricht Seine Verheißung nicht; allein die meisten Menschen wissen es nicht. (30:6) Sie kennen nur die Außenseite des diesseitigen Lebens; das Jenseits aber beachten sie nicht. (30:7)</p>\n<p><em>Tafsīr</em> Al-Qur’<em>ān</em> <em>Al-Karīm</em></p>\n<p>Über die Bedeutung dieser arabischen Buchstaben vgl. Erläuterung der Termini (s.u. <strong>\"Alif\"</strong>). 30:2-7: Dies ist eine Voraussage der Schlacht von Badr, die acht Jahre später im <em>Ramaḍān</em> des Jahres 2 n.H. (Januar 624 n.Chr.) stattfand. Kurz vor der Offenbarung dieser Qur’<em>ā</em> n-Verse wurde Jerusalem, die unter der Herrschaft der byzantinischen Christen stand, von den heidnischen Persern erobert. (Zwischen dem Fall von Jerusalem [614-615 n.Chr.] und dem byzantinischen Sieg bei Issus [622 n.Chr.] lagen sieben Jahre, und bis zum Vordringen des Kaisers Heraklios ins persische Reich vergingen neun Jahre). Deshalb waren die heidnischen Makkaner über diesen Sieg sehr erfreut; denn sie wähnten sich siegreich über die Muslime, gleich wie die Perser über die christlichen Byzantiner. Aber sie missdeuteten die Zeichen der Zeit. Hier wird ihnen im Qur’<em>ā</em> n mitgeteilt, dass sie in beiden Erwartungen enttäuscht werden würden. Diese Verheißung ging dann auch bei der Schlacht von Issus und im Jahre 624 n.Chr. in Erfüllung, als Heraklios bis in die Mitte des persischen Reiches vordrang, und bei der Schlacht von Badr, wo die heidnischen Makkaner von den Muslimen zurückgeschlagen wurden. Die Schlacht von Badr war für die Muslime ein wirklicher Grund zur Freude (Über den Sieg der Christen über die Götzendiener, da die ersteren den Gläubigen näher stehen als die letzteren) und ein Grund zur Enttäuschung für ihre Gegner, die der Meinung waren, sie könnten den Islam vernichten. Haben sie sich denn über sich selbst keine Gedanken gemacht? <em>Allāh</em> hat die Himmel und die Erde und das, was zwischen beiden ist, nur in gerechter Weise und für eine bestimmte Frist erschaffen. Doch wahrlich, viele der Menschen glauben nicht an die Begegnung mit ihrem Herrn. (30:8) Sind sie denn nicht im Lande umhergezogen, so dass sie schauen konnten, wie das Ende derer war, die vor ihnen lebten? Jene waren noch mächtiger als sie, und sie bebauten das Land und bevölkerten es mehr, als diese es bevölkert haben. Und ihre Gesandten kamen mit den Beweisen zu ihnen. Und nicht <em>Allāh</em> wollte ihnen Unrecht antun, sondern sie selbst fügten sich Unrecht zu. (30:9) Böses war dann das Ende derer, die Böses begingen, weil sie die Zeichen <em>Allāhs</em> verwarfen und über sie zu spotten pflegten. (30:10)</p>",
    "timestamp": "2025-12-20T14:27:52.303336+00:00",
    "version": "1.0",
    "copyright": {
      "author": "Muhammad Ibn Ahmad Ibn Rassoul",
      "publisher": "IB Verlag Islamische Bibliothek",
      "edition": "41. Auflage",
      "title": "Tafsīr Al-Qur'ān Al-Karīm"
    }
  },
  {
    "key": "de_tafsir-al-azhar",
    "verse_key": "30:8",
    "verses": [
      "30:8"
    ],
    "text": "<p>D.h.: Wenn die Menschen über sich selbst nachdenken würden, dann hätten sie bereits in sich selbst bestimmte Merkmale gefunden, die auf die Allmacht des Schöpfers hinweisen. Im Gegensatz zu <em>Allā</em> h (t), Der ewig ist, ist alles Erschaffene begrenzt und Veränderungen und schließlich einem Ende unterworfen. Darin liegt ein Hinweis auf den Untergang, und auch darauf, dass jedem Geschöpf eine Frist gesetzt ist. Das Universum gehört auch zur Schöpfung <em>Allā</em> hs und ist ebenfalls begrenzt und vergänglich. (vgl. 15:85 und die Anmerkung dazu). 30:9-10 - Dies ist ein Aufruf, um Tourismus in einer bestimmten Art und Weise zu unternehmen und über die vorausgegangenen Völker nachzudenken. Diese waren gewöhnliche Menschen und Geschöpfe wie die Touristen selbst. Ihr Ende in der Vergangenheit beschreibt das Ende ihrer Nachfolger in der Zukunft; denn <em>Allāhs</em> Gesetze gelten für alle Menschen zu allen Orten und Zeiten. Derartige Aufforderung war besonders eindrucksvoll für die Araber, die ständig mit ihren Karawanen unterwegs waren, um Handel zwischen dem Süden und dem Norden, sowohl im Winter als auch im Sommer, zu betreiben (vgl. Sura 106). Auf ihren Touren hatten sie stets Gelegenheit gehabt, die Ruinen der Völker ‘<em>Ād</em> und Ṯamūd zu betrachten, deren Untergang oft im Qur’<em>ān</em> als Ermahnung erwähnt wird. Die ihnen vorausgegangenen Völker und Generationen waren noch mächtiger als diejenigen, zu denen der Prophet <em>Muḥammad</em>, <em>Allāhs</em> Segen und Friede</p>\n<p><em>Tafsīr</em> Al-Qur’<em>ān</em> <em>Al-Karīm</em> auf ihm, gesandt wurde. Auch besaßen sie mehr Reichtümer und zahlreichere Nachkommen als sie. <em>Allāh</em> bringt die Schöpfung hervor; sodann lässt Er sie wiederholen; dann werdet ihr zu Ihm zurückgebracht. (30:11) Und an dem Tage, da die Stunde herankommt, werden die Schuldigen von Verzweiflung überwältigt sein. (30:12) Denn keiner von ihren Partnern wird ihr Fürsprecher sein; und sie werden ihre Partner verleugnen. (30:13) Und an dem Tage, da die Stunde herankommt, an jenem Tage werden sie voneinander getrennt sein. (30:14) Was nun die betrifft, die glaubten und gute Werke taten, so werden sie in einem Garten Glück finden. (30:15) Jene aber, die ungläubig waren und Unsere Zeichen und die Begegnung (mit Uns) im Jenseits leugneten, werden zur Bestrafung vorgeführt. (30:16)</p>",
    "timestamp": "2025-12-20T14:27:52.303336+00:00",
    "version": "1.0",
    "copyright": {
      "author": "Muhammad Ibn Ahmad Ibn Rassoul",
      "publisher": "IB Verlag Islamische Bibliothek",
      "edition": "41. Auflage",
      "title": "Tafsīr Al-Qur'ān Al-Karīm"
    }
  },
  {
    "key": "de_tafsir-al-azhar",
    "verse_key": "30:11",
    "verses": [
      "30:11"
    ],
    "text": "<p><em>Allā</em> h (t) hat alles vom Beginn erschaffen, bestimmt auch das Ende Seiner Schöpfung, und bringt uns bei der Auferstehung hervor. Er, Der am Anfang alles erschaffen hat, kann also Seine Schöpfung wiederholen. 30:12-16 - <strong>\"Die Stunde\"</strong> kommt bestimmt; dies gehört zu den Grundsätzen des Glaubens. Wer die Stunde, die Auferstehung nach dem Tod, die Rechenschaft, die Bestrafung mit dem Höllenfeuer und die Belohnung mit dem Paradies leugnet, gilt als <strong>\"Nicht-Muslim\"</strong>. (vgl. dazu den Titel: <strong>\"Was ist Islam?\"</strong>, Islamische Bibliothek; ferner 2:39; 7:147; 10:4 und die Anmerkung dazu). Preis sei denn <em>Allāh</em>, wenn ihr den Abend und wenn ihr den Morgen verbringt (30:17); denn Ihm gebührt alles Lob in den Himmeln und auf Erden und am Abend und zu eurer Mittagsruhe. (30:18) Er lässt das Lebendige aus dem Toten und das Tote aus dem Lebendigen hervorgehen; und Er belebt die Erde nach ihrem Tod, und in gleicher Weise sollt ihr wieder hervorgebracht werden. (30:19) 30:17-19 - Diese Aufforderung gilt sowohl für unseren Propheten <em>Muḥ</em> ammad, <em>Allā</em> hs Segen und Friede auf ihm, als auch für alle Muslime. <strong>\"Preis sei denn <em>Allā</em> h\"</strong> heißt soviel wie: Aus all diesen vorangegangenen Gründen sollen wir Menschen den Erhabenen Schöpfer lobpreisen und rühmen für Seine Allmacht. Wir müssen also <em>Allā</em> h verherrlichen. Ihm allein gebührt alles Lob und Dank. Die besonderen Zeiten, zu denen wir an <em>Allā</em> h (t) denken sollen, beziehen sich auf das Morgengebet, Mittagsgebet und Nachtgebet, bei denen der Mensch unachtsam sein kann; denn in der Frühe muss man sich zur Arbeit beeilen, während er in der Mittagszeit seinen Hunger stillen und danach seine Mittagsruhe einlegen muss; in der Nacht fühlt sich der Mensch schlapp und neigt zur Nachtruhe. Das Gedenken <em>Allā</em> hs zu diesen bestimmten Zeiten erweckt im Menschen die Treue und den Dank zu Dem, Der aus lebloser Materie Leben hervorbringt. (vgl. 2:45-46, 164; 10:31; 11:114; 17:78-79; 20:130 und die Anmerkung dazu). Und unter Seinen Zeichen ist dies, dass Er euch aus Erde erschuf; alsdann, seht, seid ihr Menschen geworden, die sich vermehren. (30:20) Und unter Seinen Zeichen ist dies, dass Er Gattinnen für euch aus euch selber erschuf, auf dass ihr Frieden bei ihnen finden mögt; und Er hat Zuneigung und Barmherzigkeit zwischen euch gesetzt. Hierin liegen wahrlich Zeichen für ein Volk, das nachdenkt. (30:21) 30:20-21 - Wenn <em>Allāh</em> (t) den ersten Menschen Adam ohne Vater und Mutter aus einer toten</p>\n<p><em>Tafsīr</em> Al-Qur’<em>ān</em> <em>Al-Karīm</em> Materie, alsdann seine Gattin aus ihm selbst ohne Mutter erschaffen hat, und schließlich uns Menschen von Vater und Mutter durch natürliche Vermehrung entstehen ließ, dann gibt es dafür keinen Grund, Jesus als <strong>\"Gott\"</strong> oder <strong>\"Sohn Gottes\"</strong> zu verherrlichen, weil er ohne Vater entstanden ist. Der Leser möchte beim betrachten des Verses 30:21 daraufachten, dass <em>Allāh</em> (t) die <strong>\"Liebe\"</strong> zwischen Mann und Frau nicht erwähnt, sondern die zwischen den beiden gesetzte <strong>\"Zuneigung und Barmherzigkeit\"</strong>. Der Grund dafür besteht darin, dass die <strong>\"Liebe\"</strong> eine Sache des Herzens ist, auf die der Mensch keine Herrschaft hat; somit ist die Liebe nicht beständig im Eheleben. Wenn diese verschwindet, dann bleibt zwischen den beiden <strong>\"Zuneigung und Barmherzigkeit\"</strong>. Die Zuneigung geschieht durch das natürliche Verlangen zueinander und ist ein Produkt des Zusammenlebens, insbesondere wenn Kinder vorhanden sind. So erwähnt der Mann stoltz seine Frau als <strong>\"Mutter\"</strong> seiner Kinder und die Frau spricht stolz von ihrem Mann als <strong>\"Vater\"</strong> ihrer Kinder. Die Barmherzigkeit eines Menschen ist ein Produkt des Glaubens an <em>Allāh</em> (t) und der Mensch kann diese willkürlich ausüben, auch dann, wenn die Liebe nicht mehr da ist. Demnach ist die Familie, die anfangs durch sexuelle Anziehungskraft entstanden ist, eine soziale Einrichtung geworden, die nicht mehr durch die <strong>\"Liebe\"</strong> gegründet, sondern durch <strong>\"Zuneigung und Barmherzigkeit\"</strong> für alle Familienmitglieder. Aus diesem Grund hat ‘Umar Ibn Al-Ḫaṭṭāb (r) einen Mann, der sich von seiner Frau scheiden lassen wollte, weil er sie nicht mehr liebe, mit den Worten getadelt: ”Wehe dir, ist die Ehe nur durch Liebe gegründet? Sie ist vielmehr durch soziale Bindung und Barmherzigkeit gegründet!“ An dieser Stelle wird jedem scheidungswilligen Muslim und jeder scheidungswilligen Muslime ans Herz gelegt, ihre Angelegnheit nach diesen Maßstäben nachzudenken, bevor sie ihr Familienleben zerstören. (vgl. 3:59; 4:1; 7:189; 17:37; 23:12 und die Anmerkung dazu). Und unter Seinen Zeichen sind die Schöpfung der Himmel und der Erde und die Verschiedenheit eurer Sprachen und Farben. Hierin sind wahrlich Zeichen für die Wissenden. (30:22) Und zu Seinen Zeichen zählt euer Schlafen bei Nacht und euer Trachten nach Seiner Gnadenfülle bei Tage. Hierin sind wahrlich Zeichen für ein Volk, das hört. (30:23)</p>",
    "timestamp": "2025-12-20T14:27:52.303336+00:00",
    "version": "1.0",
    "copyright": {
      "author": "Muhammad Ibn Ahmad Ibn Rassoul",
      "publisher": "IB Verlag Islamische Bibliothek",
      "edition": "41. Auflage",
      "title": "Tafsīr Al-Qur'ān Al-Karīm"
    }
  },
  {
    "key": "de_tafsir-al-azhar",
    "verse_key": "30:22",
    "verses": [
      "30:22"
    ],
    "text": "<p>Auf der ganzen Welt werden heute noch gut 6800 unterschiedliche Sprachen gesprochen. (FAZ Nr. 139 / 03)</p>",
    "timestamp": "2025-12-20T14:27:52.303336+00:00",
    "version": "1.0",
    "copyright": {
      "author": "Muhammad Ibn Ahmad Ibn Rassoul",
      "publisher": "IB Verlag Islamische Bibliothek",
      "edition": "41. Auflage",
      "title": "Tafsīr Al-Qur'ān Al-Karīm"
    }
  },
  {
    "key": "de_tafsir-al-azhar",
    "verse_key": "30:23",
    "verses": [
      "30:23"
    ],
    "text": "<p>Dieser Vers verbindet die Funktion der Erdrotation vor der Sonne im Universum, die Tag und Nacht verursacht, und zwar mit den Bedürfnissen des Menschen für Schlaf und Regsamkeit. Unser Bedürfnis zu Schlafen macht sich bemerkbar, wenn die Dunkelheit der Nacht herrscht. Dagegen macht uns die Helligkeit des Tageslichts munter und treibt uns zu Regsamkeit, indem wir uns zu einem lebhaften Lebensrhythmus bewegen: Wir gehen zur Arbeit, zur Schule, zu einer</p>\n<p><em>Tafsīr</em> Al-Qur’<em>ān</em> <em>Al-Karīm</em> Ausbildungsstätte oder zum Markt. Sowohl das Schalfen in der Nacht als auch die Regsamkeit am Tag sind zeichen der Selbserhaltung des Menschen, die von <em>Allā</em> h (t) bestimmt sind. Und zu Seinen Zeichen gehört dies, dass Er euch den Blitz zu Furcht und Hoffnung zeigt und Wasser vom Himmel herniedersendet und damit die Erde nach ihrem Tod belebt. Hierin sind wahrlich Zeichen für ein Volk, das begreift. (30:24) Und unter Seinen Zeichen ist dies, dass Himmel und Erde auf Sein Geheiß hin fest stehen. Alsdann, wenn Er euch mit einem Ruf aus der Erde ruft, seht, dann werdet ihr (daraus) hervorgehen. (30:25)</p>",
    "timestamp": "2025-12-20T14:27:52.303336+00:00",
    "version": "1.0",
    "copyright": {
      "author": "Muhammad Ibn Ahmad Ibn Rassoul",
      "publisher": "IB Verlag Islamische Bibliothek",
      "edition": "41. Auflage",
      "title": "Tafsīr Al-Qur'ān Al-Karīm"
    }
  },
  {
    "key": "de_tafsir-al-azhar",
    "verse_key": "30:24",
    "verses": [
      "30:24"
    ],
    "text": "<p>Der Blitz erregt im Menschen zwei Gefühle: Einmal das Gefühl der Angst vor dem Blitzschlag, der sich vernichtend auswirkt, und andererseits das Gefühl der Hoffnung auf den Segen, den der Regen, der manchmal dem Blitz folgt, mit sich bringt (ÜB) (vgl. 13:12).</p>",
    "timestamp": "2025-12-20T14:27:52.303336+00:00",
    "version": "1.0",
    "copyright": {
      "author": "Muhammad Ibn Ahmad Ibn Rassoul",
      "publisher": "IB Verlag Islamische Bibliothek",
      "edition": "41. Auflage",
      "title": "Tafsīr Al-Qur'ān Al-Karīm"
    }
  },
  {
    "key": "de_tafsir-al-azhar",
    "verse_key": "30:25",
    "verses": [
      "30:25"
    ],
    "text": "<p>Die Himmelskörper- einschließlich der Erde - schweben im Universum auf Geheiß <em>Allā</em> hs in bestimmten Laufbahnen, und legen Zeugnis von Dem ab, Der nicht nur ihr Schöpfer, sondern auch ihr Erhalter ist (vgl. 13:2). Wir Menschen sind Zeugen dafür, dass Himmel und Erde, ohne Tragpfeiler nur optisch fest stehen, obwohl sie sich in Wirklichkeit stets in Bewegung befinden. Wir haben nicht im Geringsten Angst davor, dass der gewaltige Himmel mit all seinem <strong>\"Inhalt\"</strong> auf uns stürzen würde. Dem Allmächtigen Schöpfer und Erhalter dieses gewaltigen Werks des Universums ist es nicht schwierig, die Toten wieder zum Leben zu erwecken und eine neue Schöpfung hervorzurufen, genauso, wie Er die die Erde mit dem Wasser nach ihrem Tod belebt. Und Sein ist, wer in den Himmeln und auf der Erde ist. Alle sind Ihm gehorsam. (30:26) Und Er ist es, Der die Schöpfung hervorbringt, dann wiederholt Er sie, und dies fällt Ihm noch leichter. Und Er Selbst stellt das schönste Gleichnis in den Himmeln und auf Erden dar; und Er ist der Allmächtige, der Allweise. (30:27)</p>",
    "timestamp": "2025-12-20T14:27:52.303336+00:00",
    "version": "1.0",
    "copyright": {
      "author": "Muhammad Ibn Ahmad Ibn Rassoul",
      "publisher": "IB Verlag Islamische Bibliothek",
      "edition": "41. Auflage",
      "title": "Tafsīr Al-Qur'ān Al-Karīm"
    }
  },
  {
    "key": "de_tafsir-al-azhar",
    "verse_key": "30:26",
    "verses": [
      "30:26"
    ],
    "text": "<p>In diesem Vers ist nicht die Rede von <strong>\"was ...\"</strong> sondern von <strong>\"wer ...\"</strong>. In diesem Fall handelt es sich nicht um Gegenstände, sondern um Lebewesen, und diese können lediglich Geschöpfe sein, von denen wir Kenntnis haben. Es handelt sich also um Menschen, Engel und <em>Ǧ</em> inn. Die anderen Wesen, von denen wir durch die göttlichen Botschaften Kenntnis genommen haben, wie z.B. die Jünglinge (vgl. 56:17) und die Frauen des Paradieses (vgl. 44:54; 52:20; 55:72; 56:22) gehören dazu, Wir wissen jedoch nicht, ob sie schon existieren oder in der Zukunft erschaffen werden. Hiermit beschäftigen wir uns mit einem Bereich des Wissens, über den nur das Prophetentum und die offenbarten Schriften Auskunft geben können. Die Wissenschaft wird nie in der Lage sein, konkrete Erkenntnisse über das Verborgene zu liefern. Deshalb brauchen wir Menschen unbedingt die göttliche Rechtleitung, ohne die uns ein wesentlicher Teil unseres Lebens fehlt.</p>",
    "timestamp": "2025-12-20T14:27:52.303336+00:00",
    "version": "1.0",
    "copyright": {
      "author": "Muhammad Ibn Ahmad Ibn Rassoul",
      "publisher": "IB Verlag Islamische Bibliothek",
      "edition": "41. Auflage",
      "title": "Tafsīr Al-Qur'ān Al-Karīm"
    }
  },
  {
    "key": "de_tafsir-al-azhar",
    "verse_key": "30:27",
    "verses": [
      "30:27"
    ],
    "text": "<p>Obwohl dieser Satz hier genauso lautet wie oben in 30:11, hat er doch eine allgemeinere Bedeutung, indem er sich nicht nur auf den Menschen und dessen individuelle Auferstehung bezieht, sondern auf die Schöpfung und ständige Neuschöpfung allen Lebens. (ÜB) Beispiele über <em>Allā</em> hs Macht, Seine Herrlichkeit und Attribute sind weit über allen Begriffen, mit denen wir sie bezeichnen können. Die menschliche Sprache reicht nicht aus, sie wiederzugeben. Nur durch Gleichnisse können wir uns in unserem gegenwärtigen Zustand eine Vorstellung davon machen, die aber auch dann noch nicht die Realität wirklich wiedergeben kann (vgl. 24:35 und die</p>\n<p><em>Tafsīr</em> Al-Qur’<em>ān</em> <em>Al-Karīm</em> Anmerkung dazu); denn <em>Allā</em> h (t) ist herrlicher und weiser als wir uns vorstellen können. Er ist mächtig, deswegen ist es leicht für Ihn, Tote wieder zum Leben zu erwecken. (ÜB) (vgl. 10:4; 16:58-60 und die Anmerkung dazu). Er prägt euch ein Gleichnis aus eurer eigenen Lage. Habt ihr unter denen, die ihr von Rechts wegen (als Sklaven) besitzt, Teilhaber an dem, was Wir euch beschert haben? Seid ihr (ihnen) darin also gleichgestellt und fürchtet ihr sie etwa, wie ihr einander fürchtet? So machen Wir die Zeichen klar für ein Volk, das begreift. (30:28) Doch die Ungerechten folgen ohne Wissen ihren persönlichen Neigungen. Und wer kann den leiten, den <em>Allāh</em> zum Irrenden erklärt? Für solche wird es keine Helfer geben. (30:29) 30:28-29 - <em>Allā</em> h (t) prägt uns Gleichnisse in unserer Sprache, damit wir mit unserem unzulänglichen Verstand Seine Offenbarung verstehen können (vgl. 24:35 und die Anmerkung dazu). Das hier aufgeführte Gleichnis soll uns den Unsinn des Götzendienstes vor Augen führen. <em>Allā</em> h (t) steht weit höher über Seiner Schöpfung als auch das höchste Seiner Geschöpfe über irgendeinem Mitgeschöpf. Würde dennoch beispielsweise ein Mensch sein Eigentum auf gleicher Basis mit seinen Untergebenen teilen? Wie können Menschen dann <em>Allā</em> hs Geschöpfe zu einem gottgleichen Status erheben und verehren? Weder seid ihr und eure Sklaven gleich in der Verfügungsgewalt über eurem Besitz, noch fürchtet ihr sie in gleicher Weise, wie ihr gleichgestelltes Freigeborenes fürchtet. Die Ungerechten, die vorsichtlich <em>Allā</em> hs Rechtleitung ablehnen, haben sich selbst aus der Reichweite der göttlichen Barmherzigkeit hinausbegeben. (ÜB) In diesem Fall müssen sie die Folgen tragen. (vgl. 2:7; 6:55; 7:32; 14:4; 16:75-76 und die Anmerkung dazu). So richte dein Antlitz in aufrichtiger Weise auf den Glauben; (dies entspricht) der natürlichen Veranlagung, mit der <em>Allāh</em> die Menschen erschaffen hat. Es gibt keine Veränderung an <em>Allāhs</em> Schöpfung. Das ist der beständige Glaube. Allein die meisten Menschen wissen es nicht. (30:30) Wendet euch zu Ihm und fürchtet Ihn und verrichtet das Gebet und seid nicht unter den Götzendienern. (30:31) Unter denen, die ihren Glauben gespalten haben und zu Parteien geworden sind - jede Partei freut sich über das, was sie selbst hat. (30:32)</p>",
    "timestamp": "2025-12-20T14:27:52.303336+00:00",
    "version": "1.0",
    "copyright": {
      "author": "Muhammad Ibn Ahmad Ibn Rassoul",
      "publisher": "IB Verlag Islamische Bibliothek",
      "edition": "41. Auflage",
      "title": "Tafsīr Al-Qur'ān Al-Karīm"
    }
  },
  {
    "key": "de_tafsir-al-azhar",
    "verse_key": "30:30",
    "verses": [
      "30:30"
    ],
    "text": "<p>Dies ist ein zeitloser Vers, der für alle Menschen zu allen Orten und Zeiten Gültigkeit hat. Er stellt zugleich eine Aufforderung zum Islam und eine Unterlassung der Gleichgültigkeit, die die Menschheit bald zugrunde richten würde. Alle Werte und Normen sollten durch den Islam bestimmt sein, und das Verhalten sollte nach den Geboten <em>Allā</em> h erfolgen. Die natürliche Veranlagung im Menschen stellt die Fähigkeit dar, die Einheit unseres Schöpfers durch eine intuitiv erfassbare Wahrheit zu erkennen (vgl. 7:172). Unser Prophet (a.s.s.) hat gesagt: ”Jedes Kind wird mit einer natürlichen Veranlagung geboren; erst seine Eltern machen es später zum Juden, Christen oder Magier.“ Diese drei Religionsformen waren den Zeitgenosssen des Propheten am besten bekannt und werden deshalb hier der <strong>\"natürlichen Veranlagung\"</strong> gegenübergestellt, die in der instinktiven Gotteserkenntnis des Menschen und seiner Hingabe an Ihn (Islam) besteht. (vgl. 2:135; 9:36; 12:39-40 und die Anmerkung dazu).</p>",
    "timestamp": "2025-12-20T14:27:52.303336+00:00",
    "version": "1.0",
    "copyright": {
      "author": "Muhammad Ibn Ahmad Ibn Rassoul",
      "publisher": "IB Verlag Islamische Bibliothek",
      "edition": "41. Auflage",
      "title": "Tafsīr Al-Qur'ān Al-Karīm"
    }
  },
  {
    "key": "de_tafsir-al-azhar",
    "verse_key": "30:31",
    "verses": [
      "30:31"
    ],
    "text": "<p>Das Gebot, regelmäßig zu beten, kam in Makka, als eine Handvoll von Muslimen schwer verfolgt wurde. Es gab keinerlei Anzeichen dafür, dass jemals eine islamische Gesellschaft oder</p>\n<p><em>Tafsīr</em> Al-Qur’<em>ān</em> <em>Al-Karīm</em> gar Regierung entstehen könnte. Dies widerspricht der verbreiteten falschen Ansicht mancher Gruppen und Sekten (s. unten die Anmerkung zu 30:32), das Gebet sei nur in einem islamischen Staat eine Pflicht für die Muslime. (ÜB)</p>",
    "timestamp": "2025-12-20T14:27:52.303336+00:00",
    "version": "1.0",
    "copyright": {
      "author": "Muhammad Ibn Ahmad Ibn Rassoul",
      "publisher": "IB Verlag Islamische Bibliothek",
      "edition": "41. Auflage",
      "title": "Tafsīr Al-Qur'ān Al-Karīm"
    }
  },
  {
    "key": "de_tafsir-al-azhar",
    "verse_key": "30:32",
    "verses": [
      "30:32"
    ],
    "text": "<p>Als Argument vor <em>Allā</em> h genügt es nicht, dass man Muslim nach der <strong>\"natürlichen Veranlagung\"</strong> geblieben oder geworden ist (vgl. oben 30:30 und die Anmerkung dazu); denn <em>Allā</em> h tadelt hier diejenigen Muslime, die sich in Gruppen und Sekten von der Gemeinschaft der Muslime abgesondert und ihren Glauben gespalten haben. Denn auf dieser Art und Weise sind alle Religionen und Konfessionen in der ganzen Welt entstanden, indem verschiedene Völker selbstgebastelte Glaubensvorstellungen nach dem <strong>\"Do it yourself-Verfahren\"</strong> beimengten und allmählich die ursprüngliche göttliche Lehre aufgaben. Hier an dieser Stelle liegt eine besondere Ermahnung an die Deutschen vor, die sich zum Islam bekehren: Der einzige Weg, wahre Rechtleitung zu erlangen, besteht nunmehr in der Befolgung dieses Buches, des Qur’<em>ā</em> n und der Sunna des Letzten aller Propheten, <em>Muḥ</em> ammad, <em>Allā</em> hs Segen und Friede auf ihm. (vgl. dazu 39:12; ferner 6:159; 21:92-93; 23:52-53 und die Anmerkung dazu). Und wenn die Menschen ein Schaden trifft, dann rufen sie ihren Herrn an und wenden sich reumütig zu Ihm; hernach aber, wenn Er sie dann von Seiner Barmherzigkeit kosten lässt, siehe, dann stellen einige von ihnen ihrem Herrn Götter zur Seite (30:33) und verleugnen somit das, was Wir ihnen gegeben haben. Ergötzt euch denn (eine Weile), bald jedoch werdet ihr es wissen. (30:34) Haben Wir ihnen etwa eine Ermächtigung niedergesandt, die für das spräche, was sie Ihm zur Seite stellen? (30:35) Und wenn Wir die Menschen Barmherzigkeit kosten lassen, freuen sie sich darüber; doch wenn sie ein Übel um dessentwillen trifft, was ihre eigenen Hände vorausgeschickt haben, siehe, dann verzweifeln sie. (30:36) Haben sie denn nicht gesehen, dass <em>Allāh</em> dem, dem Er will, die Mittel zum Unterhalt erweitert und beschränkt? Hierin sind wahrlich Zeichen für Leute, die glauben. (30:37)</p>",
    "timestamp": "2025-12-20T14:27:52.303336+00:00",
    "version": "1.0",
    "copyright": {
      "author": "Muhammad Ibn Ahmad Ibn Rassoul",
      "publisher": "IB Verlag Islamische Bibliothek",
      "edition": "41. Auflage",
      "title": "Tafsīr Al-Qur'ān Al-Karīm"
    }
  },
  {
    "key": "de_tafsir-al-azhar",
    "verse_key": "30:33",
    "verses": [
      "30:33"
    ],
    "text": "<p>Armut, Krankheit, Naturkatasrophen u.ä. sind die deutlichsten Beispiele für die Zufluchtnahme zu <em>Allā</em> h vor der Hilflosigkeit. Erhört Er das Bittgebet und nimmt das Übel weg, so entpupt sich manchmal der leidende Anrufer als ein undankbares Wesen und verehrt andere Götter neben <em>Allā</em> h, und zwar mit der Behauptung, das Unglück sei durch Vermittlung der Götzen beseitigt worden. (vgl. 4:79; 28: 82; 35:40 und die Anmerkung dazu).</p>",
    "timestamp": "2025-12-20T14:27:52.303336+00:00",
    "version": "1.0",
    "copyright": {
      "author": "Muhammad Ibn Ahmad Ibn Rassoul",
      "publisher": "IB Verlag Islamische Bibliothek",
      "edition": "41. Auflage",
      "title": "Tafsīr Al-Qur'ān Al-Karīm"
    }
  },
  {
    "key": "de_tafsir-al-azhar",
    "verse_key": "30:34",
    "verses": [
      "30:34"
    ],
    "text": "<p>D.h.: Ergötzt euch denn eine Weile, ihr Undankbaren! Denn ihr werdet es bald bereuen, wenn ihr wieder in der Not seid und euer Ruf nicht mehr erhört wird. Diese Drohung ergeht sowohl an solche Götzendiener in Makka, die sich der Botschaft des Propheten <em>Muḥ</em> ammad, <em>Allā</em> hs Segen und Friede auf ihm, entgegenstellten, als auch an jeden Menschen zu allen Orten und Zeiten, der sich genauso undankbar verhält (vgl. 16:54; ferner10:12 und die Anmerkung dazu).</p>",
    "timestamp": "2025-12-20T14:27:52.303336+00:00",
    "version": "1.0",
    "copyright": {
      "author": "Muhammad Ibn Ahmad Ibn Rassoul",
      "publisher": "IB Verlag Islamische Bibliothek",
      "edition": "41. Auflage",
      "title": "Tafsīr Al-Qur'ān Al-Karīm"
    }
  },
  {
    "key": "de_tafsir-al-azhar",
    "verse_key": "30:35",
    "verses": [
      "30:35"
    ],
    "text": "<p>Die Offenbarung und das Prophetentum sind der einzige Maßstab für die Rechtfertigung des menschlichen Verhaltens. (vgl. 4:79; 28: 82; 35:40 und die Anmerkung dazu).</p>",
    "timestamp": "2025-12-20T14:27:52.303336+00:00",
    "version": "1.0",
    "copyright": {
      "author": "Muhammad Ibn Ahmad Ibn Rassoul",
      "publisher": "IB Verlag Islamische Bibliothek",
      "edition": "41. Auflage",
      "title": "Tafsīr Al-Qur'ān Al-Karīm"
    }
  },
  {
    "key": "de_tafsir-al-azhar",
    "verse_key": "30:36",
    "verses": [
      "30:36"
    ],
    "text": "<p>Hier liegt die Bestätigung dafür, dass <em>Allā</em> h (t) uns aus Barmherzigkeit beisteht und der Mensch selbst ist allein für das Übel verantwortlich, das er durch seine Undankbarkeit und sein</p>\n<p><em>Tafsīr</em> Al-Qur’<em>ān</em> <em>Al-Karīm</em> Fehlverhalten, also durch seine Hände, vorausgeschickt hat (vgl. dazu oben 30:33).</p>",
    "timestamp": "2025-12-20T14:27:52.303336+00:00",
    "version": "1.0",
    "copyright": {
      "author": "Muhammad Ibn Ahmad Ibn Rassoul",
      "publisher": "IB Verlag Islamische Bibliothek",
      "edition": "41. Auflage",
      "title": "Tafsīr Al-Qur'ān Al-Karīm"
    }
  },
  {
    "key": "de_tafsir-al-azhar",
    "verse_key": "30:37",
    "verses": [
      "30:37"
    ],
    "text": "<p>Dass <em>Allā</em> h (t) dem einen gewisse Gaben schenkt und dem anderen vorenthält ist in sich ein Zeichen für Menschen, die glauben und dem Willen <em>Allā</em> hs ergeben sind. (vgl. 4:79; 28: 82; 35:40 und die Anmerkung dazu). So gib dem Verwandten, was ihm zusteht, wie auch dem Bedürftigen und dem Sohn des Weges. Das ist das Beste für die, die nach <em>Allāhs</em> Antlitz verlangen, und sie sind die Erfolgreichen. (30:38) Und was immer ihr auf Zinsen verleiht, damit es sich mit dem Gut der Menschen vermehre, es vermehrt sich nicht vor <em>Allāh</em>; doch was ihr an <em>Zakā</em> h entrichtet, indem ihr nach <em>Allāhs</em> Antlitz verlangt - sie sind es, die vielfache Mehrung empfangen werden. (30:39) <em>Allāh</em> ist es, Der euch erschaffen hat, und dann hat Er euch versorgt; dann wird Er euch sterben lassen, und dann wird Er euch wieder lebendig machen. Ist etwa unter euren Göttern einer, der davon etwas vollbringen könnte? Gepriesen sei Er und Hocherhaben über das, was sie anbeten! (30:40)</p>",
    "timestamp": "2025-12-20T14:27:52.303336+00:00",
    "version": "1.0",
    "copyright": {
      "author": "Muhammad Ibn Ahmad Ibn Rassoul",
      "publisher": "IB Verlag Islamische Bibliothek",
      "edition": "41. Auflage",
      "title": "Tafsīr Al-Qur'ān Al-Karīm"
    }
  },
  {
    "key": "de_tafsir-al-azhar",
    "verse_key": "30:38",
    "verses": [
      "30:38"
    ],
    "text": "<p>Dieses <strong>\"So ...\"</strong> am Anfang des Verses in Verbindung mit den Worten des vorangegangenen Verses 30:37 (s. die Anmerkung dazu) erklärt uns zum Teil den Sinn, warum <em>Allā</em> h (t) die Mittel zum Unterhalt erweitert und beschränkt. Er erweitert die Mittel und erklärt zugleich, dass darin - im Vermögen - ein Teil dem Verwandten, dem Bedürftigen und dem Reisenden (Sohn des Weges) zusteht. Es handelt sich also nicht um eine freiwillige milde Gabe aus persönlicher Güte, die man gibt und vorenthält, wie man will, sondern um ein verbrieftes Recht für bestimmte Kategorien im Qur’<em>ā</em> n (vgl. 17:26). <em>Allā</em> h (t) beschränkt auch die Mittel und erklärt zugleich, dass darin - im Vermögen der Reichen - ein Teil für euch, ihr Minderbemittelten, zusteht. Auf dieser Grundlage wird ein göttliches Gebot des Gebens und Nehmens gegründet und das soziale Gleichgewicht unter Menschen geregelt.</p>",
    "timestamp": "2025-12-20T14:27:52.303336+00:00",
    "version": "1.0",
    "copyright": {
      "author": "Muhammad Ibn Ahmad Ibn Rassoul",
      "publisher": "IB Verlag Islamische Bibliothek",
      "edition": "41. Auflage",
      "title": "Tafsīr Al-Qur'ān Al-Karīm"
    }
  },
  {
    "key": "de_tafsir-al-azhar",
    "verse_key": "30:39",
    "verses": [
      "30:39"
    ],
    "text": "<p>Dieser Vers entspricht genau dem Sinn von <em>Allāhs</em> Wort in 2:276. Gemeint ist: damit es in ihrem Vermögen zunehme und anwachse. Was ihr so gebt wächst bei <em>Allāh</em> nicht an, und Er segnet es nicht. Wenn ihr aber Almosen gebt: das heißt freiwillige Spenden (<em>Ṣadaqa</em>), indem ihr nur <em>Allāhs</em> Antlitz sucht und weder nach Entgelt noch Augendienerei noch gutem Ruf strebt. Man sagt, dass dieser Vers wegen der Angehörigen des Stammes Ṯaqīf herabgekommen sei und dass diese Zinsgeschäfte betrieben hätten. (Zam, Gät)</p>",
    "timestamp": "2025-12-20T14:27:52.303336+00:00",
    "version": "1.0",
    "copyright": {
      "author": "Muhammad Ibn Ahmad Ibn Rassoul",
      "publisher": "IB Verlag Islamische Bibliothek",
      "edition": "41. Auflage",
      "title": "Tafsīr Al-Qur'ān Al-Karīm"
    }
  },
  {
    "key": "de_tafsir-al-azhar",
    "verse_key": "30:40",
    "verses": [
      "30:40"
    ],
    "text": "<p><em>Allā</em> h (t), Der Erschaffer, lässt den Menschen nackt, hilflos und mittellos aus dem Mutterleib hervorkommen. Dann aber lässt Er ihm Nahrung, Kleider und Vermögen zukommen. Er hat auf der Erde alles für seine Versorgung. Die Frage <strong>\"Ist etwa unter euren Göttern einer, der davon etwas vollbringen könnte?\"</strong> hat die Form des Tadels. (vgl. 6:22; 10:18 und die Anmerkung dazu). Unheil ist auf dem Festland und auf dem Meer sichtbar geworden um dessentwillen, was die Hände der Menschen gewirkt haben, auf dass Er sie die (Früchte) so mancher ihrer Handlungen kosten lasse, damit sie sich besännen. (30:41) Sprich: ”Wandert auf Erden umher und seht, wie das Ende derer zuvor war! Die meisten von ihnen waren Götzendiener.“ (30:42)</p>\n<p><em>Tafsīr</em> Al-Qur’<em>ān</em> <em>Al-Karīm</em> 30:41-42 - <em>Allā</em> h (t) hat die Erde erschaffen und sie sehr schön, rein und gut für das Menschenleben gemacht. Nun sehen wir das Unheil, das unsere Hände gewirkt haben. Es ist ein allumfassendes Unheil, sowohl auf dem Festland, als auch auf dem Meer. Das erste und größte Unheil auf Erden geschah durch den ersten Mordfall des eigenen Bruders (vgl. 5:27f.), durch die Verleugnung des Schöpfers und durch die Vielgötterei. Dieser Vers bezieht sich nicht nur auf die Vergangenheit, sondern auf alle Unheilsformen zu allen Orten und Zeiten. Wir erleben schon in unserer Zeit die fatalen Folgen der Zerstörung unserer Umwelt, dass die Gifte aus dem Festland ins Meer gelangen und alle Lebewesen im Wasser vernichten. Es gibt schon zahlreiche Süßwassergewässer, von denen die Menschen ihr Trinkwasser nicht nehmen dürfen, weil alles verseucht ist. Das Unheil durch unsere Hände wird immer mehr in vernichtender Weise so verursacht, dass man glaubt, der Mensch selbst sorge für den Weltuntergang. Grund des Unheils ist die <strong>\"Nichtbefolgung\"</strong> der Religion und der darin enthaltenen Gebote zur Bewahrung der Umwelt und des menschlichen Lebens. Um überzeugt zu sein brauchen wir nur, auf Erden herumzuwandern und zu schauen, wie das Schicksal der Früheren aussieht. Richte also dein Antlitz auf den beständigen Glauben, bevor der Tag kommt, an dem es gegen <em>Allāh</em> keine Wehr gibt. An jenem Tage werden sie auseinander brechen. (30:43) Wenn jemand ungläubig ist, so lastet auf ihm sein Unglaube! Und der, der Rechtes tut, bereitet es für sich selbst vor (30:44), auf dass Er aus Seiner Gnadenfülle diejenigen belohnen möge, die glauben und das Rechte tun. Wahrlich, Er liebt die Ungläubigen nicht. (30:45) 30:43-45 - Diese Aufforderung ergeht an jeden, um sich <em>Allā</em> h eilends in Gehorsam zu ergeben und gute Werke zu verrichten (vgl. 3:19; 30:30). Nur Umkehr und Wiedergutmachung können die Folgen des Bösen abwenden. Und zu Seinen Zeichen gehört dies, dass Er die Winde mit frohen Botschaften entsendet, auf dass Er euch von Seiner Barmherzigkeit kosten lasse, und dass die Schiffe auf Sein Geheiß hin fahren, und auf dass ihr nach Seiner Huld trachtet und auf dass ihr dankbar sein mögt. (30:46) Und wahrlich, Wir schickten schon Gesandte vor dir zu ihren eigenen Leuten. Sie brachten ihnen klare Beweise. Dann bestraften Wir die Schuldigen; und es oblag Uns, den Gläubigen zu helfen. (30:47)</p>",
    "timestamp": "2025-12-20T14:27:52.303336+00:00",
    "version": "1.0",
    "copyright": {
      "author": "Muhammad Ibn Ahmad Ibn Rassoul",
      "publisher": "IB Verlag Islamische Bibliothek",
      "edition": "41. Auflage",
      "title": "Tafsīr Al-Qur'ān Al-Karīm"
    }
  },
  {
    "key": "de_tafsir-al-azhar",
    "verse_key": "29:46",
    "verses": [
      "29:46"
    ],
    "text": "<p>Weiter unten in dieser Sura werden die Gläubigen zur Auswanderung aufgefordert. Zu jener Zeit war Abessinien der einzige sichere Ort, wo die Muslime Zuflucht finden konnten, und es befand sich damals unter christlicher Herrschaft. In diesem Vers werden die Muslime also angewiesen, wie sie ihre religiösen Angelegenheiten mit den Christen diskutieren sollten, wenn sich ein solcher Anlass ergibt. Dies wurde hier zwar im Hinblick auf Gespräche mit <strong>\"Volk der Schrift\"</strong> (u.a. Christen und Juden) gesagt, gilt aber ganz allgemein für den Dialog mit ihnen und für die Verkündung der Religion zu allen Orten und Zeiten. (vgl. 7:199-200; 16:125; 17:53; 23:96; 41:34 und die Anmerkung dazu). Und somit haben Wir dir das Buch herniedergesandt, und so glauben diejenigen daran, denen Wir das Buch gegeben haben; und unter diesen sind einige, die daran glauben. Es sind aber nur die Ungläubigen, die Unsere Zeichen leugnen. (29:47) Und nie zuvor hast du in einem Buch gelesen, noch konntest du eines mit deiner Rechten schreiben; sonst hätten die Verleugner daran gezweifelt. (29:48) Nein, es sind klare Zeichen in den Herzen derer, denen das Wissen gegeben wurde. Es gibt keinen, der Unsere Zeichen leugnet außer den Ungerechten. (29:49) 29:47-49 - Mit dem <strong>\"Buch\"</strong> ist der Qur’<em>ā</em> n gemeint, den <em>Allā</em> h (t) - wie die Thora und das Evangelium und andere Schriften - herabgesandt hat (vgl. den letzten Vers in Sura 87). Im 6. und 7. Jahr der <em>Hiǧ</em> ra schickte der Prophet (a.s.s.) Boten mit Briefen in die wichtigsten an Arabien angrenzenden Länder, nämlich in die Hauptstadt des Byzantinischen Reiches, des Persischen Reiches, des Sassanidenreiches, nach Syrien, Abessinien und Ägypten. Außer Persien waren diese christliche Länder. Im gleichen Zusammenhang wurde auch eine Gesandtschaft nach <em>Al-Yamā</em> ma in Arabien selbst geschickt, wo der christliche Stamm der <em>Banū</em> <em>Ḥ</em> <em>anī</em> fa lebte. Außer Abessinien bekannten alle diese Länder im Laufe der Zeit zum Islam, und auch Abessinien hat bis heute einen großen muslimischen Bevölkerungsanteil. Unser Prophet (a.s.s.) verbrachte die Zeit seines</p>\n<p><em>Tafsīr</em> Al-Qur’<em>ān</em> <em>Al-Karīm</em> Lebens, ohne des Lesens und Schreibens mächtig zu sein. Dann aber brachte er ein Buch, das den Lesenden und Schreibenden vollkommen überwältigte. (ÜB) (vgl. 26:197; 31:32 und die Anmerkung dazu). Und sie sagten: ”Warum wurden keine Zeichen zu ihm von seinem Herrn herabgesandt?“ Sprich: ”Die Zeichen sind allein bei <em>Allāh</em>, und ich bin nur ein deutlicher Warner.“ (29:50) Genügt es ihnen denn nicht, dass Wir dir das Buch herniedergesandt haben, das ihnen verlesen wird? Wahrlich, hierin ist eine Barmherzigkeit und Ermahnung für ein Volk, das glaubt. (29:51) Sprich: ”<em>Allāh</em> genügt als Zeuge gegen mich und euch. Er weiß, was in den Himmeln und was auf Erden ist. Und diejenigen, die das Falsche annehmen und <em>Allāh</em> ablehnen - das sind die Verlierenden.“ (29:52) 29:50-52 - Die Ungläubigen meinen: Warum ist denn außer dem Qur’<em>ā</em> n auf ihn kein Wunderzeichen herabgesandt worden, das von der Art ist, wie die Kamelin bei <em>Ṣāliḥ</em> , der Tisch bei Jesus und dergleichen mehr. Über die Zeichen verfügt <em>Allā</em> h allein: Er sendet davon herab, was Er will. Und wenn Er das Zeichen hätte herabsenden wollen, das ihr so gebieterisch fordert, dann hätte Er es getan. Ich bin nur ein deutlicher Warner: Ich bin beauftragt, zu warnen und diese Warnung durch die mir gegebenen Zeichen des Qur’<em>ā</em> n deutlich zu machen. Es steht mir nicht zu, gegenüber <em>Allā</em> h eine Auswahl unter Seinen Zeichen zu treffen, so dass ich sagen könnte: Sende mir ein so beschaffenes und nicht ein so beschaffenes Zeichen herab! Zudem weiß ich, dass der Zweck des Zeichens in fortdauernder Hinweisung besteht. In dieser Hinsicht aber sind sämtliche Zeichen so gut wie irgendeines. (Zam, Gät) (vgl. 6:109, 124, die Anmerkung dazu und den Titel: <strong>\"Von den Wundern des Propheten <em>Muḥ</em> ammad, <em>Allā</em> hs Segen und Friede auf ihm\"</strong>, Islamische Bibliothek). Und sie verlangen von dir, dass du die Strafe beschleunigen sollst. Wäre nicht eine Frist festgesetzt worden, hätte die Strafe sie schon ereilt; und sie wird gewiss unerwartet über sie kommen, ohne dass sie es merken. (29:53) Sie verlangen von dir, dass du die Strafe beschleunigen sollst; doch wahrlich, <em>Ǧ</em> ahannam wird die Ungläubigen einschließen. (29:54) An dem Tage, da die Strafe sie von oben und von ihren Füßen her überwältigen wird, wird Er sprechen: ”Kostet nun die (Früchte) eurer Taten.“ (29:55) 29:53-55 - Es geht darum, dass das Eintreffen der Strafe zugesichert wird, wenn sie nicht umkehren. Dies ist das Ende ihres Drängens auf Bestrafung und für ihre Verachtung der Ermahnung. (vgl. 6:65; 22:47 und die Anmerkung dazu). O Meine Diener, die ihr glaubt, Meine Erde ist weit. Darum verehrt nur Mich. (29:56) Jede Seele wird den Tod kosten; zu Uns werdet ihr dann zurückgebracht. (29:57) Und jene, die glauben und gute Werke tun, beherbergen Wir in den oberen Gemächern des Paradieses, durch das Bäche fließen. Darin verweilen sie auf immerdar. Herrlich ist der Lohn derjenigen, die wohltätig sind (29:58), die da standhaft sind und auf ihren Herrn vertrauen. (29:59) Und wie viele Tiere gibt es, die nicht ihre eigene Versorgung tragen. <em>Allāh</em> versorgt sie und euch. Und Er ist der Allhörende, der Allwissende. (29:60) 29:56-60 - Diese Verse sind offenbart worden, um die Gläubigen in Makka zur Auswanderung (arab.: <em>Hiǧ</em> ra) anzuspornen. Als der Prophet (a.s.s.) den Muslimen gebot, Makka zu verlassen und</p>\n<p><em>Tafsīr</em> Al-Qur’<em>ān</em> <em>Al-Karīm</em> nach Yaṯ rib (später: <em>Al-Madī</em> na) auszuwandern, sagten diese: ”Wie sollen wir uns in eine Stadt begeben, in der wir keine Versorgung haben?“ <em>Allā</em> h (t) macht es ganz deutlich: Ihr Muslime seid Meine Diener und dies ist Meine weite Erde, die für euch genug Platz hat, um Mich allein zu dienen. Wenn ihr hier nicht in der Lage seid, Mir zu dienen, so verlasst diese Enge und rettet euren Glauben in Meiner weiten Erde. Wenn wir die Tiere betrachten, so finden wir keines von ihnen, das eine Vorratskammer oder einen Kühlschrank auf seinem Rücken trägt. Die Vögel z.B. fliegen aus ihren Nestern in der Frühe weg und kehren abends mit vollen Futterbeuteln für ihre eigene Nahrung und für die Nahrung ihrer Kleinen zurück. <em>Allā</em> h (t) gewährt denen also, die Seinetwegen auswandern, nicht nur Unterkunft in dieser Welt, sondern auch das Paradies als Ersatz dafür, dass sie ihre Häuser verließen. (vgl. 3:185; 4:97; 16:41; 21:35 und die Anmerkung dazu). Und wenn du sie fragst: ”Wer hat die Himmel und die Erde erschaffen und euch die Sonne und den Mond dienstbar gemacht?“ - dann werden sie gewiss sagen: ”<em>Allāh</em>.“ Wieso lassen sie sich dann (von <em>Allāh</em>) abwenden? (29:61) <em>Allāh</em> erweitert und beschränkt die Mittel zum Unterhalt dem von Seinen Dienern, den Er will. Wahrlich, <em>Allāh</em> besitzt die volle Kenntnis von allen Dingen. (29:62) Und wenn du sie fragst: ”Wer sendet Wasser vom Himmel nieder und belebt damit die Erde nach ihrem Tod?“ - dann werden sie gewiss sagen: ”<em>Allāh</em>.“ Sprich: ”Aller Preis gebührt <em>Allāh</em>.“ Jedoch die meisten von ihnen begreifen es nicht. (29:63) 29:61-63 - Dies richtet sich an die makkanischen Götzendiener. Sie gaben zwar zu, dass <em>Allā</em> h (t) der Schöpfer ist, jedoch beteten sie ihre Götzen, <em>Ǧ</em> inn oder Engel an. Sie machten sie zu Teilhabern <em>Allā</em> hs in ihrer Anbetung, nicht aber in der Erschaffung. <em>Allā</em> h (t) sorgt für alle ihren wirklichen Bedürfnissen entsprechend und mit den am besten angemessenen Mitteln. Er kennt die Bedürfnisse aller Seiner Geschöpfe. Er weiß, was wirklich gut für sie und Seinem unfassbaren Plan zufolge notwendig ist. (ÜB) (vgl. 13:26; 27:59, 60; 31:25-26 und die Anmerkung dazu). Dieses irdische Leben ist nichts als ein Zeitvertreib und ein Spiel; die Wohnstatt des Jenseits aber - das ist das eigentliche Leben, wenn sie es nur wüssten! (29:64) Und wenn sie ein Schiff besteigen, dann rufen sie <em>Allāh</em> an - aus reinem Glauben heraus. Bringt Er sie dann aber heil ans Land, siehe, dann stellen sie (Ihm) Götter zur Seite (29:65) und leugnen somit das, was Wir ihnen beschert haben, und ergötzen sich. Bald aber werden sie es erfahren! (29:66) 29:64-66 - Der Qur’<em>ā</em> n erwähnt hiermit die Vergleiche zwischen dem diesseitigen und jenseitigen Leben, fordert jedoch nicht zum Asketentum und völlige Entsagung des irdischen Lebens auf. (vgl. 6:32; 7:29; 31:31-32 und die Anmerkung dazu). Haben sie denn nicht gesehen, dass Wir ein Schutzgebiet sicher gemacht haben, während die (anderen) Menschen in ihrer Umgebung hinweg gerissen werden? Wollen sie da noch an (etwas) Falsches glauben und die Huld <em>Allāhs</em> leugnen? (29:67) Und wer ist ungerechter als jener, der eine Lüge gegen <em>Allāh</em> erdichtet oder die Wahrheit verwirft, wenn sie zu ihm kommt? Gibt es denn für die Ungläubigen keine Wohnstatt in <em>Ǧ</em> ahannam? (29:68) Und diejenigen, die in Unserer Sache wetteifern - Wir werden sie gewiss auf Unseren Wegen leiten. Wahrlich, <em>Allāh</em> ist mit denen, die Gutes tun. (29:69) 29:67-69 - Gemeint ist das unverletzliche Schutzgebiet der Stadt Makka und ihrer Vororte. Zum</p>\n<p><em>Tafsīr</em> Al-Qur’<em>ān</em> <em>Al-Karīm</em> Ende dieser eindrucksvollen Sura erinnert <em>Allā</em> h (t) die Makkaner an Seine Gnade, die darin besteht, dass Er ihnen den unverletzlichen, sicheren Ort gewährte, in dem sie leben (vgl. dazu Sura 106; ferner 6:21; 28:57 und die Anmerkung dazu). Ende der Sura 29 (30) Sura <em>Ar-Rū</em> m (Die Byzantiner) (offenbart zu Makka) 60 <em>Ā</em> y <em>ā</em> t Diese Sura wurde nach sechs Jahren nach Beginn der ersten Offenbarung, also etwa im siebten Jahr vor der <em>Hiǧ</em> ra offenbart, als das Persische Reich die Oberhand über das Byzantinische Reich hatte. Historisch gesehen hat seinerzeit das Byzantinische Reich Jerusalem an die Perser verloren, und die Christen als Leute der Schrift, hatten eine große Niederlage erlitten, ein Ereignis, das die Muslime betrübt hat. Ein Teil dieser Sura bezieht sich auf das Byzantinische Reich. Das Wachstum und der Verfall der Weltmächte seinerzeit, wie durch den Konflikt vom Byzantinischen und persischen Reich dargestellt, sind nur äußerliche Erscheinungsformen. Der tiefere Sinn ist, dass ein bestimmter Anlaß aufgrund <em>Allā</em> hs Willen geschieht, um der guten Sache zu helfen, sodass all Seine Geschöpfe davon in den Genuss kommen können. <em>Allā</em> h (t) ist Allwissend, Allgnädig. Auf diese Art wird Er schließlich am Tage des Jüngsten Gerichts das Gute vom Bösen trennen. Das Gute wird bleiben, während das Schlechte dahinschwinden wird. <em>Allā</em> hs schöpfung weist auf Seine Macht hin. Unsere Schöpfung aus Staub ist eine gottgekonnte Sache in sich selbst. Das Bestehen von biologischen Begleiterscheinungen bei den Menschen, wie Schlafen, Sehen usw., weist ebenso auf den Schöpfer hin. Trotz der Unterschiede von Sprache, Hautfarbe der Menschen, gibt es eine unterschwellige Einheit. Gehorche <em>Allā</em> h (t) und folge Seinen Weisungen. Denn Er ist der Eine. Seine Religion, der Islam, ist eine einheitliche Galubensform, die Er für uns gewollt hat. Spalte die Muslime nicht in Sekten. Unsinn und Böses verbreiten sich, aber <em>Allā</em> h (t) wird am Ende alle Dinge klarstellen, so wie Er die Luft reinigt, indem Er den Wind wehen lässt. Die Schuldigen werden bestraft. Tue Gutes und sei geduldig. Im Namen <em>Allāhs</em>, des Allerbarmers, des Barmherzigen! Alif <em>Lā</em> m <em>Mī</em> m. (30:1) Besiegt sind die Byzantiner (30:2) in dem nahen gelegenen Land, doch sie werden nach ihrer Niederlage siegen (30:3) in wenigen Jahren - <em>Allāhs</em> ist die Herrschaft vorher und nachher, und an jenem Tage werden sich die Gläubigen freuen (30:4) über <em>Allāhs</em> Hilfe. Er hilft, wem Er will; und Er ist der Allmächtige, der Barmherzige. (30:5) (Das ist) die Verheißung <em>Allāhs</em> - <em>Allāh</em> bricht Seine Verheißung nicht; allein die meisten Menschen wissen es nicht. (30:6) Sie kennen nur die Außenseite des diesseitigen Lebens; das Jenseits aber beachten sie nicht. (30:7)</p>\n<p><em>Tafsīr</em> Al-Qur’<em>ān</em> <em>Al-Karīm</em></p>",
    "timestamp": "2025-12-20T14:27:52.303336+00:00",
    "version": "1.0",
    "copyright": {
      "author": "Muhammad Ibn Ahmad Ibn Rassoul",
      "publisher": "IB Verlag Islamische Bibliothek",
      "edition": "41. Auflage",
      "title": "Tafsīr Al-Qur'ān Al-Karīm"
    }
  },
  {
    "key": "de_tafsir-al-azhar",
    "verse_key": "30:46",
    "verses": [
      "30:46"
    ],
    "text": "<p>In alten Zeiten war die Seefahrt vom Wind völlig abhängig, und widrige Winde waren verheerend für die Seefahrt. In unserer Zeit werden manche Motorschiffe mit Segeln für den Notfall ausgerüstet, dass das Schiff bei Motorschaden seine Fahrt mit Segeln fortsetzen kann. Die Winde sind nach wie vor ein Segen für die Menschheit, die <em>Allā</em> h (t) aus Barmherzigkeit für uns dienstbar gemacht hat: sie tragen Vögel, Flugzeuge und Keime zur Befruchtung der Pflanzen, sind Vorboten des Regens, treiben die Segelschiffe auf dem Meer, um Meerestiere zu fangen, Menschen zu befördern und um Handelswaren zu transportieren. (vgl. 7:57; 25:48 und die Anmerkung dazu).</p>",
    "timestamp": "2025-12-20T14:27:52.303336+00:00",
    "version": "1.0",
    "copyright": {
      "author": "Muhammad Ibn Ahmad Ibn Rassoul",
      "publisher": "IB Verlag Islamische Bibliothek",
      "edition": "41. Auflage",
      "title": "Tafsīr Al-Qur'ān Al-Karīm"
    }
  },
  {
    "key": "de_tafsir-al-azhar",
    "verse_key": "30:47",
    "verses": [
      "30:47"
    ],
    "text": "<p>Damit ist unser Prophet (a.s.s.) angesprochen, als Trost für die Ablehnung durch die Mehrheit seines Volkes. (vgl. 10:74 und die Anmerkung dazu). <em>Allāh</em> ist es, Der die Winde entsendet, so dass sie Wolken zusammentreiben. Dann breitet Er sie am Himmel aus, wie Er will, und häuft sie Schicht auf Schicht auf; und du siehst den</p>\n<p><em>Tafsīr</em> Al-Qur’<em>ān</em> <em>Al-Karīm</em> Regen aus ihrer Mitte hervorbrechen. Und wenn Er ihn auf die von Seinen Dienern, die Er will, fallen lässt, siehe, dann ahnen sie Gutes (30:48), obwohl sie zuvor, ehe er auf sie nieder gesandt wurde, hoffnungslos waren. (30:49) So schau auf die Spuren von <em>Allāhs</em> Barmherzigkeit, wie Er die Erde nach ihrem Tode belebt. Wahrlich, Derselbe wird auch die Toten erwecken; denn Er hat Macht über alle Dinge. (30:50) Und wenn Wir einen (heißen) Wind entsendeten und sie sie (die Ernte) vergilbt sähen, so würden sie gewiss danach undankbar sein. (30:51) 30:48-50 - Hier wird der Text in 30:46 über die Funktion der Winde fortgesetzt. Nach der Wirkung der Winde folgt nun das Gleichnis von der toten Erde, die <em>Allā</em> h wieder belebt und genauso geschieht die Wiederbelebung des Menschen.</p>",
    "timestamp": "2025-12-20T14:27:52.303336+00:00",
    "version": "1.0",
    "copyright": {
      "author": "Muhammad Ibn Ahmad Ibn Rassoul",
      "publisher": "IB Verlag Islamische Bibliothek",
      "edition": "41. Auflage",
      "title": "Tafsīr Al-Qur'ān Al-Karīm"
    }
  },
  {
    "key": "de_tafsir-al-azhar",
    "verse_key": "30:51",
    "verses": [
      "30:51"
    ],
    "text": "<p>Wir haben gesehen, wie die Winde diejenigen erfreuten, die von ihnen Nutzen ziehen (vgl. oben 30:46). Aber unter bestimmten Umständen können Winde zerstörerisch wirken. (vgl. 11:9 und die Anmerkung dazu). Weder kannst du die Toten hörend machen, noch kannst du die Tauben den Ruf hören lassen, wenn sie (<em>Allāh</em>) den Rücken kehren (30:52), noch wirst du die Blinden aus ihrem Irrweg leiten können. Nur diejenigen wirst du hörend machen, die an Unsere Zeichen glauben und sich (Uns) ergeben. (30:53) 30:52-53 - Wir Menschen, gläubige wie ungläubige nehmen die Schöpfung durch unsere Sinnesorgane wahr. Während der Qur’<em>ā</em> n das <strong>\"gelesene Buch\"</strong> ist, ist die Schöpfung das <strong>\"gesehene Bilderbuch\"</strong>. Beide sind Zeugnisse für einen Allmächtigen Gott. Es gibt blinde und taube Menschen, die trotz ihrer Behinderung an <em>Allā</em> h glauben, und es gibt sehende und hörende Menschen, die Ihn ablehnen. Die wahren Blinden und Tauben in diesem Fall sind die sehenden und hörenden Ungläubigen und Götzendiener, die sich von den Zeichen <em>Allā</em> hs nicht rechtleiten lassen wollen. Es ist nicht Aufgabe eines Propheten, diese sehenden Blinden und hörenden Tauben mit Gewalt gegen ihren Willen auf den rechten Weg zu führen. (vgl. 27:80-81 und die Anmerkung dazu). <em>Allāh</em> ist es, Der euch in Schwäche erschaffen hat, und nach der Schwäche gab Er (euch) Stärke. Dann wiederum, nach der Stärke, gab Er (euch) Schwäche und graues Haar. Er schafft, was Er will. Und Er ist der Allwissende, der Allmächtige. (30:54)</p>",
    "timestamp": "2025-12-20T14:27:52.303336+00:00",
    "version": "1.0",
    "copyright": {
      "author": "Muhammad Ibn Ahmad Ibn Rassoul",
      "publisher": "IB Verlag Islamische Bibliothek",
      "edition": "41. Auflage",
      "title": "Tafsīr Al-Qur'ān Al-Karīm"
    }
  },
  {
    "key": "de_tafsir-al-azhar",
    "verse_key": "30:54",
    "verses": [
      "30:54"
    ],
    "text": "<p>Zusätzlich zur Beschreibung der Menschenlage in 30:40 (vgl. die Anmerkung dazu) erwähnt <em>Allā</em> h (t) hier noch eine von Ihm im Menschen erschaffene Eigenschaft, die wir auf keinen Fall verneinen können, nämlich die Schwäche, die den Menschen im Zustand der Hilflosigkeit ab seiner Geburt bis zum Greisenalter begleitet. Die dem Menschen vorübergehend verliehene Stärke ist nur relativ und von kurzer Dauer. In welcher Form auch immer ist sie keine absolute Macht, sondern knapp bemessen, unabänderlich und vergänglich. Aus dieser Tatsache allein dürfen wir <strong>\"schwache\"</strong> Menschen, uns von dem Allmächtigen und unvergänglichen Schöpfer nicht lösen. Wir nehmen unsere Zuflucht zu Ihm vor unserer <strong>\"Schwäche\"</strong> und bitten um Seinen Schutz für uns in allen Lebensphasen. Und an dem Tage, wo die Stunde herankommt, werden die Schuldigen schwören, dass sie</p>\n<p><em>Tafsīr</em> Al-Qur’<em>ān</em> <em>Al-Karīm</em> nicht länger als eine Stunde (auf Erden) weilten - so sehr sind sie an (Selbst-)Täuschung gewöhnt. (30:55) Doch die, denen Kenntnis und Glauben verliehen wurden, sagen: ”Ihr habt wahrlich gemäß dem Buch <em>Allāhs</em> bis zum Tage der Auferstehung geweilt. Und das ist der Tag der Auferstehung, allein ihr wolltet es nicht wissen.“ (30:56) So werden denn an jenem Tage den Ungerechten ihre Ausreden nichts fruchten, noch werden sie Gunst finden. (30:57)</p>",
    "timestamp": "2025-12-20T14:27:52.303336+00:00",
    "version": "1.0",
    "copyright": {
      "author": "Muhammad Ibn Ahmad Ibn Rassoul",
      "publisher": "IB Verlag Islamische Bibliothek",
      "edition": "41. Auflage",
      "title": "Tafsīr Al-Qur'ān Al-Karīm"
    }
  },
  {
    "key": "de_tafsir-al-azhar",
    "verse_key": "30:55",
    "verses": [
      "30:55"
    ],
    "text": "<p>Dieser Einschub ist hier impliziert und bildet die Überleitung von dem vorigen Abschnitt zu diesem, sowie auch die Verbindung zu den Versen 11-16 und 27 oben. So wird der Jüngste Tag genannt, entweder, weil er sich in der letzten <strong>\"Stunde\"</strong> des irdischen Lebens ereignen wird, oder weil er so plötzlich eintritt. Selbst wenn seit ihrem Tode Jahrtausende vergangen sind, schwören sie, sie hätten nur ein paar Stunden geschlafen. Dieser Schwur könnte sich beziehen auf die Zeit ihres Verbleibs in den Gräbern oder aber auf ihr Verweilen im Allgemeinen auf Erden, als Lebende und Tote. Auch in ihrem irdischen Leben hatten sie auf diese Weise ihre Situation falsch eingeschätzt und infolgedessen die Realität nicht wahrgenommen und die Auferstehung und ihre Verantwortlichkeit vor <em>Allā</em> h (t) geleugnet. In diesem Zusammenhang wird die Relativität dieser Vorstellung hervorgehoben, d.h. die Kürze unserer Lebensspanne verglichen mit dem zukünftigen Leben (ÜB) (vgl. 10:45; 17:52).</p>",
    "timestamp": "2025-12-20T14:27:52.303336+00:00",
    "version": "1.0",
    "copyright": {
      "author": "Muhammad Ibn Ahmad Ibn Rassoul",
      "publisher": "IB Verlag Islamische Bibliothek",
      "edition": "41. Auflage",
      "title": "Tafsīr Al-Qur'ān Al-Karīm"
    }
  },
  {
    "key": "de_tafsir-al-azhar",
    "verse_key": "30:56",
    "verses": [
      "30:56"
    ],
    "text": "<p>Die richtige Einschätzung und die korrekte Antwort darauf kommt von den Gläubigen, die an die Auferstehung und die <strong>\"Stunde\"</strong> glaubten. Denn sie sind es, die das wahre Wissen und den aufrichtigen Glauben haben.</p>",
    "timestamp": "2025-12-20T14:27:52.303336+00:00",
    "version": "1.0",
    "copyright": {
      "author": "Muhammad Ibn Ahmad Ibn Rassoul",
      "publisher": "IB Verlag Islamische Bibliothek",
      "edition": "41. Auflage",
      "title": "Tafsīr Al-Qur'ān Al-Karīm"
    }
  }
]