[
  {
    "key": "de_tafsir-al-azhar",
    "verse_key": "42:5",
    "verses": [
      "42:5"
    ],
    "text": "<h2>Sura Aš - Šūr ā (Die Beratung)</h2>\n<p><em>(offenbart zu Makka)</em></p>\n<p><em>0 Āyāt</em></p>\n<p>(offenbart zu Makka) 53 <em>Ā</em> y <em>ā</em> t Das hier behandelte Thema zeigt, wie Böses und üble Aussage durch die Gnade und Rechtleitung <em>Allā</em> hs, die durch Seine Offenbarung kommt, geheilt werden kann. Die Menschen werden aufgefordert, ihre Unstimmigkeiten mit Geduld und durch Beratung untereinander zu regeln. <strong>\"Aš - Šūra\"</strong> bedeutet <strong>\"die gegenseitige Beratung\"</strong>. Wahre Eingebung kommt von <em>Allā</em> h, dem Allweisen. Alles in den Himmeln und auf Erden gehört Ihm. Trotzdem beten Menschen falsche Götter an. Die von <em>Allā</em> h angenommene Religion war immer <strong>\"die Hingabe\"</strong> an <em>Allā</em> h, der Islam, und wird es immer sein. Er befiehlt uns, beständig in der Religion zu sein, und keine Teilung in ihr zu verursachen. Nur Egoismus und Eifersucht verursachen die Teilung. Alle Uneinigkeit soll gestoppt werden, und die Menschen sollen zu <em>Allā</em> hs Lehre zurückkehren und die Urteile des Gesandten <em>Allā</em> hs, <em>Allā</em> hs Segen und Friede auf ihm, akzeptieren. <em>Allā</em> hs Urteil, das Rechte und Unrechte betreffend, wird letztendlich kommen. <em>Allā</em> hs Gnade und Fürsorge für uns, kann in Seiner Schöpfung klar gesehen werden. Unglück überkommt uns, aufgrund unserer eigenen schlechten Taten, und für viele von uns garantiert Er Vergebung. <em>Allā</em> hs Plan wird immer ausgeführt werden. Die Annehmlichkeiten und Bequemlichkeiten von diesem Leben sind nur vorübergehend, aber das, was bei <em>Allā</em> h ist, ist besser und dauerhafter. Tue Gutes und meide Falsches. Die Rechtleitung - als <em>Allā</em> hs Gnade an uns - kommt mit der Offenbarung herab. Im Namen <em>Allāhs</em>, des Allerbarmers, des Barmherzigen! <em>Ḥā</em> <em>Mī</em> m. (42:1) ‘Ain <em>Sī</em> n <em>Qā</em> f. (42:2) So offenbart <em>Allāh</em>, der Erhabene, der Allweise, dir und denen, die vor dir waren. (42:3) Sein ist, was in den Himmeln und was auf Erden ist, und Er ist der Allerhöchste, der Allmächtige. (42:4) Fast neigen sich die Himmel, um von oben her zu brechen, (so) auch (wenn) die Engel ihren Herrn mit Seiner Lobpreisung verherrlichen und Vergebung für die auf Erden erflehen. Siehe, <em>Allāh</em> ist wahrlich der Vergebende, der Barmherzige. (42:5) Und jene, die sich Beschützer außer Ihm nehmen - <em>Allāh</em> gibt auf sie Acht; und du bist nicht ihr Wächter. (42:6) 42:1-2 - Über die Bedeutung dieser arabischen Buchstaben vgl. Erläuterung der Termini (s.u. <strong>\"Alif\"</strong>). Die Buchstabengruppe des Verses 2 bildet eine Ausnahme zu allen anderen Suren, die ihren Tenor im ersten Vers mit den Buchstaben des arabischen Alphabets haben. 42:3-4 - Diese Offenbarung ist, unabhängig vom Zeitalter und von der Person der Propheten, im Wesentlichen dieselbe, die zu <em>Muḥ</em> ammad, <em>Allā</em> hs Segen und Friede auf ihm, niederkam. Aus dem Stil dieses einleitenden Verses wird deutlich, dass er vor einem Hintergrund von Misstrauen, Verwunderung und Erstaunen offenbart wurde, die in allen Versammlungen, in jedem Haus und auf den Straßen von Makka zum Ausdruck kamen. Alle Gesandten <em>Allā</em> hs, denen Seine Offenbarung zuteil wurde, bilden samt ihren Anhängern eine einzige Gemeinschaft, die dem</p>\n<p><em>Tafsīr</em> Al-Qur’<em>ān</em> <em>Al-Karīm</em> Wesen nach gleich bleibt, weil sie alle vom gleichen Schöpfer rechtgeleitet werden. Die Offenbarung ist voller Kraft und Weisheit, und diese beiden Eigenschaften entstammen der Kraft und Weisheit <em>Allā</em> hs. (ÜB)</p>\n<p>Wenn dies der Fall ist, dass die Himmel vor der Lobpreisung Seiner Herrlichkeit bersten, wie können wir uns eine größere Erhabenheit und Allmacht vorstellen. Die Engel sind die edelsten und reinsten Wesen, die wir uns vorstellen können. Sie sind <em>Allā</em> h (t) stets gehorsam; denn sie sind in dieser Art erschaffen worden. Sie bitten um Vergebung für die Erdenbewohner, und zwar für alles, was es bei diesen an Fehlern und Mängeln gibt (vgl. 40:7). Nur <em>Allā</em> hs Barmherzigkeit und Vergebungsbereitschaft bewahren die Menschen vor den bösen Folgen ihres Handelns. Zu den vorher genannten Eigenschaften <em>Allā</em> hs, nämlich Allmacht und Weisheit, Größe und Herrlichkeit kommen hier zwei weitere hinzu, nämlich die Bereitschaft zu vergeben und die Barmherzigkeit. (ÜB) (vgl. 10:11; 13:6 und die Anmerkung dazu).</p>",
    "timestamp": "2025-12-20T14:27:52.303336+00:00",
    "version": "1.0",
    "copyright": {
      "author": "Muhammad Ibn Ahmad Ibn Rassoul",
      "publisher": "IB Verlag Islamische Bibliothek",
      "edition": "41. Auflage",
      "title": "Tafsīr Al-Qur'ān Al-Karīm"
    }
  },
  {
    "key": "de_tafsir-al-azhar",
    "verse_key": "42:6",
    "verses": [
      "42:6"
    ],
    "text": "<p>Unser Prophet (a.s.s.) - wie jeder andere Prophet vor ihm - ist nicht für das Verhalten der Menschen verantwortlich. Seine Aufgabe besteht lediglich darin, den Menschen den rechten Weg zu zeigen. (vgl. ferner 2:57; 4:118-120, 123; 6:51; 7:27-30; 11:20; 13:16, 37; 17:97; 18:17-50; 29:22, 41; 33:65; 39:3; 45:19 und die Anmerkung dazu). Und so haben Wir dir den Qur’<em>ā</em> n auf Arabisch offenbart, auf dass du die Mutter der Städte warnst und alle rings um sie, und (auf dass) du (sie) vor dem Tag der Versammlung warnst, über den kein Zweifel herrscht. Eine Gruppe wird im Paradies sein und eine Gruppe im flammenden Feuer. (42:7) Hätte <em>Allāh</em> gewollt, hätte Er sie zu einer einzigen Gemeinde gemacht; jedoch lässt Er in Seine Barmherzigkeit ein, wen Er will. Und die Ungerechten werden weder Beschützer noch Helfer haben. (42:8) 42:7-8 - Hier wird eine Verbindung hergestellt zwischen den Buchstaben am Anfang der Sura und der arabischen Sprache, in der der Qur’<em>ā</em> n offenbart worden ist. Die Wichtigkeit dessen, dass der Qur’<em>ā</em> n in arabischer Sprache oftenbart wurde, liegt darin, dass er für die Menschen deutlich und verständlich sein sollte, unter denen er zuerst verkündet wurde (vgl. 6:92; 14:4, wo gesagt wird, dass Propheten immer mit einer Botschaft in der Sprache ihres eigenen Volkes geschickt wurden). Abgesehen davon, dass Makka die Gebetsrichtung (arab.: Qibla) für die Muslime in aller Welt ist, ist es das Zentrum und das Herz des Islam - sowohl für alle Ortschaften ringsum als auch für die ganze Welt. Makka genießt diese besondere Stellung, weil es geographisch im Zentrum der Welt liegt (s. Weltkarte) und ist im wahren Sinne das uralte Haus <em>Allā</em> hs, das jemals für die Menschheit gegründet wurde (vgl. 3:96). Zu den Gründen der Offenbarung des Qur’<em>ā</em> n in arabischer Sprache gehört, dasss dieses Zentrum der Welt arabisch spricht. Außerdem war die arabische Sprache so weit entwickelt und in Bezug auf Wortschatz und Ausdruck so reich, dass die offenbarten Informationen und Anweisungen verständlich, klangvoll und wirkungsvoll zur Geltung kamen. Selbst wenn die Bewohner dieser Stadt einen <strong>\"Haufen\"</strong> bilden, sind sie am Tage des Jüngsten Gerichts in zwei Gruppen geteilt, die eine ist gläubig und befindet sich ehrenvoll im Paradies, die andere ist ungläubig und brennt schmachvoll im Höllenfeuer. Hätte <em>Allā</em> h gewollt, hätte Er sie zu einer einzigen Gemeinde von Gläubigen gemacht (vgl. 5:48; 6:148-149; 10:99; 11:118-119; 13:31; 14:4; 16:91-93 und die Anmerkung dazu). Oder haben sie sich etwa Beschützer außer Ihm genommen? Doch <em>Allāh</em> allein ist der</p>\n<p><em>Tafsīr</em> Al-Qur’<em>ān</em> <em>Al-Karīm</em> Beschützer; und Er macht die Toten lebendig; und Er hat Macht über alle Dinge. (42:9) Und wenn ihr über etwas uneins seid, steht die Entscheidung darüber <em>Allāh</em> zu. Das ist <em>Allāh</em>, mein Herr; auf Ihn vertraue ich, und zu Ihm wende ich mich. (42:10) Der Schöpfer der Himmel und der Erde - Er hat aus euch selbst Gattinnen für euch gemacht und Paare aus dem Vieh. Dadurch vermehrt Er euch. Es gibt nichts Seinesgleichen; und Er ist der Allhörende, der Allsehende. (42:11) Sein sind die Schlüssel der Himmel und der Erde. Er erweitert und beschränkt dem die Mittel zum Unterhalt, dem Er will. Wahrlich, Er ist der Allwissende aller Dinge. (42:12)</p>",
    "timestamp": "2025-12-20T14:27:52.303336+00:00",
    "version": "1.0",
    "copyright": {
      "author": "Muhammad Ibn Ahmad Ibn Rassoul",
      "publisher": "IB Verlag Islamische Bibliothek",
      "edition": "41. Auflage",
      "title": "Tafsīr Al-Qur'ān Al-Karīm"
    }
  },
  {
    "key": "de_tafsir-al-azhar",
    "verse_key": "42:9",
    "verses": [
      "42:9"
    ],
    "text": "<p>In Bezug auf die Aussage des obigen Verses 42:8 wird hier diese Frage gestellt, die in Wirklichkeit keine echte Frage im sprachlichen Sinne ist, sondern eine Vorhaltung an die Götzendiener von Makka zur Zeit der Offenbarung - als sie die Auferstehung und die Rechenschaft im Jenseits leugneten. So führt <em>Allā</em> h mit Abscheu den eigenartigen Tatbestand vor, nämlich, dass die Götzendiener die Hilfe nicht bei Ihm suchen.</p>",
    "timestamp": "2025-12-20T14:27:52.303336+00:00",
    "version": "1.0",
    "copyright": {
      "author": "Muhammad Ibn Ahmad Ibn Rassoul",
      "publisher": "IB Verlag Islamische Bibliothek",
      "edition": "41. Auflage",
      "title": "Tafsīr Al-Qur'ān Al-Karīm"
    }
  },
  {
    "key": "de_tafsir-al-azhar",
    "verse_key": "42:10",
    "verses": [
      "42:10"
    ],
    "text": "<p>Mit diesen Worten soll der Prophet (a.s.s.) selbst bezeugen, dass <em>Allā</em> h (t) sein Herr ist, dass er auf Ihn allein vertraut und sich ausschließlich zu Ihm hinwendet. Obwohl von hier bis Vers 12 der Text von <em>Allā</em> h (t) offenbart ist, ist der Sprecher nicht <em>Allā</em> h (t) Selbst, sondern Sein Gesandter. Ein solcher Textabschnitt wird im Qur’<em>ā</em> n gewöhnlich mit dem Wort <strong>\"Sprich\"</strong> eingeleitet, manchmal aber auch nicht. Im letzteren Falle geht nur aus dem Inhalt hervor, dass der Sprecher nicht <em>Allā</em> h (t), sondern Sein Gesandter ist oder aber auch die Gläubigen, die Engel und so weiter, wie beispielsweise die Sura 112 oder auch 19:64-65. (ÜB)</p>",
    "timestamp": "2025-12-20T14:27:52.303336+00:00",
    "version": "1.0",
    "copyright": {
      "author": "Muhammad Ibn Ahmad Ibn Rassoul",
      "publisher": "IB Verlag Islamische Bibliothek",
      "edition": "41. Auflage",
      "title": "Tafsīr Al-Qur'ān Al-Karīm"
    }
  },
  {
    "key": "de_tafsir-al-azhar",
    "verse_key": "42:11",
    "verses": [
      "42:11"
    ],
    "text": "<p>Das Vieh wird hier besonders erwähnt, weil es durch seine Gefügigkeit ein besonderes Verhältnis zum Menschen hat und dessen Bedürfnissen in besonderer Weise dient (vgl. 36:71-73; 23:21-22). <em>Allā</em> h (t), Der diese Schrift, den Qur’<em>ā</em> n, herabsandte, ist darüber hinaus Derjenige, Der Himmel, Erde und alles, was zwischen den beiden ist, erschuf. Dazu gehört u.a. Mensch und Vieh. Zu den beiden Gattungen gehört auch das Naturgesetz der Vermehrung und der Versorgung, das für beide Gültigkeit hat, obwohl sie artverschieden sind (vgl. 16:72; ferner 6:100; 112:4 und die Anmerkung dazu).</p>",
    "timestamp": "2025-12-20T14:27:52.303336+00:00",
    "version": "1.0",
    "copyright": {
      "author": "Muhammad Ibn Ahmad Ibn Rassoul",
      "publisher": "IB Verlag Islamische Bibliothek",
      "edition": "41. Auflage",
      "title": "Tafsīr Al-Qur'ān Al-Karīm"
    }
  },
  {
    "key": "de_tafsir-al-azhar",
    "verse_key": "42:12",
    "verses": [
      "42:12"
    ],
    "text": "<p><em>Allā</em> h (t) weiß nicht nur, was jedes Wesen verdient, sondern auch, was im Rahmen Seines Schöpfungsplanes wirklich gut und notwendig ist. (vgl. 10:59; 27:60-66; 30:20-22 und die Anmerkung dazu). Er verordnete für euch die Religion, die Er Noah anbefahl und die Wir dir offenbart haben und die Wir Abraham und Moses und Jesus anbefohlen haben. Nämlich (die), in der Einhaltung der Religion treu zu bleiben und euch deswegen nicht zu spalten. Hart ist für die Götzendiener das, wozu du sie aufrufst. <em>Allāh</em> erwählt dazu, wen Er will, und leitet dazu den, der sich bekehrt. (42:13) Und sie zerfielen erst dann in Spaltung, nachdem das Wissen zu ihnen gekommen war; denn unter ihnen (entstand) selbstsüchtiger Neid. Und wäre nicht bereits ein Wort von deinem Herrn über eine bestimmte Frist ergangen - wäre gewiss zwischen ihnen entschieden worden. Wahrlich, jene, denen nach ihnen das Buch zum Erbe gegeben wurde, befinden sich in bedenklichem Zweifel darüber. (42:14)</p>",
    "timestamp": "2025-12-20T14:27:52.303336+00:00",
    "version": "1.0",
    "copyright": {
      "author": "Muhammad Ibn Ahmad Ibn Rassoul",
      "publisher": "IB Verlag Islamische Bibliothek",
      "edition": "41. Auflage",
      "title": "Tafsīr Al-Qur'ān Al-Karīm"
    }
  },
  {
    "key": "de_tafsir-al-azhar",
    "verse_key": "42:13",
    "verses": [
      "42:13"
    ],
    "text": "<p><em>Allā</em> hs Religion ist in ihrem Kern dieselbe, ob sie Noah, Abraham, Moses, Jesus oder</p>\n<p><em>Tafsīr</em> Al-Qur’<em>ān</em> <em>Al-Karīm</em> <em>Muḥ</em> ammad, <em>Allā</em> hs Segen und Friede auf ihnen allen, gegeben wurde. Der Ursprung bei allen Offenbarungen ist die bedingungslose Hingabe unter den Willen <em>Allā</em> hs (Islam) (vgl. 3:19, 85; 21:92; 23:52). Demnach ist <em>Muḥ</em> ammad (a.s.s.) nicht der Erfinder einer neuen Religion, sondern der Gesandte <em>Allā</em> hs und der letzte aller Propheten (vgl. 2:256; ferner den Titel: <strong>\"Was ist Islam?\"</strong>, Islamische Bibliothek).</p>",
    "timestamp": "2025-12-20T14:27:52.303336+00:00",
    "version": "1.0",
    "copyright": {
      "author": "Muhammad Ibn Ahmad Ibn Rassoul",
      "publisher": "IB Verlag Islamische Bibliothek",
      "edition": "41. Auflage",
      "title": "Tafsīr Al-Qur'ān Al-Karīm"
    }
  },
  {
    "key": "de_tafsir-al-azhar",
    "verse_key": "42:14",
    "verses": [
      "42:14"
    ],
    "text": "<p>Dies bezieht sich offensichtlich auf die Juden und die Christen und deren Anhänger (vgl. 14:9). Der Islam kam, um sie zur Einheit ihrer ursprünglichen Religionslehre zurückzubringen. Denn im fünften und sechsten Jahrhundert war die Welt zerspalten und befand sich am Rande des Zusammenbruchs (vgl. den Titel: <strong>\"<em>Muḥ</em> ammad, Prophet der Barmherzigkeit\"</strong>, Islamische Bibliothek; ferner 2:213; 10:19; 23:53). Zu diesem (Glauben) also rufe (sie) auf. Und bleibe aufrichtig, wie dir befohlen wurde, und folge ihren persönlichen Neigungen nicht, sondern sprich: ”Ich glaube an das, was <em>Allāh</em> an Buch herabgesandt hat, und mir ist befohlen worden, gerecht zwischen euch zu richten. <em>Allāh</em> ist unser Herr und euer Herr. Für uns unsere Werke und für euch eure Werke! Kein Beweisgrund ist zwischen uns und euch. <em>Allāh</em> wird uns zusammenbringen, und zu Ihm ist die Heimkehr.“ (42:15)</p>",
    "timestamp": "2025-12-20T14:27:52.303336+00:00",
    "version": "1.0",
    "copyright": {
      "author": "Muhammad Ibn Ahmad Ibn Rassoul",
      "publisher": "IB Verlag Islamische Bibliothek",
      "edition": "41. Auflage",
      "title": "Tafsīr Al-Qur'ān Al-Karīm"
    }
  },
  {
    "key": "de_tafsir-al-azhar",
    "verse_key": "42:15",
    "verses": [
      "42:15"
    ],
    "text": "<p>Aus dem in 42:14 (s. oben) erwähnten Grund soll nun unser Prophet <em>Muḥ</em> ammad, <em>Allā</em> hs Segen und Friede auf ihm, die Juden und Christen zu diesem, ihrem ursprünglichen Glauben aufrufen. Der Auttrag des Islam in diesem Vers ist ein so schöner Schritt für die Menschheit, um die Spaltung der Religionen zu beenden und Frieden unter den Angehörigen verschiedener Richtungen zu stiften. Wenn wir die christliche Verfolgung der Juden als <strong>\"Mörder des Herrn\"</strong> als Beispiel nehmen, stellen wir fest, dass die Befolgung des Qur’<em>ā</em> n eine Rettung für sie darstellt, weil dort steht, dass sie (die Juden) Jesus (a.s) weder getötet noch gekreuzigt haben (vgl. 4:157; ferner den Titel: <strong>\"Jesus, Sohn der Maria\"</strong>, Islamische Bibliothek). Und diejenigen, die über <em>Allāh</em> streiten, nachdem Er anerkannt worden ist, deren Beweisführung vor ihrem Herrn ist nichtig; auf ihnen ist Zorn, und ihnen wird eine strenge Strafe zuteil sein. (42:16) <em>Allāh</em> ist es, Der das Buch mit der Wahrheit und der Gerechtigkeit herabgesandt hat. Und wie kannst du es wissen: vielleicht steht die Stunde nahe bevor? (42:17) Diejenigen, die nicht an sie glauben, wünschen sie zu beschleunigen; die aber, die (an sie) glauben, haben Furcht vor ihr und wissen, dass es die Wahrheit ist. Wahrlich, diejenigen, die an der Stunde zweifeln, sind weit in die Irre (gegangen). (42:18) 42:16-18 - Diese Worte ergänzen die Aussage im obigen Vers 42:15. <em>Allā</em> h (t) ließ die Schrift mit zwei wesentlichen Komponenten herabkommen, um der Menschheit die Grundnormen für die Menschenrechte zu öffnen (vgl. 57:25). In diesem Vers wird die Wahrheit des herabgesandten Buches und dessen Gerechtigkeit in unmittelbaren Zusammenhang mit der Stunde gebracht; denn die Stunde ist der Zeitpunkt, wo Gerechtigkeit herrscht (vgl. 17:49-52 und die Anmerkung dazu). Die Götzendiener glauben jedoch nicht an das Jüngste Gericht und fordern sogar heraus, dies zu beschleunigen (vgl. 13:6). <em>Allāh</em> ist Gütig gegen Seine Diener. Er versorgt, wen Er will. Und Er ist der Starke, der Erhabene. (42:19) Dem, der die Ernte des Jenseits begehrt, vermehren Wir seine Ernte; und</p>\n<p><em>Tafsīr</em> Al-Qur’<em>ān</em> <em>Al-Karīm</em> dem, der die Ernte dieser Welt begehrt, geben Wir davon, doch am Jenseits wird er keinen Anteil haben. (42:20) Oder haben sie etwa Partner, die ihnen eine Glaubenslehre vorgeschrieben haben, die <em>Allāh</em> nicht verordnet hat? Und wäre es nicht bis zum Urteilsspruch aufgeschoben worden, wäre zwischen ihnen schon gerichtet worden. Und gewiss, den Frevlern wird eine schmerzliche Strafe zuteil sein. (42:21) Du wirst die Frevler in Furcht sehen wegen dem, was sie begangen haben, und es wird sicherlich auf sie hereinbrechen. Jene aber, die glauben und gute Werke tun, werden in den Paradiesgärten sein. Sie sollen bei ihrem Herrn alles finden, was sie begehren. Das ist die große Huld. (42:22)</p>",
    "timestamp": "2025-12-20T14:27:52.303336+00:00",
    "version": "1.0",
    "copyright": {
      "author": "Muhammad Ibn Ahmad Ibn Rassoul",
      "publisher": "IB Verlag Islamische Bibliothek",
      "edition": "41. Auflage",
      "title": "Tafsīr Al-Qur'ān Al-Karīm"
    }
  },
  {
    "key": "de_tafsir-al-azhar",
    "verse_key": "42:19",
    "verses": [
      "42:19"
    ],
    "text": "<p>All das, was in den vorangegangenen Versen erwähnt wurde entspringt der Güte <em>Allā</em> hs gegenüber Seinen Dienern. Damit sind nicht nur die Gläubigen gemeint, wie dies im Qur’<em>ā</em> n gewöhnlich verstanden wird, sondern auch alle Menschen insgesamt; denn <em>Allā</em> h (t) sorgt für alle Geschöpfe einschließlich Tiere (vgl. 12:100; 22:63-66 und die Anmerkung dazu). 42:20-22 - Was man sät, das erntet man. In diesem Versblock fragt der Qur’<em>ā</em> n die Widersacher höhnisch, wonach sie sich richten. Wer hat ihnen ihre Gesetze verordnet, die im Widerspruch zu allen herabgesandten Schriften stehen? Nur der Schöpfer, Der sie und das ganze Universum erschaffen hat, ist imstande, für sie die passenden Lebensregeln und die richtige Lebensanschauung zu erlassen. (ÜB) Nur so können sie in Harmonie mit der ganzen Schöpfung leben. (vgl. 2:38; 4:60; 5:87; 6:121; 9:31; 10:59; 13:6; 36:60 und die Anmerkung dazu). Dies ist es, wovon <em>Allāh</em> Seinen Dienern, die glauben und gute Werke tun, die frohe Botschaft gibt. Sprich: ”Ich verlange von euch keinen Lohn dafür, es sei denn die Liebe zu den Verwandten.“ Und dem, der eine gute Tat begeht, verschönern Wir sie noch. Wahrlich, <em>Allāh</em> ist Allverzeihend, Dankbar. (42:23) Oder sagen sie etwa: ”Er hat eine Lüge gegen <em>Allāh</em> ersonnen.“? Wenn <em>Allāh</em> so wollte, könnte Er dein Herz versiegeln. Doch <em>Allāh</em> löscht die Falschheit aus und bewahrt die Wahrheit durch Seine Worte. Wahrlich, Er weiß recht wohl, was in den Herzen ist. (42:24)</p>",
    "timestamp": "2025-12-20T14:27:52.303336+00:00",
    "version": "1.0",
    "copyright": {
      "author": "Muhammad Ibn Ahmad Ibn Rassoul",
      "publisher": "IB Verlag Islamische Bibliothek",
      "edition": "41. Auflage",
      "title": "Tafsīr Al-Qur'ān Al-Karīm"
    }
  },
  {
    "key": "de_tafsir-al-azhar",
    "verse_key": "42:23",
    "verses": [
      "42:23"
    ],
    "text": "<p>Dies soll der Prophet (a.s.s.) den heidnischen Arabern sagen. Für den Einsatz des Propheten zum Wohl der Menschen verlangt er keinen Lohn. Einige Kommentatoren verstehen unter <strong>\"Verwandten\"</strong> diejenigen, die dem Propheten (a.s.s.) nahestehen. Er sollte wenigstens das Recht haben zu verlangen, dass seine nächsten Angehörigen ihn nicht verfolgen und Hindernisse in seinen Weg legen, wie es sein Stamm, die <em>Banū</em> Quraiš in Makka, taten. Liebe zu den Verwandten kann aber auch im weitesten Sinne die Liebe zur gesamten Menschheit bedeuten; denn wir sind alle Geschwister und Kinder Adams. (ÜB) (vgl. 25:57; 35:29-30 und die Anmerkung dazu).</p>",
    "timestamp": "2025-12-20T14:27:52.303336+00:00",
    "version": "1.0",
    "copyright": {
      "author": "Muhammad Ibn Ahmad Ibn Rassoul",
      "publisher": "IB Verlag Islamische Bibliothek",
      "edition": "41. Auflage",
      "title": "Tafsīr Al-Qur'ān Al-Karīm"
    }
  },
  {
    "key": "de_tafsir-al-azhar",
    "verse_key": "42:24",
    "verses": [
      "42:24"
    ],
    "text": "<p>Diese Worte haben die heidnischen Araber über den Propheten (a.s.s.) gesprochen. Lügen dieser Art werden nur von denjenigen ersonnen, deren Herzen versiegelt sind (vgl. 10:82). Der Prophet wird hier aufgefordert, seine Aufgabe fortzusetzen und nicht auf ihre falschen Anschuldigungen zu achten. (vgl. 17:80, 81 und die Anmerkung dazu). Und Er ist es, Der Reue von Seinen Dienern annimmt und Sünden vergibt und weiß, was ihr tut. (42:25) Und Er erhört diejenigen, die gläubig sind und gute Werke tun, und gibt ihnen</p>\n<p><em>Tafsīr</em> Al-Qur’<em>ān</em> <em>Al-Karīm</em> noch mehr von Seiner Gnadenfülle; den Ungläubigen aber wird eine strenge Strafe zuteil sein. (42:26) Und wenn <em>Allāh</em> die Mittel zum Unterhalt für Seine Diener erweitern würde, so würden sie übermütig auf Erden sein; doch Er sendet (Seine Gaben) in dem Maße hinab, wie Er es will; denn Er kennt und durchschaut Seine Diener recht wohl. (42:27) Und Er ist es, Der den Regen hinabsendet, nachdem sie verzweifelten, und Seine Barmherzigkeit ausbreitet. Und Er ist der Beschützer, der Preiswürdige. (42:28)</p>",
    "timestamp": "2025-12-20T14:27:52.303336+00:00",
    "version": "1.0",
    "copyright": {
      "author": "Muhammad Ibn Ahmad Ibn Rassoul",
      "publisher": "IB Verlag Islamische Bibliothek",
      "edition": "41. Auflage",
      "title": "Tafsīr Al-Qur'ān Al-Karīm"
    }
  },
  {
    "key": "de_tafsir-al-azhar",
    "verse_key": "42:25",
    "verses": [
      "42:25"
    ],
    "text": "<p>Jedes Mal, wenn Vorwürfe gegen Übeltäter gemacht werden (vgl. oben 42:24), öffnet <em>Allā</em> h die Tore Seiner Barmherzigkeit, um die Möglichkeit zur Umkehr vom Irrtum zu geben, bevor es zu spät ist und das letzte Urteil gefällt wird. Denn Er allein ist Derjenige, Der Reue von Seinen Dienern annimmt und Sünden vergibt, und es gibt außer Ihm keinen, der dies tun kann. Mit dem Wort <strong>\"Diener\"</strong>, das im Qur’<em>ā</em> n gewöhnlich für <strong>\"Gläubige\"</strong> verwendet wird, steht hier ausnahmsweise für alle Menschen, Gläubige und Ungläubige zugleich, für die der Weg zur Reue geebnet ist. 42:26-28 - Hier finden wir die bekannte Parallele des Qur’<em>ā</em> n, in der jedes Mal, wenn die frohe Botschaft für die Gläubigen erwähnt wird, die Warnung an die Ungläubigen vor der strengen Strafe folgt. Die Erweiterung und Beschränkung der Mittel zum Unterhalt hat einen großen Sinn, den <em>Allā</em> h allein in Seiner Weisheit kennt. Auch das Herabsenden vom Regen gehört zu <em>Allā</em> hs Barmherzigkeit für Seine Geschöpfe auf Erden, nicht nur für die Menschen, sondern auch für alle Lebewesen, einschließlich Pflanzen und Tiere. Dies geschieht nach einem weisen göttlichen Plan. (vgl. 96:6; 102:1 und die Anmerkung dazu). Und zu Seinen Zeichen gehört die Schöpfung der Himmel und der Erde und jeglicher Lebewesen, die Er beiden eingegeben hat. Und Er hat die Macht dazu, sie allesamt zu versammeln, wenn Er will. (42:29) Und was euch an Unglück treffen mag, es erfolgt auf Grund dessen, was eure Hände gewirkt haben. Und Er vergibt vieles. (42:30) Und ihr könnt auf Erden nicht siegen, noch habt ihr einen Freund oder Helfer außer <em>Allāh</em>. (42:31)</p>",
    "timestamp": "2025-12-20T14:27:52.303336+00:00",
    "version": "1.0",
    "copyright": {
      "author": "Muhammad Ibn Ahmad Ibn Rassoul",
      "publisher": "IB Verlag Islamische Bibliothek",
      "edition": "41. Auflage",
      "title": "Tafsīr Al-Qur'ān Al-Karīm"
    }
  },
  {
    "key": "de_tafsir-al-azhar",
    "verse_key": "42:29",
    "verses": [
      "42:29"
    ],
    "text": "<p>In beiden, sowohl in den Himmeln als auch auf der Erde, sehen wir mit eigenen Augen die Allmacht ihres Schöpfers, Der nicht nur diese leblose Materie, sondern auch alle Lebewesen, die dieses gewaltige Universum bewohnen, erschaffen hat: Zahllose Schwärme von Vögeln, Bienen, Ameisen, Insekten, Bakterien und ähnlichem, über die nur <em>Allā</em> h (t) Kenntnis besitzt; ferner zahllose Arten von Fischen, Meerestieren, Vieh, Wildtieren, Menschen aller Rassen und Farben, die überall zerstreut sind, dazu noch unendlich viele uns unbekannte Lebewesen auf unserem und auf anderen Planeten. (ÜB) So wie Er die Macht hatte, sie zu verteilen, so hat Er auch die Macht, sie wieder zusammenzubringen. Deshalb darf man nicht - wie die heidnischen Arbaber - an die Auferstehung zweifeln, mit der die früheren und späteren Generationen zusammengebracht werden. (vgl. 2:164; 24:45 und die Anmerkung dazu). 42:30-31 - Was den Menschen immer trifft, ist sein Unglück und die Folge seiner eigenen Handlungen; er muss dafür die Verantwortung tragen und kann sie nicht anderen zur Last legen. Dieser, oft wiederkehrender Satz im Qur’<em>ā</em> n, ist eine Betonung für die bewusste Haltung des Menschen. Üble Handlungen und Worte müssen Folgen vor <em>Allā</em> h haben (vgl. 29:22). Und zu Seinen Zeichen gehören die wie Berge auf dem Meer fahrenden Schiffe. (42:32)</p>\n<p><em>Tafsīr</em> Al-Qur’<em>ān</em> <em>Al-Karīm</em> Wenn Er will, so kann Er den Wind stillhalten, so dass sie reglos auf seiner Oberfläche liegen - hierin sind wahrlich Zeichen für jeden Standhaften, Dankbaren (42:33); oder Er kann sie untergehen lassen um dessentwillen, was sie begangen haben - und Er vergibt vieles - (42:34), und damit jene, die über <em>Allāhs</em> Zeichen streiten, begreifen, dass sie keine Zuflucht haben. (42:35)</p>",
    "timestamp": "2025-12-20T14:27:52.303336+00:00",
    "version": "1.0",
    "copyright": {
      "author": "Muhammad Ibn Ahmad Ibn Rassoul",
      "publisher": "IB Verlag Islamische Bibliothek",
      "edition": "41. Auflage",
      "title": "Tafsīr Al-Qur'ān Al-Karīm"
    }
  },
  {
    "key": "de_tafsir-al-azhar",
    "verse_key": "42:32",
    "verses": [
      "42:32"
    ],
    "text": "<p>Die Aufzählung der Zeichen <em>Allā</em> hs (vgl. oben 42:29) wird hier fortgesetzt. Zu den verschiedenen Zeichen gehören auch die schweren Schiffe, die über dem weichen Wasser getragen werden. In unserer modernen Zeit sehen wir auch die schweren Flugzeuge, die in der Luft mit Lasten und einigen Hunderten von Passagieren wie Vögel schweben. Hierzu spielen Wasser und Wind eine wesentliche Rolle zum Segen der Menschheit und beide Elemente gehören zu den gewaltigen Zeichen <em>Allā</em> hs. Man darf nicht dagegen argumentieren, dass die Schiffe heutzutage mit Motoren getrieben werden und keinen Wind mehr benötigen; denn dies ist ein Irrtum, weil die Schiffbautechnik und alle Materialien, aus denen das Schiff gebaut wird, kommen aus den Dingen, die <em>Allā</em> h erschaffen hat. Dasselbe gilt für das Auto, das die Reit- und Lasttiere ersetzt. 42:33-35 - Auch ein Motorschiff ist nicht vor den Tücken der See sicher, und auch ein Flugzeug ist nicht immun gegen die Gefahren der Luft (vgl. oben 42:32 und die Anmerkung dazu). Denn, wenn <em>Allā</em> h will, so kann Er den Wind stillhalten, so dass die Schiffe reglos auf der Wasseroberfläche liegen. Dieses göttliche Gesetz gilt entsprechend für die Flugzeuge. Die Wissenschaftler haben festgestellt, dass die hochfliegenden Vögel in manchen Regionen wie ein Stein auf die Erde herabfallen, wenn der Wind unter ihren Flügeln aus irgendeinem Grund auch immer entzogen wird. Man spricht in einem solchen Fall von <strong>\"Luftlöchern\"</strong>, die auch eine Gefahr für Flugzeuge sind. (vgl. 7:46f.). Diese Worte wurden unter Bezugnahme auf die <em>Banū</em> Quraiš in Makka offenbart, die auch Schiffsreisen nach Afrika unternahmen und das Rote Meer überqueren mussten, das in der Regel stürmisch und voll von Felsen und Korallen ist, die eine große Gefahr für die Schifffahrt darstellen. (vgl. dazu 40:35). Was euch (auch) immer gegeben wird: es ist nur ein vorübergehender Genuss dieses irdischen Lebens, und das, was bei <em>Allāh</em> ist, ist besser und dauerhafter für jene, die glauben und auf ihren Herrn vertrauen (42:36), und (für jene, die) die schwersten Sünden und Schändlichkeiten meiden und, wenn sie zornig sind, vergeben (42:37), und (für jene) die auf ihren Herrn hören und das Gebet verrichten und deren Handlungsweise (eine Sache) gegenseitiger Beratung ist, und die von dem spenden, was Wir ihnen gegeben haben (42:38), und (für jene) die sich wehren, wenn ihnen Gewalt angetan wird. (42:39)</p>",
    "timestamp": "2025-12-20T14:27:52.303336+00:00",
    "version": "1.0",
    "copyright": {
      "author": "Muhammad Ibn Ahmad Ibn Rassoul",
      "publisher": "IB Verlag Islamische Bibliothek",
      "edition": "41. Auflage",
      "title": "Tafsīr Al-Qur'ān Al-Karīm"
    }
  },
  {
    "key": "de_tafsir-al-azhar",
    "verse_key": "42:36",
    "verses": [
      "42:36"
    ],
    "text": "<p>Wenn einem Menschen materieller Reichtum zur Verfügung steht, dann nur für einen begrenzten Zeitraum, dann verlässt er mit leeren Händen die Welt. Das Sprichwort <strong>\"Das Totenhemd hat keine Taschen\"</strong> ist ohne Zweifel eine sinnvolle Ermahnung.</p>",
    "timestamp": "2025-12-20T14:27:52.303336+00:00",
    "version": "1.0",
    "copyright": {
      "author": "Muhammad Ibn Ahmad Ibn Rassoul",
      "publisher": "IB Verlag Islamische Bibliothek",
      "edition": "41. Auflage",
      "title": "Tafsīr Al-Qur'ān Al-Karīm"
    }
  },
  {
    "key": "de_tafsir-al-azhar",
    "verse_key": "41:53",
    "verses": [
      "41:53"
    ],
    "text": "<p>Zu diesem Satz: <strong>\"Wir werden sie Unsere Zeichen überall auf Erden und an ihnen selbst sehen lassen\"</strong> ist z.B. noch folgendes zu bemerken: Heute ist die Bionik längst ein anerkannter Wissenschaftsbereich: Tausende Erfindungen hat diese Wissenschaft schon hervorgebracht. Der Holzwurm und der Tunnel unter der Themse. Von der Natur abzuschauen macht Sinn. Tiere und Pflanzen haben im laufe von Millionen Jahren perfekte Anpassungen an ihre Umwelt vollzogen. Nur das, was zum Überleben nützlich war, konnte sich durchsetzen. Auf diese Weise hat die natürliche Konkurrenz immer funktionellere und raffiniertere Verbesserungen hervorgebracht. Schon früh nützten Wissenschaftler die Methoden der Bionik. So ließ sich der Brite Marc Brunel Anfang des 19. Jahrhunderts durch die Bohrorgane von Holzwürmern inspirieren, mit dem diese selbst härteste Hölzer durchbohren. Seine Technik einer Gesteinsvortriebsmaschine nach Vorbild des Holzwurms ermöglichte die Grabung des ersten Tunnels unter der Themse (1825-41). Der Ingenieur Georges de Mestral konzipierte 1951 ein revolutionäres Verschlusssystem: den Klettverschluss. Sein Vorbild war die Klettfrucht der Distel. Die winzigen Haken des Klettverschlusses verhaken sich genauso mit den Schleifen des Gegenstücks wie die achtmal kleineren Häkchen der Kletten im Fell von Tieren und der Kleidung von Spaziergängern. Besonders viele Naturvorbilder gibt es im High-Tech-Sektor Fliegen. Gäbe es heute überhaupt Flugzeuge, Hubschrauber, Drachen- und Gleitfluggeräte, wenn wir nicht täglich Vögel, Blätter und Samen durch die Lüfte schweben sahen? Hubschrauber beispielsweise verwenden das Flugprinzip von Ahornsamen und Libellen: Drachen- und Segelflieger nützen die Auftriebkräfte der Winde, so wie es die Gleitsamen zahlreicher Pflanzen tun. Clement Ader war der erste Mensch, dem es gelang, mit einer motorisierten Maschine vom Boden abzuheben. Mit einem Fluggerät, dessen Form einer Fledermaus ähnelte, flog er etwa 50 Meter weit. Erfolgreicher war Otto Lilienthal, dessen Gleitflieger ebenfalls Fledermäuse imitierten. Sein Bruder Gustav kopierte indessen mit einem Schlagflügel-Flugzeug das Flugprinzip von Vögeln. Die Vorbilder für die Rumpform moderner Verkehrsflugzeuge schwimmen im Wasser und sind bekannt für ihre Schnelligkeit und Wendigkeit. Delphine haben eine besonders strömungsgünstige Körperform, die als Vorbild für die aerodynamische Außenform von Flugzeugen dienten. Ihre Nase wurde auch zum Vorbild für den Bug von Tankern, und nach dem Modell der reibungsarmen Delphinhaut wurde eine Spezialhülle entwickelt, mit der Schnellboote um fast 30 Prozent schneller werden konnen. Viele Ideen für Ingenieure schwimmen im Meer: Haie lieferten das Modell für die Konstruktion einer Kunststofffolie, durch die der Luftwiderstand von Flugzeugen gesenkt werden kann. Die Oberfläche ihrer Haut ist mit Schuppen überzogen, die eine Umströmung des Wassers erleichtern. Werden Airbus-Flieger mit einer künstlichen <strong>\"Hai-Haut\"</strong> überzogen, brauchen sie erheblich weniger Treibstoff. Viele Formen und Konstruktionen der Natur haben Architekten zu Ideen angeregt. So sind Bienenwaben ein Paradebeispiel dafür, wie man mit möglichst wenig</p>\n<p><em>Tafsīr</em> Al-Qur’<em>ān</em> <em>Al-Karīm</em> Baumaterial eine stabile Struktur erzeugen kann. Die Wabenstruktur wird bei Kuppeln ebenso genutzt wie als Struktur für Kartone, Verbundmaterialien, Karosserien, Verkehrsreflektoren und Lautsprechermembranen. Wer einmal versucht hat, eine Auster zu knacken, weiß, wie stabil ein Muschelgehäuse sein kann. Die Stabilität der Jakobsmuschel wird durch die Wellenform ihres Gehäuses erzeugt. Da wellenförmige Materialien mehr Belastung aushalten, wird dieses Prinzip für Kuppeldächer ebenso angewandt wie für Wellblech-Konstruktionen. Sehr stabil sind auch die Stacheln von Igeln. Ihnen wurden moderne Träger-Konstruktionen (z.B. Pylon-Träger) nachempfunden. Warum kann eine Schlange einen Fels oder Stein nach oben schlangeln, ohne abzurutschen? Die Schuppen ihrer Haut sind so angeordnet, dass ein Gleiten in die eine Richtung erleichtert und in die andere erschwert wird. Sie besitzen also eine Art Schuppenbremse, die sie vor dem Zuruckrutschen schützt. Eine von der Schlangenhaut abgeleitete Klebefolie wird heute zur Beschichtung von Langlaufskiern verwendet und verschafft Skifahrern das Gleitgefühl einer Kobra. Auch Bäume dienen als Vorbilder für technische Innovationen. So fragten sich Wissenschaftler des Karlsruher Kernforschungszentrums, warum große Bäume bei starken Winden viel seltener abbrechen als Hochspannungsmasten. Das Ergebnis ihrer computerberechneten Studie: Das Geheimnis der Stabilitat von Bäumen liegt in der Spannungsverteilung. An den Stellen, die besonderen Belastungen ausgesetzt sind, werden dickere Jahresringe aufgebaut und so die Spannung auf mehr Holz verteilt. Deshalb sind die Stämme von großen Bäumen so dick. Fährt der Wind oben durch die Kronen, wirken die höchsten Belastungen am Stamm. Praktischer Ausfluss dieser Erkenntnisse: Mehr als 300 Bauteile, von der Kurbelwelle bis zur Dachstrebe, wurden von den Wissenschaftlern des Forschungszentrums bisher optimiert. Man musste nur ihre Form leicht nach Baum-Vorbild korrigieren. (Apotheken Umschau 9/97) Das große Buch der Bionik von Werner Nachtigall und Kurt G. Büchel beschreibt u.a. Techniken, die sich an der Schöpfung <em>Allā</em> hs orientieren. Dort erfährt man, dass auch auf die Hai- Schuppen haben sich findige Ingenieure besonnen, etwa bei Flugzeugen, die mit haiähnlichen Folien bezogen werden - um der Aerodynamik willen. (vgl. ferner KStA Nr. 292 vom 16. Dezember 2000). 41:52-54 - Zum Ende dieser segensreichen Sura soll - sowohl der Prophet (a.s.s.) als auch jeder andere Muslim - diese Bekanntmachung von höchstrangiger Wichtigkeit zu den Leuten sprechen, die sich von der Botschaft des Qur’<em>ā</em> n mit den in 41:4-5 wiedergegebenen Worten abwenden (vgl. ferner 2:176 und die Anmerkung dazu). <em>Allā</em> hs Versprechen hat sich bewahrheitet: Die Gefährten des Propheten (a.s.s.) und viele andere Menschen wurden seit mehr als 14 Jahrunderten führende Vorbilder für die Menschheit. Die primitive Stadt Yaṯ rib, 480 km nördlich von Makka, wurde nach der Auswanderung des Propheten <em>Muḥ</em> ammad, <em>Allā</em> hs Segen und Friede auf ihm, vom Brennpunkt verfeindeter Stämme und zerstrittener Parteien zum modernen Stadt-Staat von Al- <em>Madī</em> na, zum Zentrum der Brüderlichkeit und der Nächstenliebe und zur Wiege des Glaubens, der Kultur und der Wissenschaft, die überall in der Welt von Spanien bis China ihre Anerkennung fanden. Ende der Sura 41</p>\n<p><em>Tafsīr</em> Al-Qur’<em>ān</em> <em>Al-Karīm</em> (42) Sura Aš - Šūr <em>ā</em> (Die Beratung) (offenbart zu Makka) 53 <em>Ā</em> y <em>ā</em> t Das hier behandelte Thema zeigt, wie Böses und üble Aussage durch die Gnade und Rechtleitung <em>Allā</em> hs, die durch Seine Offenbarung kommt, geheilt werden kann. Die Menschen werden aufgefordert, ihre Unstimmigkeiten mit Geduld und durch Beratung untereinander zu regeln. <strong>\"Aš - Šūra\"</strong> bedeutet <strong>\"die gegenseitige Beratung\"</strong>. Wahre Eingebung kommt von <em>Allā</em> h, dem Allweisen. Alles in den Himmeln und auf Erden gehört Ihm. Trotzdem beten Menschen falsche Götter an. Die von <em>Allā</em> h angenommene Religion war immer <strong>\"die Hingabe\"</strong> an <em>Allā</em> h, der Islam, und wird es immer sein. Er befiehlt uns, beständig in der Religion zu sein, und keine Teilung in ihr zu verursachen. Nur Egoismus und Eifersucht verursachen die Teilung. Alle Uneinigkeit soll gestoppt werden, und die Menschen sollen zu <em>Allā</em> hs Lehre zurückkehren und die Urteile des Gesandten <em>Allā</em> hs, <em>Allā</em> hs Segen und Friede auf ihm, akzeptieren. <em>Allā</em> hs Urteil, das Rechte und Unrechte betreffend, wird letztendlich kommen. <em>Allā</em> hs Gnade und Fürsorge für uns, kann in Seiner Schöpfung klar gesehen werden. Unglück überkommt uns, aufgrund unserer eigenen schlechten Taten, und für viele von uns garantiert Er Vergebung. <em>Allā</em> hs Plan wird immer ausgeführt werden. Die Annehmlichkeiten und Bequemlichkeiten von diesem Leben sind nur vorübergehend, aber das, was bei <em>Allā</em> h ist, ist besser und dauerhafter. Tue Gutes und meide Falsches. Die Rechtleitung - als <em>Allā</em> hs Gnade an uns - kommt mit der Offenbarung herab. Im Namen <em>Allāhs</em>, des Allerbarmers, des Barmherzigen! <em>Ḥā</em> <em>Mī</em> m. (42:1) ‘Ain <em>Sī</em> n <em>Qā</em> f. (42:2) So offenbart <em>Allāh</em>, der Erhabene, der Allweise, dir und denen, die vor dir waren. (42:3) Sein ist, was in den Himmeln und was auf Erden ist, und Er ist der Allerhöchste, der Allmächtige. (42:4) Fast neigen sich die Himmel, um von oben her zu brechen, (so) auch (wenn) die Engel ihren Herrn mit Seiner Lobpreisung verherrlichen und Vergebung für die auf Erden erflehen. Siehe, <em>Allāh</em> ist wahrlich der Vergebende, der Barmherzige. (42:5) Und jene, die sich Beschützer außer Ihm nehmen - <em>Allāh</em> gibt auf sie Acht; und du bist nicht ihr Wächter. (42:6) 42:1-2 - Über die Bedeutung dieser arabischen Buchstaben vgl. Erläuterung der Termini (s.u. <strong>\"Alif\"</strong>). Die Buchstabengruppe des Verses 2 bildet eine Ausnahme zu allen anderen Suren, die ihren Tenor im ersten Vers mit den Buchstaben des arabischen Alphabets haben. 42:3-4 - Diese Offenbarung ist, unabhängig vom Zeitalter und von der Person der Propheten, im Wesentlichen dieselbe, die zu <em>Muḥ</em> ammad, <em>Allā</em> hs Segen und Friede auf ihm, niederkam. Aus dem Stil dieses einleitenden Verses wird deutlich, dass er vor einem Hintergrund von Misstrauen, Verwunderung und Erstaunen offenbart wurde, die in allen Versammlungen, in jedem Haus und auf den Straßen von Makka zum Ausdruck kamen. Alle Gesandten <em>Allā</em> hs, denen Seine Offenbarung zuteil wurde, bilden samt ihren Anhängern eine einzige Gemeinschaft, die dem</p>\n<p><em>Tafsīr</em> Al-Qur’<em>ān</em> <em>Al-Karīm</em> Wesen nach gleich bleibt, weil sie alle vom gleichen Schöpfer rechtgeleitet werden. Die Offenbarung ist voller Kraft und Weisheit, und diese beiden Eigenschaften entstammen der Kraft und Weisheit <em>Allā</em> hs. (ÜB)</p>",
    "timestamp": "2025-12-20T14:27:52.303336+00:00",
    "version": "1.0",
    "copyright": {
      "author": "Muhammad Ibn Ahmad Ibn Rassoul",
      "publisher": "IB Verlag Islamische Bibliothek",
      "edition": "41. Auflage",
      "title": "Tafsīr Al-Qur'ān Al-Karīm"
    }
  }
]