[
  {
    "key": "de_tafsir-al-azhar",
    "verse_key": "92:1",
    "verses": [
      "92:1"
    ],
    "text": "<h2>Sura Al-Lail (Die Nacht)</h2>\n<p><em>(offenbart zu Makka)</em></p>\n<p><em>0 Āyāt</em></p>\n<p>(offenbart zu Makka) 21 <em>Ā</em> y <em>ā</em> t Wenn wir <em>Allā</em> hs Schöpfung betrachten, entdecken wir viele Geheimnisse, Unterschiede und Ggensätze; z.B. der Unterschied zwischen Tag und Nacht, männlich und weiblich. Ebenso stehen dem Menschen zwei Wege offen: der Gute und der Schlechte. Derjenige, der <em>Allā</em> hs Botschaft folgt, wird zufrieden sein, der andere wird es bedauern. <em>Allā</em> hs Rechtleitung ist immer da. Im Namen <em>Allāhs</em>, des Allerbarmers, des Barmherzigen! Bei der Nacht, wenn sie zudeckt (92:1), und beim Tage, wenn er erstrahlt (92:2), und bei Dem, Der das Männliche und das Weibliche erschaffen hat! (92:3) Wahrlich, euer Eifer ist verschieden. (92:4) Jener aber, der gibt und gottesfürchtig ist (92:5) und an das Beste glaubt (92:6), dem wollen Wir den Weg zum Heil leicht machen. (92:7) Jener aber, der geizt und gleichgültig ist (92:8) und das Beste leugnet (92:9), dem wollen Wir den Weg zur Drangsal leicht machen. (92:10) Und sein Vermögen soll ihm nichts nützen, wenn er zugrunde geht. (92:11)</p>\n<p>Dieser Art von Schwur begegnen wir desöfteren im Qur’<em>ā</em> n. <em>Allā</em> h (t) schwört hier bei Seinen erschaffenen Dingen und ihren Erscheinungsformen, die wir Menschen vor eigenen Augen sehen und bestätigen können. Diese Art von Schwur steht <em>Allā</em> h (t) allein zu und wir Menschen dürfen sie nicht in unseren Schwüren anwenden; denn, wenn wir schwüren, sollen wir dies nur <strong>\"bei <em>Allā</em> h\"</strong> tun oder ganz unterlassen, was eigentlich empfehlenswert ist. In diesem Vers ist die Rede von der Nacht, die wie ein Schleier alle Gegenstände umhüllt.</p>",
    "timestamp": "2025-12-20T14:27:52.303336+00:00",
    "version": "1.0",
    "copyright": {
      "author": "Muhammad Ibn Ahmad Ibn Rassoul",
      "publisher": "IB Verlag Islamische Bibliothek",
      "edition": "41. Auflage",
      "title": "Tafsīr Al-Qur'ān Al-Karīm"
    }
  },
  {
    "key": "de_tafsir-al-azhar",
    "verse_key": "92:2",
    "verses": [
      "92:2"
    ],
    "text": "<p>Der Schwur in diesem Vers erfolgt beim Tag, dessen Licht die Dunkelheit der Nacht (vgl. oben 92:1) verdrängt und alles, was zuvor im Schleier der Dunkelheit <strong>\"eingewickelt\"</strong> war, zum vorschein bringt.</p>",
    "timestamp": "2025-12-20T14:27:52.303336+00:00",
    "version": "1.0",
    "copyright": {
      "author": "Muhammad Ibn Ahmad Ibn Rassoul",
      "publisher": "IB Verlag Islamische Bibliothek",
      "edition": "41. Auflage",
      "title": "Tafsīr Al-Qur'ān Al-Karīm"
    }
  },
  {
    "key": "de_tafsir-al-azhar",
    "verse_key": "92:3",
    "verses": [
      "92:3"
    ],
    "text": "<p>Hier liegt der Hinweis darauf, dass <em>Allā</em> h (t) alle Lebewesen paarweise erschaffen hat, die sich durch natürliche Vemehrung eines Männlichen und Weiblichen fortpflanzen.</p>",
    "timestamp": "2025-12-20T14:27:52.303336+00:00",
    "version": "1.0",
    "copyright": {
      "author": "Muhammad Ibn Ahmad Ibn Rassoul",
      "publisher": "IB Verlag Islamische Bibliothek",
      "edition": "41. Auflage",
      "title": "Tafsīr Al-Qur'ān Al-Karīm"
    }
  },
  {
    "key": "de_tafsir-al-azhar",
    "verse_key": "92:4",
    "verses": [
      "92:4"
    ],
    "text": "<p>Ziele und Bestrebungen der Menschen sind grundverschieden, damit sie aufeinander angwiesen bleiben und das soziale Gefüge in der menschlichen Gesellschaft verwirklichen. Die verschiedenheit der Berufe und des Erwerbs zeigen, dass die Menschen einander brauchen und dass sie nicht isoliert von einander leben können. Es gibt demnach keinen Menschen, der alle Bedürfnisse des Lebens allein befriedigen kann; er kann nicht einmal sein Haar korrekt schneiden und ein Dachdecker sucht den Zahnarzt unter Qual seiner Zahnschmerzen auf. Wenn das Regenwasser aber durch die Decke des Behandlungszimmers in der Praxis des Zahnarzts durchsickert, so ruft der Arzt verzweifelt den Dachdecker an, und bittet ihn dringend um Hilfe, eine Hand wäscht die andere, wie unser Prophet (a.s.s.) dies vor mehr als 1400 Jahren gesagt hat und fast in allen Sprachen der Welt sprichwörtlich geworden ist.</p>\n<p><em>Tafsīr</em> Al-Qur’<em>ān</em> <em>Al-Karīm</em> 92:5-10 - Unter all den genannten Umständen des verschiedenen Eifers (vgl. oben 92:4 und die Anmerkung dazu) muss man vor Augen halten, dass Erfolg und Heil in allen Lebensphasen davon abhängen, ob man in all seinen Bestrebungen gottesfürchtig ist. Dies wird sich zeigen an seiner Hand, seiner Zunge, seinen Bewegungen, seiner Arbeit und seinen Ansichten. Er wird es leicht haben mit sich selbst und mit anderen. ‘<em>Ā</em> ’iš a (r) berichtete: ”Wenn der Prophet (a.s.s.) vor der Wahl zwischen zwei erlaubten Dingen stand, dann entschied er sich stets für die leichtere davon.“ (Bu, Mu) (vgl. oben 87:8 und die Anmerkung dazu).</p>",
    "timestamp": "2025-12-20T14:27:52.303336+00:00",
    "version": "1.0",
    "copyright": {
      "author": "Muhammad Ibn Ahmad Ibn Rassoul",
      "publisher": "IB Verlag Islamische Bibliothek",
      "edition": "41. Auflage",
      "title": "Tafsīr Al-Qur'ān Al-Karīm"
    }
  },
  {
    "key": "de_tafsir-al-azhar",
    "verse_key": "92:11",
    "verses": [
      "92:11"
    ],
    "text": "<p>Der schlechte Mensch hat vor allem drei Merkmale: In seinem Geiz verweigert er anderen, was ihnen zusteht. Er ist hochmütig und meint, er sei sich selbst genügend. Er tritt wissentlich die Wahrheit mit Füßen und sieht in seiner Boshaftigkeit Hässliches, wo in Wirklichkeit Schönes ist. Der Weg nach unten beschleunigt sich bei solchen Menschen immer mehr und kann nur im Elend enden. (ÜB) Wahrlich, Uns obliegt die Rechtleitung. (92:12) Und Uns gehört das Jenseits und das Diesseits (92:13); darum warne Ich euch vor einem lodernden Feuer (92:14), in dem nur derjenige brennen wird, der unselig ist (92:15), der da leugnet und den Rücken kehrt. (92:16) Geschont von ihm wird derjenige sein, der gottesfürchtig ist (92:17), der sein Vermögen hergibt, um sich zu reinigen (92:18), und nicht als Gegenleistung für erhaltene Gabe (92:19), sondern im Streben nach dem Wohlgefallen seines Herrn, des Allerhöchsten. (92:20) Und er wird wohlzufrieden sein. (92:21) 92:12-16 - <em>Allā</em> h (t) spricht hier über Sich Selbst mit dem <strong>\"pluralis majestatis\"</strong>, um zu betonen, dass alles in Seiner Hand ist: sowohl die Führung als auch das Eigentumsrecht an allen Dingen im Diesseits und im Jenseits. Nach der Erwähnung dieser Tatsache, folgt die Warnung vor der Bestrafung im Höllenfeuer, die Er für diejenigen bereithält, die Ihn leugnen und den Rücken vor der Wahrheit kehren.</p>",
    "timestamp": "2025-12-20T14:27:52.303336+00:00",
    "version": "1.0",
    "copyright": {
      "author": "Muhammad Ibn Ahmad Ibn Rassoul",
      "publisher": "IB Verlag Islamische Bibliothek",
      "edition": "41. Auflage",
      "title": "Tafsīr Al-Qur'ān Al-Karīm"
    }
  },
  {
    "key": "de_tafsir-al-azhar",
    "verse_key": "91:15",
    "verses": [
      "91:15"
    ],
    "text": "<p>Dies ist der letzte Vers, in dem eine eindrucksvolle Aussage des Schöpfers am Ende dieser schönen Sura steht. Was die Menschen anbelangt, so könnten sie eine solche Vernichtung und deren Folgen fürchten, weil man gewöhnlich mit einer Vergeltung oder einer Aufforderung zur Wiedergutmachung rechnen muss. <strong>\"Er\"</strong>, <em>Allāh</em> (t), hat aber die völlige Vernichtung der Ṯamūd beschlossen und <strong>\"fürchtet die Folgen nicht\"</strong>; denn es gibt keinen, der Ihn zur Rechenschaft ziehen kann. (vgl. 27:45 und die Anmerkung dazu). Gepriesen sei Er, Der die Macht über alle Dinge hat. Ende der Sura 91 Und ein Zeichen ist ihnen die Nacht. Wir entziehen ihr das Tageslicht, und siehe, sie sind in Finsternis. (36) Sura <em>Yā</em> <em>Sī</em> n, Vers 37</p>\n<p><em>Tafsīr</em> Al-Qur’<em>ān</em> <em>Al-Karīm</em> (92) Sura Al-Lail (Die Nacht) (offenbart zu Makka) 21 <em>Ā</em> y <em>ā</em> t Wenn wir <em>Allā</em> hs Schöpfung betrachten, entdecken wir viele Geheimnisse, Unterschiede und Ggensätze; z.B. der Unterschied zwischen Tag und Nacht, männlich und weiblich. Ebenso stehen dem Menschen zwei Wege offen: der Gute und der Schlechte. Derjenige, der <em>Allā</em> hs Botschaft folgt, wird zufrieden sein, der andere wird es bedauern. <em>Allā</em> hs Rechtleitung ist immer da. Im Namen <em>Allāhs</em>, des Allerbarmers, des Barmherzigen! Bei der Nacht, wenn sie zudeckt (92:1), und beim Tage, wenn er erstrahlt (92:2), und bei Dem, Der das Männliche und das Weibliche erschaffen hat! (92:3) Wahrlich, euer Eifer ist verschieden. (92:4) Jener aber, der gibt und gottesfürchtig ist (92:5) und an das Beste glaubt (92:6), dem wollen Wir den Weg zum Heil leicht machen. (92:7) Jener aber, der geizt und gleichgültig ist (92:8) und das Beste leugnet (92:9), dem wollen Wir den Weg zur Drangsal leicht machen. (92:10) Und sein Vermögen soll ihm nichts nützen, wenn er zugrunde geht. (92:11)</p>",
    "timestamp": "2025-12-20T14:27:52.303336+00:00",
    "version": "1.0",
    "copyright": {
      "author": "Muhammad Ibn Ahmad Ibn Rassoul",
      "publisher": "IB Verlag Islamische Bibliothek",
      "edition": "41. Auflage",
      "title": "Tafsīr Al-Qur'ān Al-Karīm"
    }
  }
]