[
  {
    "key": "de_tafsir-al-azhar",
    "verse_key": "27:1",
    "verses": [
      "27:1"
    ],
    "text": "<h2>Sura An-Naml (Die Ameisen)</h2>\n<p><em>(offenbart zu Makka)</em></p>\n<p><em>0 Āyāt</em></p>\n<p>(offenbart zu Makka) 93 <em>Ā</em> y <em>ā</em> t Hier handelt es sich um die große Bedeutung von Wundern in Bezug auf unsere materielle Welt. In der Geschichte von Moses (a.s.) ging es um das Handeln unter Beweismacht <em>Allā</em> hs. Als Moses seine Hand an seine Seite drückte, schien sie hell. Aber das bedeutet ebenso, dass seine Hand ohne jeden Schaden gesund geblieben war, d.h. sie war zu einem reinen und leuchtenden Gegenstand geworden, stark genug, um <em>Allā</em> hs Befehl auszuführen. Und sogar sein Stock konnte in eine Schlange verwandelt werden, um ihn zu verteidigen. Die Geschichte von Salomo (a.s.) zeigte, wie er die Sprache der Vögel beherrschte, so dass er mit ihnen kommunizieren konnte. Es ist offensichtlich, dass sie nicht miteinander sprachen, aber Kommunikation bestand durch <em>Allā</em> hs Macht unter ihnen. Er hielt sowohl die <em>Ǧ</em> inn, als auch Menschen und Vögel in Reih und Glied, was ebenso zwei andere Dinge bedeutet: All seine Fähigkeiten, Beschäftigungen, Intelligenz usw. wurden durch seine Gerechtigkeit und Disziplin gut beherrscht. Er hatte viele Befugnisse von <em>Allā</em> h, darunter die Verständigung mit Vögeln und Tieren. Er war weise und <em>Allā</em> h ergeben. Er nützte all diese Gaben <em>Allā</em> hs korrekt, so als wären sie eine gute disziplinierte Armee im Einsatz, um die bestmöglichen Ergebnisse zu erzielen. <em>Allā</em> hs Offenbarung ist wunderbar, so wie das Feuer, das Moses (a.s.) anzog. Gegen Salomo (a.s.) konnte eine weise Ameise sich behaupten als sie vor ihm in ihre Behausung flüchtete. Ein Vogel diente ihm. Die Königin von Saba’ hatte ein wunderbares Königreich; sie erkannte aber, dass es sehr gering war im Vergleich zu <em>Allā</em> hs Königreich. So ergab sie sich, gemeinsam mit Salomo, dem Herrn der Welten und wurde eine</p>\n<p><em>Tafsīr</em> Al-Qur’<em>ān</em> <em>Al-Karīm</em> Muslima. Narren betrachten <em>Allā</em> hs Bestrafung eher als Pech. <em>Allā</em> hs Herrlichkeit regiert alles auf wunderbare Weise. Untreue wurde durch Treue besiegt; deshalb folge <em>Allā</em> hs Botschaft. Diene Ihm und vertraue Ihm. Im Namen <em>Allāhs</em>, des Allerbarmers, des Barmherzigen! <em>Ṭā</em> <em>Sī</em> n . Dies sind die Verse des Qur’<em>ā</em> n - eines deutlichen Buches. (27:1) (Es ist) eine Führung und frohe Botschaft für die, die glauben (27:2), das Gebet verrichten und die <em>Zakā</em> h entrichten und fest mit dem Jenseits rechnen. (27:3) Denjenigen aber, die nicht an das Jenseits glauben, haben Wir ihre Werke schön erscheinen lassen; so wandern sie nur in Verwirrung (umher). (27:4) Das sind die, derer eine schlimme Strafe harrt, und sie allein sind es, die im Jenseits die größten Verlierer sind. (27:5) Und wahrlich, du empfängst den Qur’<em>ā</em> n von einem Allweisen, Allwissenden. (27:6)</p>\n<p>Über die Bedeutung dieser arabischen Buchstaben vgl. Erläuterung der Termini (s.u. <strong>\"Alif\"</strong>). Die Deutlichkeit dieses Buches besteht darin, dass es unmissverständlich Lehren, Gebote und Verbote erläutert und an verschiedenen Stellen wiederholt, dass der Leser sie alle ohne Versehen und Übersehen erfasst. (s. die Einleitung zu diesem Buch und vgl. ferner 12:1 und die Anmerkung dazu). 27:2-3 - Die Offenbarung des Qur’<em>ā</em> n ergießt die frohe Botschaft in die Herzen der Menschen, die an <em>Allā</em> h glauben und Seine Gebote einhalten, zu denen das Verrichten des Gebets und das Entrichten der <em>Zakā</em> h gehören. Ferner rechnen sie fest mit dem Jenseits; denn die Erwartung eines Gerichts hält sie davon ab, ihren Begierden und Launen nachzulaufen. Der Glaube an das zukünftige Leben wird hier besonders erwähnt, weil es ohne diesen nicht möglich ist, dem Weg des Qur’<em>ā</em> n zu folgen. (vgl. dazu den Titel: <strong>\"Was ist Islam?\"</strong>, Islamische Bibliothek; ferner 2:43 und die Anmerkung dazu). 27:4-5 - Hier erfolgt das Gegenstück zu 27:2-3 (vgl. die Anmerkung dazu). Die eigene Begierde erscheint denjenigen, die nicht an das Jenseits glauben, immer wieder als schön und anziehend. Dadurch können sie das Übel ihrer Taten nicht sehen und die Richtigkeit nicht erkennen. (vgl. dazu den Titel: <strong>\"Was ist Islam?\"</strong>, Islamische Bibliothek). Dieser Zustand erzeugt Blindheit und Taubheit. Die angedrohte Strafe trifft bestimmte Personen, Gruppen oder Völker in diesem Leben auf verschiedene Weise: Einen Teil davon erfahren die Bösen auch, wenn sie diese Welt verlassen sowie im Zwischenstadium zwischen Tod und Auferstehung. Nach der Auferstehung jedoch wird sie endgültig. (ÜB) (vgl. 2:7 und die Anmerkung dazu).</p>",
    "timestamp": "2025-12-20T14:27:52.303336+00:00",
    "version": "1.0",
    "copyright": {
      "author": "Muhammad Ibn Ahmad Ibn Rassoul",
      "publisher": "IB Verlag Islamische Bibliothek",
      "edition": "41. Auflage",
      "title": "Tafsīr Al-Qur'ān Al-Karīm"
    }
  },
  {
    "key": "de_tafsir-al-azhar",
    "verse_key": "27:6",
    "verses": [
      "27:6"
    ],
    "text": "<p>Mit diesem Vers wird der Prophet (a.s.s.) angesprochen. Ihm wird bekräftigt, dass die Botschaft des Qur’<em>ā</em> n, die er empfängt, mit Sicherheit eine reine göttliche Offenbarung <em>Allā</em> hs ist, Der alles mit Weisheit und makellosem Wissen geschehen lässt. Diese Tatsache zeigt sich deutlich in diesem Qur’<em>ā</em> n - nicht nur in seinen Geboten und Anweisungen, sondern auch in der Terminierung, d.h. der Offenbarung zur rechten Zeit, seine Aufeinanderfolge und der Anordnung seiner Abhandlungen.</p>\n<p><em>Tafsīr</em> Al-Qur’<em>ān</em> <em>Al-Karīm</em> (Gedenke der Zeit) als Moses zu seinen Angehörigen sagte: ”Ich habe ein Feuer wahrgenommen. Ich will euch von dort Kunde bringen, oder ich will euch eine brennende Glut herbeischaffen, auf dass ihr euch wärmen mögt.“ (27:7) Und als er zu ihm kam, wurde gerufen: ”Gesegnet soll der sein, der im Feuerbereich ist und der, der sich in seiner Nähe befindet; und gepriesen sei <em>Allāh</em>, der Herr der Welten!“ (27:8) ”O Moses, Ich bin <em>Allāh</em>, der Erhabene, der Allweise. (27:9) Und wirf deinen Stock hin.“ Doch als er ihn sich regen sah, als wäre er eine Riesenschlange, da wandte er sich zur Flucht und schaute nicht zurück. ”O Moses, fürchte dich nicht. Wahrlich, bei Mir fürchten sich nicht die Gesandten. (27:10) Ausgenommen ist derjenige, der Unrecht tut, alsdann Gutes an Stelle des Bösen setzt, dann, wahrlich, bin Ich Allverzeihend, Barmherzig. (27:11) Und steck deine Hand unter deinen Arm; sie wird ohne ein Übel weiß hervorkommen - (dies ist eines) der neun Zeichen für Pharao und sein Volk; denn sie sind ein frevelhaftes Volk.“ (27:12) Doch als Unsere sichtbaren Zeichen zu ihnen kamen, sagten sie: ”Das ist offenkundige Zauberei.“ (27:13) Und sie verwarfen sie in Ungerechtigkeit und Hochmut, während ihre Seelen doch von ihnen überzeugt waren. Siehe nun, wie das Ende derer war, die Unheil anrichteten! (27:14)</p>",
    "timestamp": "2025-12-20T14:27:52.303336+00:00",
    "version": "1.0",
    "copyright": {
      "author": "Muhammad Ibn Ahmad Ibn Rassoul",
      "publisher": "IB Verlag Islamische Bibliothek",
      "edition": "41. Auflage",
      "title": "Tafsīr Al-Qur'ān Al-Karīm"
    }
  },
  {
    "key": "de_tafsir-al-azhar",
    "verse_key": "27:7",
    "verses": [
      "27:7"
    ],
    "text": "<p><em>Muḥ</em> ammad (a.s.s.) wird hier auf einen großen Propheten in der Menschheitsgeschichte aufmerksam gemacht, damit er von den Ähnlichkeiten im Prophetentum erfährt und zugleich getröstet. (vgl. 20:9-10, 17-21, 22-35; 28:29-32 und die Anmerkung dazu). 27:8-9 - Diese Erfahrung war ähnlich wie die des Propheten <em>Muḥ</em> ammad (a.s.s.). Der Unterschied lag darin, dass Moses - als einziger Prophet - unmittelbar von dem Herrn der Welten gerufen wurde, <em>Muḥ</em> ammad aber wurde von dem Engel Gabriel mit den ersten Worten der Sura 96 angesprochen, als er sich in der Höhle des Berges <em>Ḥ</em> <em>irā</em> ’ befand. Das in diesem Vers erwähnte Feuer war kein gewöhnliches Feuer, das fackelt und lodert, sondern eine feuerähnliche friedliche Erscheinungsform, die die Aufmerksam eines Reisenden in der Wüste zu sich zieht, weil ein Feuer für ihn in der Finsternis der Nacht ein Zeichen dafür ist, dass im Bereich des Feuers Menschen leben, von denen man Hilfe erwarten kann, wie Moses diese seine Äußerung im Vers 27:7 gemacht hat. So werden die Worte: ”Gesegnet soll der sein, der im Feuerbereich ist ...<strong>\" verstanden. D.h. Gesegnet sei <em>Allā</em> h, Der Herr der Welten, und Friede sei mit jedem, der \"</strong>sich in seiner Nähe befindet.<strong>\" So gepriesen sei <em>Allā</em> h, Der uns Menschen den Anstand im Umgang mit einander lehrt; denn Er stellt Sich nicht nur mit Seiner Stimme vor, sondern auch mit Seiner Identität, indem Er sagt: \"</strong>O Moses, Ich bin <em>Allā</em> h, der Erhabene, der Allweise.<strong>\" (vgl. 20:9-10, 17- 21 und die Anmerkung dazu). 27:10-14 - Nach der von <em>Allā</em> h (t) gemachten Vorstellung in 27:8-9 (s. die Anmerkung dazu), findet keine weitere Unterhaltung zwischen dem Herrn der Welten und Seinem Geschöpf Moses statt; denn <em>Allā</em> h kommt direkt zur Sache und erwähnt in aller Erhabenheit, was Er mit dieser Begegnung will. Die Flucht vor der Schlange, ohne an eine Widerkehr zu denken, zeigt die menschliche Natur eines Propheten, auch wenn er sich im Bereich der göttlichen Gegenwart befindet. Darauf wird Moses (a.s.) geschult: ”O Moses, fürchte dich nicht. Wahrlich, bei Mir fürchten sich nicht die Gesandten.\"</strong> Die Ausnahme hier besteht darin, dass jemand die Strafe dafür fürchtet, weil er ein Verbrechen begangen hätte. Dass Moses (a.s.) seinerzeit den Ägypter erschlagen hatte (vgl. 26:14), war etwas aus seiner Vergangenheit, das noch vergeben werden musste. Dies tat <em>Allā</em> h (t) dann aus Seiner allumfassenden Barmherzigkeit. Hier liegt eine frohe Botschaft des Herrn an alle Menschen; denn wer zuerst Böses getan hat, dann aber dieses in Reue</p>\n<p><em>Tafsīr</em> Al-Qur’<em>ān</em> <em>Al-Karīm</em> aufgibt, der kann mit der Vergebung <em>Allā</em> hs rechnen. Die hier erwähnten Wunder öffnen die Augen weit für die Wahrheit, dass sie von jedem gesehen werden kann. Das <strong>\"sie\"</strong> bezieht sich hier auf den Pharao und seine Vornehmen in Ägypten. (vgl. 7:108, 133; 10:76; 17:101; 20:17-21; 26:29-36; 28:29-32 und die Anmerkung dazu). Und wahrlich, Wir gaben David und Salomo Wissen, und beide sagten: ”Alles Lob gebührt <em>Allāh</em>, Der uns erhöht hat über viele Seiner gläubigen Diener.“ (27:15) Und Salomo wurde Davids Erbe, und er sagte: ”O ihr Menschen, die Sprache der Vögel ist uns gelehrt worden; und alles wurde uns beschert. Das ist wahrlich die offenbare Huld.“ (27:16) Und dort vor Salomo wurden dessen Heerscharen der <em>Ǧ</em> inn und Menschen und Vögel versammelt, und sie standen in Reih und Glied geordnet (27:17), bis dann, als sie zum Tale der Ameisen kamen, eine Ameise (darunter) sagte: ”O ihr Ameisen, geht in eure Wohnungen hinein, damit euch Salomo und seine Heerscharen nicht zertreten, ohne dass sie es merken.“ (27:18) Da lächelte er heiter über ihre Worte und sagte: ”Mein Herr, gib mir ein, dankbar für die Gnade zu sein, die Du mir und meinen Eltern gewährt hast, und (gib mir ein) Gutes zu tun, das Dir wohlgefällig sei, und nimm mich in Deiner Barmherzigkeit unter Deine rechtschaffenen Diener auf.“ (27:19)</p>",
    "timestamp": "2025-12-20T14:27:52.303336+00:00",
    "version": "1.0",
    "copyright": {
      "author": "Muhammad Ibn Ahmad Ibn Rassoul",
      "publisher": "IB Verlag Islamische Bibliothek",
      "edition": "41. Auflage",
      "title": "Tafsīr Al-Qur'ān Al-Karīm"
    }
  },
  {
    "key": "de_tafsir-al-azhar",
    "verse_key": "27:15",
    "verses": [
      "27:15"
    ],
    "text": "<p>Nach dem kurzen Abschnitt oben in 27:10-14 erfolgt nunmehr ein weiterer Sprung zur Geschichte von zwei Propheten der Kinder Israels, die zugleich Könige waren und in der Geschichte der Juden mit stoltz erwähnt wird. Die Juden, die zur Zeit der Offenbarung des Qur’<em>ā</em> n in <em>Al-Madī</em> na und dessen Umgebung angesiedelt waren, mussten hören, dass ihre beiden Könige mit Dankbarkeit <em>Allā</em> hs Lob sprachen. Im Gegenteil zu den Vorwürfen, die die Juden ihren beiden Königen David und Salomo machen (vgl. 1. Samuel 13:14 und Apostelgeschichte 13:22), waren sie nach dem Qur’<em>ā</em> n gerechte Menschen und gehorsame Diener <em>Allā</em> hs. Dieser Vers zeigt, wie ehrvoll Wissen ist und welch hohen Rang die Wissenden besitzen, und auch, dass das Wissen eine der höchsten Gaben ist, die man erhalten kann. (vgl. 17:54-55; 21:78-82 und die Anmerkung dazu).</p>",
    "timestamp": "2025-12-20T14:27:52.303336+00:00",
    "version": "1.0",
    "copyright": {
      "author": "Muhammad Ibn Ahmad Ibn Rassoul",
      "publisher": "IB Verlag Islamische Bibliothek",
      "edition": "41. Auflage",
      "title": "Tafsīr Al-Qur'ān Al-Karīm"
    }
  },
  {
    "key": "de_tafsir-al-azhar",
    "verse_key": "27:16",
    "verses": [
      "27:16"
    ],
    "text": "<p>David (a.s.) war sowohl die Königsherrschaft als auch Prophetentum und Wissen gegeben worden. Aber weder auf ihn noch auf Salomo (a.s.) bezogen, wird an dieser Stelle die Königsherrschaft als Gnadengabe <em>Allā</em> hs bezeichnet, sondern ihr Wissen. Die Königsherrschaft ist demgegenüber vergleichsweise geringfügig, so dass sie in diesem Zusammenhang nicht gesondert erwähnt zu werden braucht. Beim <strong>\"Erbe\"</strong> geht es also in erster Linie um eine Nachfolge in Wissen und Weisheit, die erwähnenswert zu sein scheint. Hier handelt es sich um einen pluralis majestatis und bedeutet nicht, dass andere außer Salomo (a.s.) selbst die Sprache der Vögel verstehen konnten. Vögel, Tiere und andere Lebewesen können sich als Gemeinschaften untereinander mit Lauten verständigen (vgl. dazu 6:38). Eine Gemeinschaft (arab.: Umma) kann jedoch nicht entstehen, wenn die Verständigungsmöglichkeit untereinander fehlt.</p>",
    "timestamp": "2025-12-20T14:27:52.303336+00:00",
    "version": "1.0",
    "copyright": {
      "author": "Muhammad Ibn Ahmad Ibn Rassoul",
      "publisher": "IB Verlag Islamische Bibliothek",
      "edition": "41. Auflage",
      "title": "Tafsīr Al-Qur'ān Al-Karīm"
    }
  },
  {
    "key": "de_tafsir-al-azhar",
    "verse_key": "27:17",
    "verses": [
      "27:17"
    ],
    "text": "<p>Die <em>Ǧ</em> inn sind eine Art von Geschöpfen, von denen wir nur das wissen, was <em>Allā</em> h (t) uns über sie im Qur’<em>ā</em> n mitgeteilt hat, dass sie nämlich aus Feuer erschaffen wurden und Menschen sehen können, während sie selbst für diese unsichtbar sind. Außerdem sind sie in der Lage, Menschen Böses <strong>\"einzuflüstern\"</strong> (vgl. 114:4-6). <em>Iblī</em> s - der Feind <em>Allā</em> hs und unser Feind - gehört zu den <em>Ǧ</em> inn (vgl. 18-50). Einige von ihnen glauben jedoch auch an <em>Muḥ</em> ammad, den Gesandten <em>Allā</em> hs (vgl. 72:1-15). Hier erfahren wir, dass <em>Allā</em> h (t) eine Anzahl von ihnen Salomo (a.s.) zu</p>\n<p><em>Tafsīr</em> Al-Qur’<em>ān</em> <em>Al-Karīm</em> verschiedenen Zwecken dienstbar und gefügig gemacht hat. 27:18-19 - Einst war Salomo mit seinem Heer unterwegs. Er durchquerte ein Tal, das von großen Ameisenscharen angesiedelt war. Hierzu ist zu bemerken, dass das Staatsgebilde der Ameisen ähnlich wie der Bienenstaat funktioniert. Die Aufgaben darin sind instinktiv und durch die Schöpfung <em>Allā</em> hs hochorganisiert. Offenbar hatte diese warnende Ameise die Aufgabe der Beaufsichtigung inne. Durch seine Fähigkeit, die Sprache der Tiere zu verstehen, wurde Salomo durch die Weisheit der Ameise überwältigt und sprach den Dank an seinen Schöpfer. Hierzu wird der Leser darum gebeten, sich über die Tonstärke der winzigen Ameise Gedanken zu machen, die Salomo (a.s.) wahrnehmen konnte. Dies ist die eindrucksvolle qur’<em>ā</em> nische Lehre aus der Geschichte von der winzigen Ameise, nach der diese großartige Sura genannt ist. (vgl. 38:31-33 und die Anmerkung dazu).</p>",
    "timestamp": "2025-12-20T14:27:52.303336+00:00",
    "version": "1.0",
    "copyright": {
      "author": "Muhammad Ibn Ahmad Ibn Rassoul",
      "publisher": "IB Verlag Islamische Bibliothek",
      "edition": "41. Auflage",
      "title": "Tafsīr Al-Qur'ān Al-Karīm"
    }
  },
  {
    "key": "de_tafsir-al-azhar",
    "verse_key": "27:18",
    "verses": [
      "27:18"
    ],
    "text": "<p>Wenn sie Atomwaffen hätten, würden sie die gesamte Welt in einer Woche auslöschen: Ameisen sind mörderisch. Jetzt wurde der größte Ameisenstaat der Erde entdeckt - 6000 Kilometer lang, von Italien bis zur spanischen Atlantikküste. Wissenschaftler sprechen von einem <strong>\"Superorganismus\"</strong> und diskutieren die Frage, was die Welt im Innersten zusammenhält. (Kulke) Und er musterte die Vögel und sagte: ”Wie kommt es, dass ich den Wiedehopf nicht sehe? Ist er abwesend? (27:20) Ich werde ihn gewiss mit strenger Strafe bestrafen, oder ich werde ihn töten, es sei denn, er bringt mir einen triftigen Grund vor.“ (27:21) 27:20-21 - Dass Salomo gerade einen bestimmten Wiedehopf vermisste, lässt darauf schließen, dass dieser Vogel zu seinen Streitkräften gehörte, und nicht einer von den unzähligen Wiedehopfen war, die die Erde beherbergt. Diese Begebenheit führt uns einige Charakterzüge Salomos vor Augen, seine Aufmerksamkeit, seine Genauigkeit und seine Entschlossenheit; denn das Fehlen eines einzigen aus dieser großen Heerschar blieb ihm nicht verborgen. Die Drohung, den Wiedehopf zu <strong>\"töten\"</strong>, muss von der Prespektive eines Feldherrn verstanden werden, der militärisch über seine Untergebene herrscht. Und dieser blieb nicht lange fern, dann sprach er: ”Ich habe eine Erfahrung gemacht, die du nicht gemacht hast; und ich bin aus Saba’ mit sicherer Nachricht zu dir gekommen. (27:22) Dort fand ich eine Frau, die über sie herrscht, und ihr ist alles beschert worden, und sie besitzt einen großartigen Thron. (27:23) Ich fand sie und ihr Volk die Sonne statt <em>Allāh</em> anbeten; und Satan hat ihnen ihre Werke ausgeschmückt und hat sie vom Weg (<em>Allāhs</em>) abgehalten, so dass sie dem Weg nicht folgen. (27:24) Wollen sie sich nicht vor <em>Allāh</em> niederwerfen, Der ans Licht bringt, was in den Himmeln und auf Erden verborgen ist, und Der weiß, was ihr verhehlt und was ihr offenbart! (27:25) <em>Allāh</em>! Es ist kein Gott außer Ihm, dem Herrn des Gewaltigen Throns.“ (27:26)</p>",
    "timestamp": "2025-12-20T14:27:52.303336+00:00",
    "version": "1.0",
    "copyright": {
      "author": "Muhammad Ibn Ahmad Ibn Rassoul",
      "publisher": "IB Verlag Islamische Bibliothek",
      "edition": "41. Auflage",
      "title": "Tafsīr Al-Qur'ān Al-Karīm"
    }
  },
  {
    "key": "de_tafsir-al-azhar",
    "verse_key": "27:22",
    "verses": [
      "27:22"
    ],
    "text": "<p>Die Äußerung des Wiedehopfs verrät, dass er seine Erfahrung als Späher während seines</p>\n<p><em>Tafsīr</em> Al-Qur’<em>ān</em> <em>Al-Karīm</em> Einsatzes machte; ferner dass Salomo (a.s.) die Verborgenheit nich kennt, obwohl er Prophet war. Denn das Verborgene kennt nur <em>Allā</em> h (t). (vgl. 34:15-20 und die Anmerkung dazu).</p>",
    "timestamp": "2025-12-20T14:27:52.303336+00:00",
    "version": "1.0",
    "copyright": {
      "author": "Muhammad Ibn Ahmad Ibn Rassoul",
      "publisher": "IB Verlag Islamische Bibliothek",
      "edition": "41. Auflage",
      "title": "Tafsīr Al-Qur'ān Al-Karīm"
    }
  },
  {
    "key": "de_tafsir-al-azhar",
    "verse_key": "27:23",
    "verses": [
      "27:23"
    ],
    "text": "<p>Man kann sich hier eine Vorstellung von der großen Entfernung zwischen Saba’ und Kanaan machen: Der Wiedehopf berichtet nach seinem Rückflug aus Saba’, wo jetzt das Gebiet von Hadramaut beginnt, drei Tagereisen von der Stadt Sanaa entfernt. Der berühmte Maarib- Damm sorgte dafür, dass das Land äußerst fruchtbar war und eine hochentwickeltte Kultur ermöglichte. Die Königin von Saba, nach der arabischen Überlieferung <em>Bilqī</em> s genannt, stammte aus dem Jemen, aber sie hatte auch Beziehungen zu Abessinien, wo sie möglicherweise auch herrschte oder Einfluss ausübte. Der Stamm Habasa, nach dem Abessinien benannt ist, stammt jedenfalls aus dem Jemen. Zwischen der Jemenitischen Südküste und der Nordostküste von Abessinien liegt nur die Meerenge des <strong>\"<em>Bā</em> b Al-Mandab\"</strong>, und es bestehen zahlreiche Verbindungen zwischen den Kulturen auf beiden Seiten. Die Abessinier berichten in ihrer traditionellen Geschichte von der Königin von Saba’ und ihrem Sohn als Gründer einer Dynastie (ÜB). 27:24-26 - Die alte Religion von Saba bestand in der Verehrung von Himmelskörpern wie Sonne, Mond und Planeten. Dieser Kult stand in Verbindung mit dem in Chaldäa, der Heimat Abrahams (vgl. 6:75-79). Denn auf dem Seeweg hatten die Jemeniten der damaligen Zeit leicht Zugang zu Mesopotamien und dem Persischen Golf. An dieser Stelle folgt für den Leser oder Hörer des arabischen Originaltextes eine Niederwerfung (vgl. dazu den Titel: <strong>\"<em>Aṣ</em> - <em>Ṣ</em> <em>alā</em> h - das Gebet im Islam\"</strong>, Islamische Bibliothek; ferner 14:22-23 und die Anmerkung dazu). Er (Salomo) sagte: ”Wir werden sehen, ob du die Wahrheit gesprochen hast oder ob du zu den Lügnern gehörst. (27:27) Geh mit diesem Brief von mir und wirf ihn vor sie hin, sodann zieh dich von ihnen zurück und schau, was sie erwidern.“ (27:28) Sie (die Königin) sagte: ”Ihr Vornehmen, ein ehrenvoller Brief ist mir überbracht worden. (27:29) Er ist von Salomo, und er lautet: »Im Namen <em>Allāhs</em>, des Allerbarmers, des Barmherzigen! (27:30) Seid nicht überheblich gegen mich, sondern kommt zu mir in Ergebenheit.«“ (27:31) 27:27-31 - Obwohl Salomo Prophet war, konnte er über das Verborgene nicht entscheiden; denn dies liegt allein im Wissen <em>Allā</em> hs. Der Brief war für die Königin von Saba’ deshalb beachtenswert, weil er von Salomo (a.s.), dem großen König von Palästina und Syrien stammte, und <strong>\"Im Namen <em>Allā</em> hs, des Allerbarmers, des Barmherzigen!\"</strong> geschrieben wurde. Dies war eine ungewöhnliche Praxis für Korrespondenzen innerstaatlicher Beziehungen. Eine Aufforderung ähnlicher Art wurde auch in der Zeit des Propheten <em>Muḥ</em> ammad, <em>Allā</em> hs Segen und Friede auf ihm, an die Staatsoberhäupter gemacht, dass sie nämlich entweder den Islam annehmen und als gleichwertige Partner am islamischen Lebenssystem teilnehmen, oder sich gegen die Zahlung der Kopfsteuer (arab. <em>Ǧ</em> izya) unter den Schutz des islamischen Systems stellen sollten. (ÜB) (vgl. oben 27:22 und die Anmerkung dazu). Sie sagte: ”O ihr Vornehmen, ratet mir in dieser Sache. Ich entscheide keine Angelegenheit, solange ihr nicht zugegen seid.“ (27:32) Sie sagten: ”Wir besitzen Kraft und eine starke Kriegsmacht, aber dir obliegt der Befehl; sieh nun zu, was du befehlen willst.“ (27:33) Sie sagte: ”Wahrlich, wenn Könige in ein Land eindringen, verwüsten sie es und machen die höchsten seiner Bewohner zu den niedrigsten. So verfahren sie. (27:34) Ich aber will ihnen</p>\n<p><em>Tafsīr</em> Al-Qur’<em>ān</em> <em>Al-Karīm</em> ein Geschenk schicken und will abwarten, was die Boten (für eine Antwort) zurückbringen.“ (27:35) 27:32-35 - Aus dem Wortlaut in diesem Vers geht hervor, dass Saba’ kein diktatorisches System, sondern eine parlamentarische Monarchie war. Denn die Königin als Herrscherin verlangte die Übereinstimmung ihrer Volksvertreter in einer solchen wichtigen Angelegenheit. Als sie sich für ein Geschenk an Salomo entschied, rechnete sie gleichzeitig mit zwei Dingen: Nimmt Salomo es an, so ist er ein Lebemann und bei solchem erreichen die Mittel des Diesseits ihren Zweck. Nimmt er es jedoch nicht an, so ist es tatsächlich eine Angelegenheit, die den Glauben betrifft und weder Geld noch vorübergehende Genüsse dieser Welt werden ihn davon abbringen. Als (der Überbringer) zu Salomo kam, sagte (dieser): ”Schüttet ihr Reichtümer über mich aus? Jedoch was <em>Allāh</em> mir gegeben hat, ist besser als das, was Er euch gegeben hat. Nein, ihr seid es, die sich an dieser Gabe erfreuen. (27:36) Kehre zu ihnen zurück; denn wir werden ganz gewiss mit Heerscharen zu ihnen kommen, gegen die sie keine Macht haben werden, und wir werden sie von dort in Schmach forttreiben, und sie werden sich gedemütigt fühlen.“ (27:37) 27:36-37 - Die Reaktion Salomos und seine Äußerung über das ihm gebrachte Geschenk machen die Angelegenheit für die Leute von Saba’ ganz deutlich, worum es bei Salomo geht. Denn Salomo (a.s.) verstand es als eine Beleidigung, dass sie ihm Geschenke schickten, statt sich zur wahren Religion zu bekennen. Ibn <em>Isḥāq</em> berichtet: ”Als die Boten mit dieser Aussage Salomos zurückkehrten, sprach sie: »Bei <em>Allā</em> h (t)! Dies ist kein gewöhnlicher König, dem wir deshalb keine Macht entgegensetzen vermögen. Überdies bringt uns der Streit mit ihm nichts Gutes.« Dann schickte sie zu ihm, dass sie, mit den Führern ihres Volkes zu ihm kommen würde, um die Sache mit seiner Religion selbst zu klären.“ Im Wortlaut des Verses 27:37 liegt der Beweis dafür, dass ein Prophet ein Feldherr zugleich sein kann, der im Auftrag <em>Allā</em> hs droht und in den Krieg zieht. Der Qur’<em>ā</em> n macht hier unmissverständlich, dass die Kriegsführung eine Aufgabe eines Propheten sein kann. Demnach ist der gemachte Vorwurf der Orientalisten gegen unseren Propheten <em>Muḥ</em> ammad, <em>Allā</em> hs Segen und Friede auf ihm, er habe den Islam mit <strong>\"Feuer und Schwert\"</strong> verbreitet, unbegründet. Denn er war Prophet, Staatsoberhaupt, herausragender Feldherr mit ungewöhnlicher Tapferkeit und edlen Charakterzügen im Auftrag <em>Allā</em> hs im Einsatz (vgl. 2:190-194, die Anmerkungen dazu und die Bestimmungen der Sura At-Tauba, Nr. 9). Er sagte: ”O ihr Vornehmen, wer von euch bringt mir ihren Thron, bevor sie in Ergebenheit zu mir kommen?“ (27:38) Da sprach ein kraftvoller (Riese) von den <em>Ǧ</em> inn: ”Ich will ihn dir bringen, ehe du dich von deinem Platz erhebst; wahrlich, ich habe die Stärke dazu und bin vertrauenswürdig.“ (27:39) Da sprach einer, der Kenntnis von der Schrift besaß: ”Ich bringe ihn dir innerhalb eines Augenzwinkerns von dir.“ Und da er ihn vor sich stehen sah, sagte er: ”Dies geschieht durch die Gnade meines Herrn, um mich zu prüfen, ob ich dankbar oder undankbar bin. Und wer dankbar ist, der ist dankbar zum Heil seiner eigenen Seele; wer aber undankbar ist - siehe, mein Herr ist auf keinen angewiesen, Großzügig.“ (27:40) 27:38-40 - Mit dem Ausdruck ”O ihr Vornehmen<strong>\" wird hier die Elite der <em>Ǧ</em> inn in Mehrzahl angesprochen, die <em>Allā</em> h (t) für den Dienst Salomos gefügig gemacht hat. Daraus wird resultiert, dass derjenige, der mit den \"</strong>kraftvollen Riesen<strong>\" konkurrierte, um den \"</strong>Thron<strong>\" \"</strong>innerhalb eines</p>\n<p><em>Tafsīr</em> Al-Qur’<em>ān</em> <em>Al-Karīm</em> Augenzwinkerns<strong>\" zu bringen, auch zu diesen Vornehmen der <em>Ǧ</em> inn gehörte. Die Kenntnis der Schrift kann nicht nur auf die Menschenrasse beschränkt sein - wie manche Kommentatoren es behaupten, weil die <em>Ǧ</em> inn auch Kenntnis von den offenbarten Schriften besitzen (vgl. dazu 38:85; 72:1). Das Wort \"</strong>Thron<strong>\" kann als kunstvoller Stuhl mit Juwelen, kostbaren Metallen und Edelsteinen verstanden werden, auf dem die Königin saß und ihr Volk regierte (vgl. unten 27:41- 44). Solche Gegenstände im Leben der Könige sind Ausdruck ihrer Hoheit und Würde; deshalb werden diese von keinem benutzt als der Inhaber dieser Hoheit selber. In der Regel wird dieser Sitz von Elitesoldaten bewacht, um ihn vor Missbrauch und Diebstahl zu schützen. Die Ausführung des Auftrags Salomos setzte voraus, dass die <em>Ǧ</em> inn, die ihrer Natur nach unsichtbar sind, vor den Augen der Wache den \"</strong>Thron<strong>\" wegnehmen, ohne dass diese es merken. Und so geschah es auch, dass der \"</strong>Thron\" innerhalb eines Augenzwinkerns Salomos aus dem Jemen nach Jerusalem gebracht wurde. Dieser Akt war ein Ausdruck der außergewöhnlichen Macht Salomos. Er sagte: ”Macht ihren Thron für sie unkenntlich; wir wollen sehen, ob sie dem rechten Weg folgt oder ob sie zu denen gehört, die nicht dem rechten Weg folgen.“ (27:41) Als sie kam, da wurde gesprochen: ”Ist dein Thron wie dieser?“ Sie sagte: ”Es ist, als wäre er ein und derselbe.“ ”Und uns wurde das Wissen, schon vor ihr, verliehen; und wir hatten uns bereits ( <em>Allāh</em>) ergeben.“ (27:42) Und es hielt sie von dem ab, was sie statt <em>Allāh</em> zu verehren pflegte; denn sie gehörte zu einem ungläubigen Volk. (27:43) Es wurde zu ihr gesprochen: ”Tritt ein in den Palast.“ Und da sie ihn sah, hielt sie ihn für einen Wasserspiegel und entblößte ihre Beine. Er (Salomo) sagte: ”Es ist ein Palast, getäfelt und gepflastert mit geglättetem Glas.“ Sie sagte: ”Mein Herr, ich habe wahrlich gegen meine eigene Seele gesündigt; und ich ergebe mich - mit Salomo - <em>Allāh</em>, dem Herrn der Welten.“ (27:44) 27:41-44 - Die Überraschung war perfekt. Denn ihren Thron hatte sie in ihrem Königreich gut verschlossen und scharf bewacht zurückgelassen (vgl. oben 27:38-40 und die Anmerkung dazu). Wie konnte er hier sein und wer hatte ihn hierher gebracht? Sie erkannte ihn jedoch sofort trotz aller an ihm vorgenommenen Veränderungen. Und da sie weder zugeben noch dementieren wollte, dass er es war, antwortete sie klug und diplomatisch: ”Es ist, als wäre er ein und derselbe.“ Nachdem die Königin in Ehren empfangen wurde und die Verwandlung ihres Thrones akzeptiert hat, der allem Anschein nach in einem Nebengebäude des Palastes aufgestellt worden war, wird sie nun aufgefordert, den Palast selbst zu betreten, dessen Fußboden mit polierten Glasplatten ausgelegt ist, die wie Wasser schimmern. Sie hält es für Wasser und schürzt ihre Kleider, um hindurchzugehen. Dies war für eine Königin eine unwürdige Haltung. Salomo (a.s.) klärt sie sogleich über die Täuschung auf und teilt ihr den wahren Sachverhalt mit, woraufhin sie sich dankbar Salomo (a.s.) in der Lobpreisung <em>Allā</em> hs anschließt. (ÜB) Und wahrlich, Wir entsandten zu den Ṯamūd ihren Bruder <em>Ṣāliḥ</em> (der sagte): ”Verehrt <em>Allāh</em>!“ Doch siehe, sie spalteten sich in zwei Parteien, die miteinander stritten. (27:45) Er sagte: ”O mein Volk, weshalb wollt ihr lieber das Böse beschleunigt sehen als das Gute? Warum bittet ihr <em>Allāh</em> nicht um Vergebung, damit euch Barmherzigkeit zuteil werde?“ (27:46) Sie sagten: ”Wir ahnen Böses von dir und von denen, die mit dir sind.“ Er sagte: ”Euer Unheil ist bereits bei <em>Allāh</em>. Nein, ihr seid ein Volk, das geprüft wird.“ (27:47)</p>",
    "timestamp": "2025-12-20T14:27:52.303336+00:00",
    "version": "1.0",
    "copyright": {
      "author": "Muhammad Ibn Ahmad Ibn Rassoul",
      "publisher": "IB Verlag Islamische Bibliothek",
      "edition": "41. Auflage",
      "title": "Tafsīr Al-Qur'ān Al-Karīm"
    }
  },
  {
    "key": "de_tafsir-al-azhar",
    "verse_key": "27:45",
    "verses": [
      "27:45"
    ],
    "text": "<p>An den meisten Stellen im Qur’<em>ā</em> n kommt die Geschichte <em>Ṣāliḥ</em> s im Zusammenhang mit anderen Geschichten vor, wie z.B. Noahs, <em>Hū</em> ds, Lots, Š u‘aibs, Abrahams u.a. In dieser Sura</p>\n<p><em>Tafsīr</em> Al-Qur’<em>ān</em> <em>Al-Karīm</em> hingegen, in der der Schwerpunkt auf der Geschichte der Kinder Israels liegt, wird von Moses, David und Salomo berichtet. Die Geschichten <em>Hū</em> ds und Š u‘aibs werden in gekürzter Form wiedergegeben, während von der Geschichte Abrahams nichts erwähnt wird. In der Geschichte <em>Ṣāliḥ</em> s wird hier nicht auf die Begebenheit mit der Kamelstute eingegangen. Was hier erwähnt wird, sind die dunklen Pläne der neuen lasterhaften Gruppen gegenüber <em>Ṣāliḥ</em> und seiner Familie. Sobald der Prophet <em>Ṣāliḥ</em> begann, seinen Auftrag auszuführen, spaltete sich sein Volk in zwei Gruppen, und der Konflikt begann mit ähnlichen Verhältnissen, wie sich die Geschichte in Makka abspielte, als der Prophet <em>Muḥ</em> ammad (a.s.s.) anfing, seine Botschaft zu verkünden. Diese Geschichte ist daher voll auf die Umstände anwendbar, unter denen diese Verse offenbart wurden. (vgl. 7:73-79; 10:50; 11:61-68; 54:23-32; 91:11-15 und die Anmerkung dazu). Und es waren in der Stadt neun Führer, die Unheil im Lande stifteten, und sie wollten nicht für Ordnung sorgen. (27:48) Sie sagten: ”Schwört einander bei <em>Allāh</em>, dass wir ihn (<em>Ṣāliḥ</em> ) und seine Angehörigen gewiss bei Nacht überfallen und dann zu seinen Hinterlassenen sagen wollen: »Wir waren keine Zeugen vom Untergang seiner Familie, und wir reden bestimmt die Wahrheit.«“ (27:49) Sie schmiedeten einen Plan, (und) auch Wir schmiedeten einen Plan, aber sie gewahrten es nicht. (27:50) Sieh nun wie der Ausgang ihres Planes war; denn Wir vernichteten sie und all ihr Volk ganz und gar. (27:51) Und dort sind ihre Häuser, verfallen ihres Frevelns wegen. Hierin ist wahrlich ein Zeichen für Leute, die es wissen. (27:52) Und Wir erretteten jene, die glaubten und gottesfürchtig waren. (27:53) 27:48-53 - Im Gegensatz zu der Königin von Saba’, die bereitwillig den Glauben Salomos annahm (vgl. oben 27:41-44), zeigt dieser Versblock die Hartnäckigkeit der Vornehmen eines Volkes. Wenn hier von neun Führern die Rede ist, so geht man davon aus, dass hinter jedem von ihnen eine große Gefolgschaft mit der unheilvollen Ablehnung der Botschaft mitwirkte. Bei dem üblen Plan ging es damals darum, in der Dunkelheit zu töten, um damit zu argumentieren, dass der Tod der Opfer nicht gesehen wurde, und einer eventuellen Rache der Erben <em>Ṣāliḥs</em> oder seines Stammes zu entgehen. Denn der Führer eines Stammes, konnte nach dem Brauch der damaligen Zeit Blutrache fordern. Eine Verschwörung gleicher Art gab es in Makka gegen den Propheten <em>Muḥammad</em>, <em>Allāhs</em> Segen und Friede auf ihm, zur Zeit der Offenbarung des Qur’<em>ān</em>, als die Sippenführer dort planten, ihn zu ermorden, und entschieden, dass Vertreter aller Sippen ihn zusammen wie <strong>\"eine Hand\"</strong> töten sollten, so dass seine Sippe, die <em>Banū</em> Hāšim, nicht eine der anderen Sippen für seinen Tod verantwortlich machen konnte, und es dann unmöglich finden würden, gegen alle gleichzeitig zu kämpfen. (vgl. den Schutz <em>Abū</em> <em>Ṭālibs</em> für den Propheten im Titel: <strong>\"<em>Muḥammad</em>, Prophet der Barmherzigkeit\"</strong>, Islamische Bibliothek). Hier ist noch zu bemerken, dass die Ruinen des Volkes Ṯamūd vor den Augen der reisenden Araber auf dem Karawanenweg von Makka nach Syrien als Mahnmal für die Botschaft des Qur’<em>ān</em> stehen. (vgl. ferner 3:54; 7:73; 11:65 ; 15:90 und die Anmerkung dazu). Und (gedenke) Lots, als er zu seinem Volk sagte: ”Wollt ihr Schändlichkeiten begehen, wo ihr doch einsichtig seid? (27:54) Wollt ihr euch wirklich in (eurer) Sinnenlust mit Männern statt mit Frauen abgeben? Nein, ihr seid ein unwissendes Volk.“ (27:55) Doch die Antwort seines Volkes war nichts anderes als: ”Treibt Lots Familie aus eurer Stadt hinaus; denn sie sind Leute, die rein sein möchten.“ (27:56) Also erretteten Wir ihn und die Seinen bis auf seine Frau; sie ließen Wir bei jenen, die zurückblieben. (27:57) Und Wir ließen einen Regen auf sie niedergehen; und schlimm war der Regen für die Gewarnten. (27:58)</p>\n<p><em>Tafsīr</em> Al-Qur’<em>ān</em> <em>Al-Karīm</em> 27:54-58 – Es handelt sich hier um eine seltsamste Erscheinung in der Menschheitsgeschichte, die vor der Epoche des Volkes Lots noch unbekannt war. <em>Allā</em> h (t) hat uns Menschen aus Mann und Frau erschaffen, und von den beiden ließ Er viele Völker und Stämme entstehen (vgl. 49:13). Die Heirat ist damit der einzige natürliche Weg für die Vereinigung zwischen Mann und Frau, der von <em>Allā</em> h und den Gläubigen akzeptiert und anerkannt wird (vgl. 53:45; 75:39; 92:3). In diesem Naturgesetz der Schöpfung sind die Rechte für Mann und Frau veranckert: D.h., dass ein homosexueller Mann die Rechte der Frau verletzt, weil sie ihn als Partner braucht. Statt sich im Bewusstsein ihrer Vergehen zu schämen, greifen sie - das Volk Lots - ihren Propheten und die Seinen mit üblen Äußerungen an: ”Treibt Lots Familie aus eurer Stadt hinaus; denn sie sind Leute, die rein sein möchten.“ (vgl. 7:82-84; 11:74-83; 15:67-72; 26:165-175; 27:56; 29:28-30; 66:10 und die Anmerkung dazu). Sprich: ”Aller Preis gebührt <em>Allāh</em>, und Frieden sei über jenen von Seinen Dienern, die Er auserwählt hat. Ist <em>Allāh</em> besser oder das, was sie anbeten?“ (27:59) Wer hat denn Himmel und Erde erschaffen und euch vom Himmel Wasser herabkommen lassen? Damit haben Wir herrliche Gärten wachsen lassen, deren Bäume ihr nicht wachsen lassen könntet. Existiert wohl ein Gott neben <em>Allāh</em>? Aber nein, sie sind Leute, die (Ihm andere Wesen) gleichsetzen? Nein, sie sind ein Volk, das Götter neben <em>Allāh</em> stellt. (27:60)</p>",
    "timestamp": "2025-12-20T14:27:52.303336+00:00",
    "version": "1.0",
    "copyright": {
      "author": "Muhammad Ibn Ahmad Ibn Rassoul",
      "publisher": "IB Verlag Islamische Bibliothek",
      "edition": "41. Auflage",
      "title": "Tafsīr Al-Qur'ān Al-Karīm"
    }
  },
  {
    "key": "de_tafsir-al-azhar",
    "verse_key": "27:59",
    "verses": [
      "27:59"
    ],
    "text": "<p>Dieser Vers leitet den folgenden ein und lehrt die Muslime, wie sie eine Ansprache beginnen sollten, nämlich mit dem Lob <em>Allā</em> hs und den Segenswünschen für Seine rechtschaffenen Diener. Wir sollten auch die Dienste der Diener <em>Allā</em> hs schätzen, die erwählt wurden, uns eine Botschaft zu übermitteln, indem wir ihnen Segen und Frieden wünschen; denn diese Gesandten und Diener <em>Allā</em> hs erleiden Schwierigkeiten aller Art und verzichten auf vielerlei Vorteile in ihrem Dienst an der Menscheit. Auf die Frage \"Ist <em>Allā</em> h besser oder das, was sie anbeten?“ erfolgt direkt die Begründung dafür, dass wir uns für <em>Allā</em> h (t) entscheiden müssen, weil Er Himmel und Erde erschaffen hat, und uns vom Himmel Wasser herabkommen ließ, was die falschen Götter zweifellos nicht tun können. Diese Frage sollte also die Makkaner auf ihre falschen Vorstellungen aufmerksam machen. Wenn unser Prophet (a.s.s.) diesen Vers vortrug, antwortete er immer spontan darauf, indem er sagte: ”Nein, sondern <em>Allā</em> h (t) ist besser, und Er allein ist der Ewige, Hohe und Erhabene.“ Daher erscheint die Frage in dieser Form als Tadel, der keiner Antwort bedarf. (ÜB)</p>",
    "timestamp": "2025-12-20T14:27:52.303336+00:00",
    "version": "1.0",
    "copyright": {
      "author": "Muhammad Ibn Ahmad Ibn Rassoul",
      "publisher": "IB Verlag Islamische Bibliothek",
      "edition": "41. Auflage",
      "title": "Tafsīr Al-Qur'ān Al-Karīm"
    }
  },
  {
    "key": "de_tafsir-al-azhar",
    "verse_key": "27:60",
    "verses": [
      "27:60"
    ],
    "text": "<p>Mit dem Wort <strong>\"euch\"</strong> lenkt der Qur’<em>ā</em> n die Herzen und den Verstand zu dem belebenden Einfluss des Wassers, das gemäß ihren Bedürfnissen herabgesandt wird. Es liegt nicht in der Macht des Menschen, auch nur ein einziges Samenkorn keimen und zu einem Baum heranwachsen zu lassen. (ÜB) (vgl. 10:31; 29:63 und die Anmerkung dazu). Wer hat denn die Erde zu einer Ruhestatt gemacht und Flüsse durch ihre Mitte geführt und feste Berge auf ihr gegründet und eine Schranke zwischen die beiden Meere gesetzt? Existiert wohl ein Gott neben <em>Allāh</em>? Nein, die meisten von ihnen wissen es nicht. (27:61)</p>",
    "timestamp": "2025-12-20T14:27:52.303336+00:00",
    "version": "1.0",
    "copyright": {
      "author": "Muhammad Ibn Ahmad Ibn Rassoul",
      "publisher": "IB Verlag Islamische Bibliothek",
      "edition": "41. Auflage",
      "title": "Tafsīr Al-Qur'ān Al-Karīm"
    }
  },
  {
    "key": "de_tafsir-al-azhar",
    "verse_key": "27:61",
    "verses": [
      "27:61"
    ],
    "text": "<p>Die obigen Argumente in 27:59, 60 (s. die Anmerkung dazu) werden hier fortgesetzt; man findet sie auch an vielen Stellen des Qur’<em>ā</em> n. Die Götzendiener können auch nicht behaupten, dass ihre Götzen einen Anteil an der Erschaffung der Erde hatten. Es geht nicht nur darum, dass die Erde Flüsse, Berge und Schranken zwischen den beiden süßen und salzigen Gewässern hat,</p>\n<p><em>Tafsīr</em> Al-Qur’<em>ān</em> <em>Al-Karīm</em> sondern um deren perfekte Funktion und Schönheit in der Art und Weise sowie in Gestalt und Farbe. Man erholt sich buchstäblich auf diesem Planeten Erde; man sieht, hört, fasst und riecht, was für einen Menschen wirklich erholsam und sehr angenehm ist. Das süße Wasser ist vom salzigen gut getrennt, damit wir nicht verdursten. Die Himmelfarbe ist so schön hellblau und angenehm für die Augen, dass wir den Himmel betrachten dürfen. Genauso ist die Wasserfarbe des Meeres. Die Pflanzen sind im schönen hellen und Dunkelgrün, damit sich unsere Augen erholen können. Die mannigfachen und endlosen Nuancen der Farbenwelt bei den Korallen und Meerestieren, sowie auch in der Blütenwelt auf der Erdoberfläche, verraten die segensvolle Hand unseres Schöpfers. So gepriesen sei <em>Allā</em> h, und alles Lob gebührt Ihm für Seine Gnade. <strong>\"Existiert wohl ein Gott neben <em>Allā</em> h?\"</strong> (vgl. 11:37; 18:60; 21:30; 23:99-100; 24:45; 25:53; 27:61; 35:12; 42:32-34; 55:19; 77:25-26 und die Anmerkung dazu). Wer antwortet denn dem Bedrängten, wenn er Ihn anruft, und nimmt das Übel hinweg und macht euch zu Nachfolgern auf Erden? Existiert wohl ein Gott neben <em>Allāh</em>? Geringfügig ist das, was ihr (davon) bedenkt. (27:62)</p>",
    "timestamp": "2025-12-20T14:27:52.303336+00:00",
    "version": "1.0",
    "copyright": {
      "author": "Muhammad Ibn Ahmad Ibn Rassoul",
      "publisher": "IB Verlag Islamische Bibliothek",
      "edition": "41. Auflage",
      "title": "Tafsīr Al-Qur'ān Al-Karīm"
    }
  },
  {
    "key": "de_tafsir-al-azhar",
    "verse_key": "27:62",
    "verses": [
      "27:62"
    ],
    "text": "<p>Es geht nicht nur um das, was oben im Vers 27:61 aufgeführt ist (s. die Anmerkung dazu), sondern auch um die segensvolle göttliche Hand, die stets gestrekt ist, um dem Menschen in seiner Not unter den Arm zu greifen und sein Übel hinwegzunehmen. Diejenigen, die vorübergehend in keiner Bedrängnis leben, vergessen leider diese Tatsache und erkennen erst die Notwendigkeit der göttlichen Hand, wenn sie in der Not sind. Der Vers weist mit Recht daraufhin, dass <em>Allā</em> h (t) uns zu Nachfolgern macht, damit wir die Erde bewohnbar machen. Diese Erklärung beinhaltet mitunter, dass wir Menschen sterblich sind, und dass Er der ewige Gott ist, Der weiter bei jeder Generation dem Bedrängten antwortet, wenn er Ihn anruft, und sein Übel hinwegnimmt, wie Er - Erhaben ist Er - dies bei seinen Vorgängern gemacht hat. Ist es nun gerechtfertigt, dass der Mensch falsche Götter verehrt und <em>Allā</em> h (t) vergisst? Auch die arabischen Götzendiener wussten und bestätigten, dass <em>Allā</em> h (t) allein Unheil abwenden konnte. Deswegen erinnert der Qur’<em>ā</em> n sie immer wieder daran, dass sie <em>Allā</em> h (t) in der Not anrufen sollten. Sobald das Unheil jedoch vorüber ist, rufen sie andere Götter an. Geringfügig ist das, was sie davon bedenken. (vgl. 2:30 und die Anmerkung dazu). Wer leitet euch in den Finsternissen über Land und Meer, und wer sendet die Winde als Freudenboten Seiner Barmherzigkeit voraus? Existiert wohl ein Gott neben <em>Allāh</em>? Hocherhaben ist <em>Allāh</em> über das, was sie (Ihm) beigesellen. (27:63)</p>",
    "timestamp": "2025-12-20T14:27:52.303336+00:00",
    "version": "1.0",
    "copyright": {
      "author": "Muhammad Ibn Ahmad Ibn Rassoul",
      "publisher": "IB Verlag Islamische Bibliothek",
      "edition": "41. Auflage",
      "title": "Tafsīr Al-Qur'ān Al-Karīm"
    }
  },
  {
    "key": "de_tafsir-al-azhar",
    "verse_key": "27:63",
    "verses": [
      "27:63"
    ],
    "text": "<p>Es geht nicht nur um das, was oben in den beiden Versen 27:61, 62 aufgeführt ist (s. die Anmerkung dazu), sondern weiter um die segensvolle Hand <em>Allā</em> hs, die den Menschen zu allen Orten und Zeiten hilft. Das Menschenleben braucht die ständige Bewegung über Land und Meer, um den Lebenserwerb auf dieser Erde zu garantieren. Der Stillstand ist schädlich für Verkehr, Handel, Landwirtschaft und Aktivitäten aller Art und führt uns sicher in den Tod. Doch derartige Bewegungen sind ständig mit Gefahren verbunden, zu denen die Finsternissen gehören. Am Tag sind diese durch Sonnenlicht verbannt, und in der Nacht gibt der Mond sanftes Licht und die Sterne dienen als Wegweiser für Himmelsrichtungen. Darüber hinaus erfüllen die Winde ihre unentbehrliche Funktion zum Wohle der Menschheit: sie treiben die Regenwolken und tragen die fruchtbaren Pollen zu einem bestimmten Ort und beleben dort die tote Natur. Wer hat diese wunderbare Schöpfung gemacht? Existiert wohl ein Gott neben <em>Allā</em> h? Hocherhaben ist Er über</p>\n<p><em>Tafsīr</em> Al-Qur’<em>ān</em> <em>Al-Karīm</em> all das, was die Götzendiener Ihm beigesellen. (vgl. 7:57; 16:16; 25:48 und die Anmerkung dazu). Wer ruft denn zum Beginn die Schöpfung hervor und wiederholt sie hierauf, und wer versorgt euch vom Himmel und von der Erde? Existiert wohl ein Gott neben <em>Allāh</em>? Sprich: ”Bringt euren Beweis herbei, wenn ihr wahrhaftig seid.“ (27:64)</p>",
    "timestamp": "2025-12-20T14:27:52.303336+00:00",
    "version": "1.0",
    "copyright": {
      "author": "Muhammad Ibn Ahmad Ibn Rassoul",
      "publisher": "IB Verlag Islamische Bibliothek",
      "edition": "41. Auflage",
      "title": "Tafsīr Al-Qur'ān Al-Karīm"
    }
  },
  {
    "key": "de_tafsir-al-azhar",
    "verse_key": "27:64",
    "verses": [
      "27:64"
    ],
    "text": "<p>Nach der Erwähnung der verschiedenen Gnaden <em>Allā</em> hs in den vorangegangenen Versen, nennt der Qur’<em>ā</em> n hier noch weitere Eigenschaften, für die die falschen Götter unfähig sind. Nur <em>Allā</em> h (t), Der Einzige, Der die Himmel und die Erde erschaffen hat, ist imstande, Seine Schöpfung zu wiederholen. Dies ist der einfache Hinweis darauf, dass wir mit unserer Auferstehung festrechnen müssen. Ferner dürfen wir dabei nicht vergessen, dass Derjenige, Der uns erschaffen hat, uns nicht ohne Versorgung ließ, sondern dass Er uns <strong>\"vom Himmel und von der Erde\"</strong> versorgt. In Bezug auf den Lebensunterhalt vom Himmel bekommen wir für unser irdisches Leben Licht, Wärme, Luft, Regen und Sonnennergie, die <em>Allā</em> h (t) uns zur Verfügung stellt (vgl. 10:31). Der Lebensunterhalt aus der Erde zeigt sich in vielerlei Formen. Die augenscheinlichsten sind Pflanzen, Tiere und Grundwasser. Zu ihnen gehören ferner die Bodenschätze und die Schätze des Meeres. Dazu kommen noch die wunderbaren Kräfte, wie Magnetismus, Elektrizität und Mikroorganismen, die uns helfen, Joghurt, Essig, Dickmilch und Hefeteig herzustellen. Mit dem Imperativ <strong>\"Sprich\"</strong> soll unser Prophet (a.s.s.) die Götzendiener auffordern, ihre Gegenargumente zu bringen. (vgl. 10:34 und die Anmerkung dazu). Sprich: ”Niemand in den Himmeln und auf Erden kennt das Verborgene außer <em>Allāh</em>; und sie wissen nicht, wann sie wiederauferweckt werden.“ (27:65) Nein, ihr Wissen über das Jenseits hat gänzlich versagt; nein, sie befinden sich im Zweifel darüber; nein, sie sind ihm gegenüber blind. (27:66) 27:65-66 - Zur Zeit des Propheten (a.s.s.) gab es eine Schicht der Wahrsager und Weissager, die vorgaben, die Geschehnisse aus Vergangenheit und Zukunft auf Grund ihrer Beziehungen zu den <em>Ǧ</em> inn oder durch andere geheime Quellen zu kennen. Diesem Betrug, der weder auf wahrem Wissen, noch auf göttlicher Rechtleitung oder einer offenbarten Schrift beruht, sagte der Prophet, <em>Allā</em> hs Segen und Friede auf ihm, dann den Kampf an. (vgl. 6:50, 59; 7:187-188; 31:34 und die Anmerkung dazu). Und jene, die ungläubig sind, sagen: ”Wie? Wenn wir und unsere Väter zu Staub geworden sind, sollen wir dann wirklich wieder hervorgebracht werden? (27:67) Verheißen wurde uns dies zuvor - uns und unseren Vätern; dies sind ja nur Fabeln der Früheren.“ (27:68) Sprich: ”Reist auf der Erde umher und seht, wie der Ausgang der Sündigen war!“ (27:69) Sei ihretwegen nicht traurig, noch sei deswegen bedrängt, was sie an Ränken schmieden. (27:70) 27:67-70 - Unser Prophet (a.s.s.) soll nicht traurig sein über die makkanischen Leugner, wenn sie nicht zur Überzeugung gelangen wollen. Auch ihre Machenschaften sollten ihn nicht betrüben; denn <em>Allā</em> h (t) wird ihn davor beschützen (vgl. 16:127). Die Ungerechten können <em>Allā</em> hs Plan nicht außer Kraft setzen oder stören (vgl. 10:21). Und sie sagen: ”Wann wird diese Verheißung (erfüllt werden), wenn ihr die Wahrheit redet?“ (27:71) Sprich: ”Vielleicht ist ein Teil von dem, was ihr zu beschleunigen trachtet,</p>\n<p><em>Tafsīr</em> Al-Qur’<em>ān</em> <em>Al-Karīm</em> schon nahe herangekommen.“ (27:72) Und wahrlich, dein Herr ist Huldreich gegen die Menschen, doch die meisten von ihnen sind nicht dankbar. (27:73) Und dein Herr kennt wohl, was ihre Herzen verhehlen und was sie kundtun. (27:74) Und (es gibt) nichts Verborgenes im Himmel oder auf Erden, das nicht in einem deutlichen Buch stünde. (27:75)</p>",
    "timestamp": "2025-12-20T14:27:52.303336+00:00",
    "version": "1.0",
    "copyright": {
      "author": "Muhammad Ibn Ahmad Ibn Rassoul",
      "publisher": "IB Verlag Islamische Bibliothek",
      "edition": "41. Auflage",
      "title": "Tafsīr Al-Qur'ān Al-Karīm"
    }
  },
  {
    "key": "de_tafsir-al-azhar",
    "verse_key": "27:71",
    "verses": [
      "27:71"
    ],
    "text": "<p>Spöttisch und verächtlich richten die Leugner diese Frage an den Propheten (a.s.s.) und an die Gläubigen. Das Wort <strong>\"vielleicht\"</strong> in 27:72 erweckt keinen Eindruck der Unsicherheit oder Unbestimmtheit, sondern betont die Unabhängigkeit <em>Allā</em> hs und verneint Seine Auskunftsverpflichtung uns gegenüber. Denn es ist unvorstellbar, dass Er eine Sache will, und diese dann nicht geschehen lässt. <em>Allā</em> h (t) ist nachsichtig und räumt den Menschen eine Frist zur Umkehr ein, obgleich Er weiß, was in ihrem Inneren verborgen ist, und dessen, was sie offen aussprechen und tun. Diese Verzögerung geschieht also aufgrund Seines Wissens und Seiner Gnade. Wahrlich, dieser Qur’<em>ā</em> n erklärt den Kindern Israels das meiste von dem, worüber sie uneins sind. (27:76) Und er ist wahrlich eine Führung und eine Barmherzigkeit für die Gläubigen. (27:77) Wahrlich, dein Herr wird zwischen ihnen durch Seinen Spruch entscheiden, und Er ist der Allmächtige, der Allwissende. (27:78) Vertraue also auf <em>Allāh</em>; denn du verfährst nach der offenkundigen Wahrheit. (27:79) Du kannst die Toten weder hörend machen, noch kannst du bewirken, dass die Tauben den Anruf hören, wenn sie (dir) den Rücken kehren (27:80), noch kannst du die Blinden aus ihrem Irrtum leiten. Du kannst nur diejenigen hörend machen, die an Unsere Zeichen glauben und die sich (Uns) ergeben. (27:81)</p>",
    "timestamp": "2025-12-20T14:27:52.303336+00:00",
    "version": "1.0",
    "copyright": {
      "author": "Muhammad Ibn Ahmad Ibn Rassoul",
      "publisher": "IB Verlag Islamische Bibliothek",
      "edition": "41. Auflage",
      "title": "Tafsīr Al-Qur'ān Al-Karīm"
    }
  },
  {
    "key": "de_tafsir-al-azhar",
    "verse_key": "27:76",
    "verses": [
      "27:76"
    ],
    "text": "<p>Unter den Juden gab es zahlreiche Sekten. Einige galten als völlig unorthodox, wie beispielsweise die Samariter, die eine andere Thora hatten; sie hassten die übrigen Juden und wurden von diesen gehasst. Aber selbst im orthodoxen Judentum gab es zahlreiche Splittergruppen, von denen hier nur einige erwähnt werden sollen: 1. Die Pharisäer, die Literalisten, Formalisten und Fatalisten waren und eine umfassende Traditionsliteratur besaßen, die das mosaische Gesetz überlagerte. 2. Die Sadduzäer, die Rationalisten waren und allem Anschein nach die Lehre von einer Auferstehung oder einem zukünftigen Leben leugneten. 3. Die Essener, die Askese und eine Art Gütergemeinschaft praktizierten und ehelos lebten. Über viele der verschiedenen Lehren gab es bittere Auseinandersetzungen, die durch den Qur’<em>ā</em> n bereinigt werden, indem dieser das mosaische Gesetz ersetzt und vervollkommnet. Er erklärt darüber hinaus eindeutig das Wesen der Offenbarung sowie die Lehre vom zukünftigen Leben. Dazu kommen auch die Meinungsverschiedenheiten unter den späteren Christen, wobei es hauptsächlich um Jesus und seine Mutter Maria geht. (ÜB) (vgl. 12:3 und die Anmerkung dazu).</p>",
    "timestamp": "2025-12-20T14:27:52.303336+00:00",
    "version": "1.0",
    "copyright": {
      "author": "Muhammad Ibn Ahmad Ibn Rassoul",
      "publisher": "IB Verlag Islamische Bibliothek",
      "edition": "41. Auflage",
      "title": "Tafsīr Al-Qur'ān Al-Karīm"
    }
  },
  {
    "key": "de_tafsir-al-azhar",
    "verse_key": "27:77",
    "verses": [
      "27:77"
    ],
    "text": "<p>Der Qur’<em>ā</em> n ist eine Führung: er schützt sie vor Streit und Irrtümern, vereinheitlicht den Weg, hilft auf dem Weg zu bleiben und verbindet die Menschen mit den Gesetzmäßigkeiten des Daseins, die weder schwanken, noch sich verändern. Dadurch bewahrt <em>Allā</em> h (t) die Menschen vor Zweifeln, Unruhe und Ratlosigkeit. Sie werden mit <em>Allā</em> h (t) verbunden, wo sie Zufriedenheit und Sicherheit finden. So leben sie in Frieden mit sich und mit den Mitmenschen in ihrer Umgebung. Schließlich gelangen sie zu <em>Allā</em> hs Zufriedenheit und Seiner reichlichen Belohnung. (ÜB)</p>",
    "timestamp": "2025-12-20T14:27:52.303336+00:00",
    "version": "1.0",
    "copyright": {
      "author": "Muhammad Ibn Ahmad Ibn Rassoul",
      "publisher": "IB Verlag Islamische Bibliothek",
      "edition": "41. Auflage",
      "title": "Tafsīr Al-Qur'ān Al-Karīm"
    }
  },
  {
    "key": "de_tafsir-al-azhar",
    "verse_key": "27:78",
    "verses": [
      "27:78"
    ],
    "text": "<p>Die Meinungsverschiedenheiten der unterschiedlichen Sekten können nur durch <em>Allā</em> hs Entscheidung beigelegt werden, und zwar: 1. In der Form einer Offenbarung, wie es mit dem</p>\n<p><em>Tafsīr</em> Al-Qur’<em>ān</em> <em>Al-Karīm</em> Qur’<em>ā</em> n der Fall war; oder 2. Durch die Logik der Ereignisse; denn hunderte von Sekten sind im Laufe der Zeit untergegangen oder in Vergessenheit geraten; oder 3. Durch das endgültige Urteil <em>Allā</em> hs beim Jüngsten Gericht, wo alle Sekten schließlich ihre Irrtümer einsehen müssen. Weder kann irgendeine Macht Sein Urteil zunichte machen oder verhindern, noch kann Er Selbst einen Fehler machen oder Sich irren. (ÜB)</p>",
    "timestamp": "2025-12-20T14:27:52.303336+00:00",
    "version": "1.0",
    "copyright": {
      "author": "Muhammad Ibn Ahmad Ibn Rassoul",
      "publisher": "IB Verlag Islamische Bibliothek",
      "edition": "41. Auflage",
      "title": "Tafsīr Al-Qur'ān Al-Karīm"
    }
  },
  {
    "key": "de_tafsir-al-azhar",
    "verse_key": "27:79",
    "verses": [
      "27:79"
    ],
    "text": "<p>Damit wird in erster Linie der Prophet (a.s.s.) aufgefordert, sich völlig auf <em>Allā</em> hs Beistand zu verlassen.</p>",
    "timestamp": "2025-12-20T14:27:52.303336+00:00",
    "version": "1.0",
    "copyright": {
      "author": "Muhammad Ibn Ahmad Ibn Rassoul",
      "publisher": "IB Verlag Islamische Bibliothek",
      "edition": "41. Auflage",
      "title": "Tafsīr Al-Qur'ān Al-Karīm"
    }
  },
  {
    "key": "de_tafsir-al-azhar",
    "verse_key": "27:80",
    "verses": [
      "27:80"
    ],
    "text": "<p>Der Qur’<em>ā</em> n beschreibt den Zustand der Erstarrung der Herzen, der Regungslosigkeit der Seele, und die Stumpfheit der Sinne einmal als Tote; denn Tote können nichts empfinden. Ein anderes Mal bezeichnet er ihn als Taubheit; denn Taube können nichts hören. Ein weiteres Mal als Blinde, die auf ihrer Blindheit beharren; denn Blinde können den Anrufer nicht sehen. Die Aufgabe des Propheten war es, die Botschaft zu verkünden und den Weg zu zeigen. Männer und Frauen, die guten Willens waren, glaubten und nahmen die Botschaft auf. Er war jedoch nicht verantwortlich für den Starrsinn derjenigen Menschen, die sich von <em>Allā</em> hs Zeichen abwandten und die Wahrheit ablehnten. (ÜB) (vgl. 30:52-53 und die Anmerkung dazu).</p>",
    "timestamp": "2025-12-20T14:27:52.303336+00:00",
    "version": "1.0",
    "copyright": {
      "author": "Muhammad Ibn Ahmad Ibn Rassoul",
      "publisher": "IB Verlag Islamische Bibliothek",
      "edition": "41. Auflage",
      "title": "Tafsīr Al-Qur'ān Al-Karīm"
    }
  },
  {
    "key": "de_tafsir-al-azhar",
    "verse_key": "27:81",
    "verses": [
      "27:81"
    ],
    "text": "<p>Solange sie nicht willens sind, sich selbst daraus zu befreien. Es ist nicht deine Aufgabe, sie auf den rechten Weg zu zwingen. Du kannst ihnen nur mit Worten und durch dein eigenes Verhalten mitteilen, dass dies der rechte Weg ist, aber wie kannst du jemanden leiten, der absichtlich die Augen verschlossen hat und überhaupt nichts sehen will! Dieser Abschnitt entspricht der im Qur’<em>ā</em> n oft wiederholten Aussage, dass <em>Allā</em> h (t) denjenigen leitet, der sich leiten lassen will. (ÜB) (vgl. 30:52-53 und die Anmerkung dazu). Und wenn der Befehl gegen sie ergeht, dann werden Wir für sie ein Tier aus der Erde hervorbringen, das zu ihnen spricht, dass die Menschen nicht an Unsere Zeichen glaubten. (27:82) 27:82: Heute, den 26. Dezember 2003 erfahre ich gerade von den Nachrichten, dass der erste geklonte Mensch geboren ist. <strong>\"Tier aus der Erde, das zu ihnen spricht ...\"</strong> könnte als Folge der Gentechnik und in ihrem Zusammenhang stehen. Die Gentechnik macht seit langem Fortschritte. <strong>\"Dolly\"</strong>, <strong>\"Polly\"</strong> und der durch Verschmelzung von Stammzellen eines Schafes und einer Ziege entstandene Zwitter, die <strong>\"Schiege\"</strong>, sind keineswegs normale Tiere; sie sind Produkte einiger Wissenschaftler, die jetzt schon als deren <strong>\"Schöpfer\"</strong> bezeichnet werden; Allah behüte, <strong>\"irgendwie spielen sie Gott\"</strong>, berichtet die Presse. Es wird ferner nunmehr behauptet, jetzt sei alles machbar, alle Grenzen seien gefallen. Es wurde von Beginn an gesagt, dass sich mit der Gentechnik auch genetische Kopien von Menschen herstellen lassen, vermutlich noch in diesem Jahrhundert würde die Zeit für das Klonen von Menschen kommen. (vgl. die ausführliche Reportage in: FAZ Nr. 174 / 97 und Der Spiegel, Nr. 10 / 97). Davor wird hier dringend gewarnt! Was diesbezüglich auf dieser Erde geschieht, ist ein grober Verstoß gegen die Menschenwürde, ein unzulässiger Eingriff in die Schöpfung <em>Allāhs</em> und eine Herausforderung Seines Zorns. Den geklonten <strong>\"Menschen\"</strong> wird es nicht geben, weil die Gene allein nicht ein Individuum im Sinne unseres Rechtsverständnisses ausmachen und weil ein Klon wegen des Fehlens der Seele nie ein Mensch sein kann, sondern eine Kreatur, die - auch wenn sie wie ein Mensch aussehen und zu den Menschen sprechen würde - nur der Tierwelt zuzuordnen wäre. Derartige Gedanken sind nicht neu, und die Erkenntnisse</p>\n<p><em>Tafsīr</em> Al-Qur’<em>ān</em> <em>Al-Karīm</em> über eine solche Kreatur - die wir jetzt schon hilfsweise <strong>\"Klensch\"</strong> nennen dürfen, sind den Muslimen seit mehr als 1400 Jahren durch die Offenbarung des Qur’<em>ān</em> und durch die Prophezeihung unseres Propheten <em>Muḥammad</em>, <em>Allāhs</em> Segen und Friede seien auf ihm, bekannt. Dort gilt das Erscheinen eines Tieres, <strong>\"das zu den Menschen spricht\"</strong>, als eines der Vorzeichen <strong>\"der Stunde\"</strong>, des Weltuntergangs. Dass die Seele dem Menschen erst während der Schwangerschaft im Mutterleib eingehaucht wird, zeigt uns der von Ibn Mas‘<em>ūd</em>, <em>Allāhs</em> Wohlgefallen auf ihm, überlieferte Ḥadīṯ (bei Al-Buḫāryy und Muslim) wie folgt: ”Der Gesandte <em>Allāhs</em>, <em>Allāhs</em> Segen und Friede auf ihm, sagte - und er ist der Wahrhafte, der Glaubwürdige: »Die Schöpfung eines jeden von euch wird im Leibe seiner Mutter in vierzig Tagen aus einem Samentropfen (arab.: <em>Nuṭfa</em>, vgl. Qur’<em>ān</em> 23:12ff.) zusammengebracht, danach ist er ebensolang ein Blutklumpen (arab.: ‘Alaqa, vgl. Qur’<em>ān</em> a.a.O.), danach ist er ebensolang ein kleiner Fleischklumpen (arab.: Muḍġa, vgl. Qur’<em>ān</em> a.a.O.), dann wird zu ihm der Engel gesandt, der ihm die Seele einhaucht und mit viererlei (wörtl.: <strong>\"mit vier Worten\"</strong>) beauftragt ist: dem Niederschreiben seines Lebensunterhaltes (Das arabische Wort <strong>\"Rizq\"</strong> umfasst auch Bedeutungen wie <strong>\"tägliches Brot\"</strong>, <strong>\"Wohlergehen\"</strong>, <strong>\"Los\"</strong>, <strong>\"Unterhalt von <em>Allāh</em>\"</strong> etc.), seiner Lebenszeit, seines Wirkens und ob er elend oder glücklich sein wird. Bei <em>Allāh</em>, neben Dem kein anderer Gott da ist: einer von euch vollbringt wahrhaftig Werke der Leute des Paradiesgartens, bis zwischen ihm und ihm (dem Paradiesgarten) nur eine Elle liegt, dann ereilt ihn das Geschriebene, und er vollbringt Werke der Leute des Höllenfeuers und geht in dieses hinein. Und einer von euch vollbringt wahrhaftig Werke der Leute des Höllenfeuers, bis zwischen ihm und ihm (dem Höllenfeuer) nur eine Elle liegt, dann ereilt ihn das Geschriebene, und er vollbringt Werke der Leute des Paradiesgartens, und er geht in ihn hinein.«“ (für den ausführlichen Kommentar dieses Ḥadīṯ siehe: Ḥadīṯ für Schüler, An-Nawawyy's Vierzig Ḥadīṯe mit Kommentar, Islamische Bibliothek). Diese Seele, die an sich auch als von <em>Allāh</em> erschaffenes Wesen gilt (vgl. Qur’<em>ān</em> 17:85), ist durch das Einhauchen derselben im Mutterleib ein unzertrennlicher und unteilbarer Bestandteil des Menschen bis zu seinem Tode. Wenn der Mensch im Sterben liegt, so wird die Seele durch die Engel aus seinem Leib wie ein <strong>\"Pfand\"</strong> zurückgeholt. (vgl. Qur’<em>ān</em> 79:1ff.) Während der Leib sterblich und vergänglich ist, bleibt die Seele ewig und unverändert bis zum Tage der Auferstehung, an dem die Leiber der Menschen durch die Allmacht <em>Allāhs</em> zusammengesammelt und mit der Seele wieder <strong>\"gepaart\"</strong> bzw. <strong>\"vereinigt\"</strong> werden. (vgl. Qur’<em>ān</em> 81:7) Die bloße Manipulation der Menschengene könnte eine Kreatur zwar produzieren, die dem Menschen ähnlich sein könnte und einige seiner Fähigkeiten besässe - wie zum Beispiel das sprechen, aber nicht dessen übrigen Eigenschaften, die dem Menschen durch <em>Allāh</em> - bedingt durch die Seele - zu eigen sind, wie z.B. der Geist, der Glaube und - wie oben erwähnt - die Auferstehung am Tag des Jüngsten Gerichts. Da eine solche Kreatur wegen des Fehlens der Seele kein Mensch sein kann, sondern ein Tier, das wir oben hilfsweise <strong>\"Klensch\"</strong> nennen durften, besteht die Gefahr, dass wir Menschen dadurch den im Qur’<em>ān</em> erwähnten <strong>\"Befehl <em>Allāhs</em>\"</strong> herausfordern. In der Erläuterung des Qur’<em>ān</em> von Ibn Kaṯīr wird u.a. die Beschreibung des genannten Tieres von Ibn <em>Ǧuraiǧ</em> nach einer Überlieferung von Ibn Az-Zubair wie folgt angegeben: ”Es hat den Kopf eines Stiers, das Auge eines Schweins, das Ohr eines Elefanten, die Hörner eines Hirschs, den Hals eines Straußenvogels, die Brust eines Löwen, die Farbe eines Tigers, die Taille einer Katze, den Schwanz eines Schafsbocks, die Beine eines Kamels.“ Die genannte Beschreibung kann durchaus mit den durch Transplantation und Gentechnik möglich gewordenen Eingriffen übereinstimmen. Man betrachte nur die bereits geschehenen Manipulationen von Menschengenen im Zusammenhang mit Schweinen und die erfolgreiche Transplantation eines Menschenohrs auf den Körper einer Maus. Die obige Überlieferung wird auch in der Erläuterung des Qur’<em>ān</em> von Al-</p>\n<p><em>Tafsīr</em> Al-Qur’<em>ān</em> <em>Al-Karīm</em> <em>Qurṭubyy</em> bestätigt. Dort wird u.a. noch hinzugefügt, dass es sich bei diesem, im Qur’<em>ān</em> genannten Tier, um einen Menschen handelt, der einen Bart trägt. Wörtlich heißt es: ”Al- <em>Māwardyy</em> erzählt nach <em>Muḥammad</em> Ibn Ka‘b, der seinerseits nach ‘Alyy Ibn <em>Abī</em> <em>Ṭālib</em> berichtet, dass er (‘Alyy) nach diesem Tier gefragt wurde, und er sagte: »Was dieses angeht, so hat es bei <em>Allāh</em> keinen Schwanz, wohl aber einen Bart.« <em>Al-Māwardyy</em> sagte: »In dieser Aussage von ihm (‘Alyy) ist der Hinweis darauf, dass es (das Tier) aus der Menschengattung ist, auch dann, wenn er (‘Alyy) dies nicht offen gesagt hat.«“ <em>Al-Qurṭubyy</em> kommentiert u.a. ferner (a.a.O., S. 4952): ”Von einigen der späteren Erläuterer des Qur’<em>ān</em> wird gesagt: »Es ist eher anzunehmen, dass diese Kreatur ein sprechendes Tier ist, der mit den Leuten über ihre Ketzereien und ihren Unglauben debattiert und argumentiert, damit sie (mit ihrem Ansinnen) aufhören [...] und es wird auch gesagt, dass es (das Tier) zu den Menschen sprechen wird, dass sie nicht an <em>Allāhs</em> Zeichen glauben.«“ Auch <em>Abū</em> Huraira, <em>Allāhs</em> Wohlgefallen auf ihm, berichtete: ”Der Gesandte <em>Allāhs</em>, <em>Allāhs</em> Segen und Friede auf ihm, sagte: »Es gibt drei Dinge, bei denen - wenn sie in Erscheinung getreten sind - der Glaube eines jeden Menschen [...] nichts mehr nützt.«“ Damit ist gemeint, dass das göttliche Urteil über einen jeden Menschen beim Eintreffen des genannten Ereignisses bis zum Weltuntergang unabänderlich ist, so dass <em>Allāh</em> von den Ungläubigen und den Übeltätern unter den Gläubigen keine Reue annimmt. Der genannte Ḥadīṯ ist eine letzte Warnung an all diejenigen, die sich kraft guten Willens reumütig auf <em>Allāh</em> besinnen bzw. zurückbesinnen wollen (Ausführliches überliefert bei Muslim): Der Aufgang der Sonne aus dem Westen, der <em>Daǧǧāl</em> (der falsche Messias) und das <strong>\"Tier aus der Erde\"</strong>. Der qur’<em>ānische</em> Ausdruck <strong>\"aus der Erde\"</strong> kann ein Hinweis dafür sein, dass das genannte Tier nicht durch eine Herabsendung aus dem Himmel oder etwa durch eine zukünftige neue Schöpfung <em>Allāhs</em> auf Erden existieren wird, sondern durch auf unserer Erde vorhandene Möglichkeiten und Gegebenheiten, wie etwa die Gentechnik, die durch das Wissen gegeben ist, das <em>Allāh</em> den Menschen von Zeit zu Zeit erlaubt, (”... und euch [Menschen] ist vom Wissen nur wenig gegeben“) (Qur’<em>ān</em> 17:85). Es ist also nicht auszuschließen, dass das im Qur’<em>ān</em> erwähnte Tier, <strong>\"das zu den Menschen spricht\"</strong>, durch das Klonen von Menschen entsteht, was letzten Endes den Befehl <em>Allāhs</em> im Qur’<em>ān</em> bestätigt. Die Warnung an die Menschen liegt auf der Hand. Es ist noch nicht zu spät, wenn die Menschen sich vor dem Auftreten des <strong>\"Klensch\"</strong> auf den Glauben zurückbesinnen, sich mit ihrem Schöpfer versöhnen und Ihn um Vergebung bitten für all das, was sie auf dieser Erde an Unheil angerichtet haben. Zu diesem gehört zum Beispiel u.a.: Unglaube, Ungehorsam gegenüber dem Erhabenen Schöpfer, Mord, ungütige Behandlung der Eltern, Brechen der Gebote, Zügel- und Normlosigkeit durch Ehebruch, Unzucht, Homosexualität, Diebstahl, Betrug und falsches Zeugnis, und nicht zuletzt Misshandlung und Missbrauch von Kindern, Missachtung und Vernachlässigung der Greise und Zerstörung unserer schönen Umwelt. <em>Allāh</em> sagt ”... ist eine Bekanntmachung an die Menschen und eine Leitung und eine Ermahnung für die Gottesfürchtigen.“ (Qur’<em>ān</em> 3:138). Und <em>Allāh</em> weiß am besten, wo die Wahrheit ist! Und (mahne sie an) den Tag, wo Wir aus jedem Volk eine Schar derer versammeln werden, die Unsere Zeichen für Lüge erklärten; und sie sollen in Reih und Glied gehalten werden (27:83), bis Er sprechen wird, wenn sie kommen: ”Habt ihr Meine Zeichen für Lüge erklärt, obwohl ihr keine Kenntnis über sie hattet? Oder was war es, was ihr tatet?“ (27:84) Und der Befehl wird ihres Frevels wegen gegen sie ergehen, und sie werden nicht reden. (27:85) Haben sie denn nicht gesehen, dass Wir die Nacht erschaffen haben, damit sie darin ruhen mögen, und den Tag, (damit sie) sehen (mögen)? Hierin sind wahrlich Zeichen für Leute, die glauben. (27:86)</p>\n<p><em>Tafsīr</em> Al-Qur’<em>ān</em> <em>Al-Karīm</em> 27:83-86 - Im Gegensatz zu dem Tier, das durch die Macht <em>Allāhs</em> zu den Menschen spricht (s. oben 27:82), werden die Menschen nicht mehr reden können. Diese Frage soll sie also nur beschämen und tadeln. Jeder, der Einsicht besitzt, kann sehen, dass die Nacht ein Segen ist, wenn sie zum Ausruhen genutzt wird, aber ein Fluch, wenn sie missbraucht wird. Ebenso sieht er, dass der Tag zur Arbeit, Regsamkeit und Erleuchtung zur Verfügung steht und sein Missbrauch grobe Undankbarkeit gegenüber <em>Allāh</em> (t) ist. Dies sind nur zwei der zahllosen Zeichen <em>Allāhs</em>, die wir jederzeit beobachten können, und uns dadurch ermahnen lassen. (vgl. 10:65-67; 40:61 und die Anmerkung dazu). Und an dem Tage, wenn in den <em>Ṣūr</em> gestoßen wird, hat jeder mit dem Schrecken zu kämpfen, der in den Himmeln und der auf Erden ist, ausgenommen der, den <em>Allāh</em> will. Und alle sollen demütig zu Ihm kommen. (27:87) Und die Berge, die du für fest hältst, wirst du wie Wolken dahingehen sehen: Das (ist das) Werk <em>Allāhs</em>, Der alles vollendet hat. Wahrlich, Er weiß wohl, was ihr tut. (27:88) Dem, der Gutes vollbringt, wird Besseres als das zuteil sein, und sie werden vor dem Schrecken an jenem Tag sicher sein. (27:89) Und die Gesichter derjenigen, die Schlechtes vollbringen, sollen ins Feuer gestürzt werden: ”Seid ihr für das belohnt worden, was ihr getan habt?“ (27:90) 27:87-90 - Hier ist die Rede von dem schrecklichen Ereignis des Weltuntergangs, mit dem die massiven, festen und dauerhaften Berge in Brocken zerfallen und wie Wolken im Weltall schweben. In diesem Versblock werden alle Menschen angesprochen, um sich für diesen schweren Tag mit guten Taten auszurüsten. <em>Abū</em> Ḏ arr (r) berichtete: ”Ich bat den Gesandten <em>Allā</em> hs, mir einen Rat zu geben. Er sagte: »Fürchte <em>Allā</em> h und lass einer bösen Tat eine gute folgen, um sie zu löschen.« Daraufhin sagte ich: »Gehört <strong>\"<em>lā</em> <em>Ilā</em> ha <em>illa-llā</em> h\"</strong> (d.h.: kein Gott ist da außer <em>Allā</em> h) zu den guten Taten?« Der Gesandte <em>Allā</em> hs antwortete: »Sie ist die beste.«“ Die Verschonung vor Schrecken ist in sich schon eine Belohnung. Während die Schrecken der Auferstehung die Ungläubigen lähmen, bleiben die Gläubigen davor sicher; denn im zukünftigen Leben wird sich alles so verhalten, wie sie es erwartet haben. Sie hatten bereits aus der durch die Propheten vermittelte Offenbarung erfahren, dass die Auferstehung stattfindet und eine neue Welt entsteht, wo jeder für seine Handlungen zur Rechenschaft gezogen wird. Stattdessen sind sie zufrieden, weil sie sich auf diesen Tag vorbereitet und sich Mühe gegeben haben, die jetzt ihre Früchte trägt. Darum sind sie weder verwirrt noch bestürzt wie diejenigen, die einen solchen Tag geleugnet haben. (ÜB) (vgl. 6:73; 10:26-27; 14:48; 18:47-49; 20:105-107; 23:101; 28:84; 29:7; 34:37-38; 39:68; 40:40 ; 69:13 und die Anmerkung dazu). ”Wahrlich, mir ist nur befohlen worden, dem Herrn dieser Stadt zu dienen, die Er geheiligt hat, und Sein sind alle Dinge; und mir ist befohlen worden, einer der Gottergebenen zu sein (27:91) und den Qur’<em>ā</em> n zu verlesen.“ Wer also dem rechten Weg folgt, der folgt ihm nur zu seinem eigenen Besten; (wenn) einer irregeht, so sprich: ”Ich bin nur einer der Warner.“ (27:92) Und sprich: ”Aller Preis gebührt <em>Allāh</em>; Er wird euch Seine Zeichen zeigen, und ihr werdet sie erkennen.“ Und dein Herr ist dessen nicht unachtsam, was ihr tut. (27:93)</p>",
    "timestamp": "2025-12-20T14:27:52.303336+00:00",
    "version": "1.0",
    "copyright": {
      "author": "Muhammad Ibn Ahmad Ibn Rassoul",
      "publisher": "IB Verlag Islamische Bibliothek",
      "edition": "41. Auflage",
      "title": "Tafsīr Al-Qur'ān Al-Karīm"
    }
  },
  {
    "key": "de_tafsir-al-azhar",
    "verse_key": "26:214",
    "verses": [
      "26:214"
    ],
    "text": "<p>Dies richtet sich wieder an den Propheten (a.s.s.), der aufgefordert wird, zunächst die ihm Nahestehenden zu warnen. Ein Gläubiger ist dazu verpflichtet, die Wahrheit allen mitzuteilen, die er erreichen kann. Nachdem er diese Aufforderung erhalten hatte, rief der Prophet (a.s.s.) die Nächsten seiner Sippe auf, um ihnen diese Warnung zu übermitteln und zu erklären, wie wenig die Tatsache, dass sie mit ihm verwandt seien, ihnen nützen würde, wenn nicht ihre Taten sie vor <em>Allā</em> hs Bestrafung schützen würden. (ÜB) 26:215-220 - Dies bedeutet, freundlich, liebevoll und rücksichtsvoll ihnen gegenüber zu sein, wie eine Vogelmutter, die ihre Jungen unter ihre Flügel nimmt (vgl. 17:24; 15:88). Hier ist jeder Muslim angesprochen, der sich durch diesen Qur’<em>ā</em> n führen lässt, und er wird aufgerufen, sich allen Gläubigen gegenüber liebevoll und freundlich zu verhalten. Diese Erklärung erstreckt sich auch auf 26:113. Das Verhalten des Propheten (a.s.s.) gegenüber den Gläubigen entsprach sein Leben lang diesem Aufruf. Somit war er eine lebendige Übersetzung des Qur’<em>ā</em> n. (ÜB) (vgl. 17:23-24 und die Anmerkung dazu). (ÜB) ”Soll ich euch verkünden, auf wen die Satane herniederfahren? (26:221) Sie fahren auf jeden gewohnheitsmäßigen Lügner und Sünder hernieder (26:222); sie horchen, und die meisten von ihnen sind Lügner.“ (26:223) Und die Dichter - es sind die Irrenden, die ihnen folgen. (26:224) Hast du nicht gesehen, wie sie verwirrt in jedem Tal umherwandeln (26:225), und wie sie reden, was sie nicht tun? (26:226) Außer denen, die glauben und gute Werke verrichten und <em>Allāhs</em> desöfteren gedenken und die sich widersetzen, nachdem ihnen Unrecht widerfuhr. Und die Ungerechten werden bald erfahren, zu welchem Ort sie zurückkehren werden. (26:227) 26:221-227 - Mit diesem Versblock endet diese wunderbare Sura <strong>\"Die Dichter\"</strong>, die nach dem Vers 26:224 genannt ist. Nach der Verneinung des Einflusses der Satane auf den Qur’<em>ān</em> in 26:210-212 erfolgt hier die Angabe über deren wahren Einfluss. Der Prophet (a.s.s.) soll den Menschen diese Botschaft verkünden, die von Dem herabgesandt wurde, Der das Verborgene kennt. Mit den <strong>\"Lügnern\"</strong> und <strong>\"Sündern\"</strong> sind hier die Zauberer, Wahrsager, Astrologen, Okkultisten, Satanisten u.ä. gemeint, die sich als Kenner des Verborgenen ausgeben oder als Weise, die über Geistermacht verfügen und angeblich das Schicksal der Menschen beeinflussen können. Nach der Aussage unseres Propheten (a.s.s.) nehmen diese Gruppen die von den <em>Ǧinn</em> erlauschte Kenntnis vom verborgenen Wissen und vermischen sie mit hundert Lügen, um diese dann ihren Freunden unter den Menschen mitzuteilen. Erzählen die letzteren diese weiter, so schenken ihnen manche Glauben, aufgrund des wahren, vom Himmel gehörten Wortes. Was die Dichter in diesem Vers angeht, darf nicht falsch verstanden werden. Diesen Begriff muss man zusammen mit den unten in Vers 26:227 erwähnten Ausnahmen lesen, die auch in diesem Vers mit den Worten erwähnt werden: ”Außer denen, die glauben und gute Werke verrichten und</p>\n<p><em>Tafsīr</em> Al-Qur’<em>ān</em> <em>Al-Karīm</em> <em>Allāhs</em> desöfteren gedenken ...“ . Poesie und andere Künste sind nicht an sich böse, sondern können im Gegenteil im Dienste der Religion und der Rechtschaffenheit genutzt werden. Es besteht jedoch auch die Gefahr, dass die Macht des Wortes in der Reimung für niedrige Zwecke missbraucht würde. Dies ist auch eine Antwort darauf, dass die heidnischen Araber den Qur’<em>ān</em> als ein Produkt der poetischen Phantasie des Propheten <em>Muḥammad</em> (a.s.s.) betrachteten (vgl. 36:69). Die Dichter sorgten im alten Arabien nicht nur für Unterhaltung, sondern verbreiteten auch Nachrichten und schließlich auch Gerüchte. Sie waren in jeder Hinsicht das, was wir heute als <strong>\"Medien\"</strong> bezeichnen würden. Die Makkaner verwarfen in ihrer Unschlüssigkeit den Qur’<em>ān</em> als Dichtung und den Propheten nannten sie einen Dichter. Deshalb wollte ihnen der Qur’<em>ān</em> hier aufzeigen, dass der Weg des Qur’<em>ān</em> und des Propheten auf der einen, und der der Dichter auf der anderen Seite grundverschieden sind. Während der Qur’<em>ān</em> ein Ziel verfolgt und einen geraden Weg dazu nimmt, ohne sich von wechselnden Wünschen und Launen beeinflussen zu lassen, ist bei den Dichtern genau das Gegenteil der Fall. Sie sind die Gefangenen ihrer wankelmütigen Gefühle und Launen. Der Prophet (a.s.s.) selber konnte nie genug von der Poesie eines Mannes namens Umaiyya bekommen. Unter den lobenswerten Dichtern zur Zeit des Propheten (a.s.s.) sind besonders <em>Ḥassān</em> und <em>Labīd</em> zu nennen; letzterer war schon in vorislamischer Zeit berühmt. Gläubige und rechtschaffene Dichter fallen nämlich nicht mit in die Kategorie der im Vers 26:224 genannten. Denn diese sind gläubig geworden und ihre Herzen sind eng mit ihrer Überzeugung verbunden. Ihre Beschäftigung mit der Poesie hinderte sie nicht daran, <em>Allāh</em> zu preisen und Seinen Propheten zu rühmen. (ÜB) (vgl. 36:69 und die Anmerkung dazu). Ende der Sura 26 (27) Sura An-Naml (Die Ameisen) (offenbart zu Makka) 93 <em>Ā</em> y <em>ā</em> t Hier handelt es sich um die große Bedeutung von Wundern in Bezug auf unsere materielle Welt. In der Geschichte von Moses (a.s.) ging es um das Handeln unter Beweismacht <em>Allā</em> hs. Als Moses seine Hand an seine Seite drückte, schien sie hell. Aber das bedeutet ebenso, dass seine Hand ohne jeden Schaden gesund geblieben war, d.h. sie war zu einem reinen und leuchtenden Gegenstand geworden, stark genug, um <em>Allā</em> hs Befehl auszuführen. Und sogar sein Stock konnte in eine Schlange verwandelt werden, um ihn zu verteidigen. Die Geschichte von Salomo (a.s.) zeigte, wie er die Sprache der Vögel beherrschte, so dass er mit ihnen kommunizieren konnte. Es ist offensichtlich, dass sie nicht miteinander sprachen, aber Kommunikation bestand durch <em>Allā</em> hs Macht unter ihnen. Er hielt sowohl die <em>Ǧ</em> inn, als auch Menschen und Vögel in Reih und Glied, was ebenso zwei andere Dinge bedeutet: All seine Fähigkeiten, Beschäftigungen, Intelligenz usw. wurden durch seine Gerechtigkeit und Disziplin gut beherrscht. Er hatte viele Befugnisse von <em>Allā</em> h, darunter die Verständigung mit Vögeln und Tieren. Er war weise und <em>Allā</em> h ergeben. Er nützte all diese Gaben <em>Allā</em> hs korrekt, so als wären sie eine gute disziplinierte Armee im Einsatz, um die bestmöglichen Ergebnisse zu erzielen. <em>Allā</em> hs Offenbarung ist wunderbar, so wie das Feuer, das Moses (a.s.) anzog. Gegen Salomo (a.s.) konnte eine weise Ameise sich behaupten als sie vor ihm in ihre Behausung flüchtete. Ein Vogel diente ihm. Die Königin von Saba’ hatte ein wunderbares Königreich; sie erkannte aber, dass es sehr gering war im Vergleich zu <em>Allā</em> hs Königreich. So ergab sie sich, gemeinsam mit Salomo, dem Herrn der Welten und wurde eine</p>\n<p><em>Tafsīr</em> Al-Qur’<em>ān</em> <em>Al-Karīm</em> Muslima. Narren betrachten <em>Allā</em> hs Bestrafung eher als Pech. <em>Allā</em> hs Herrlichkeit regiert alles auf wunderbare Weise. Untreue wurde durch Treue besiegt; deshalb folge <em>Allā</em> hs Botschaft. Diene Ihm und vertraue Ihm. Im Namen <em>Allāhs</em>, des Allerbarmers, des Barmherzigen! <em>Ṭā</em> <em>Sī</em> n . Dies sind die Verse des Qur’<em>ā</em> n - eines deutlichen Buches. (27:1) (Es ist) eine Führung und frohe Botschaft für die, die glauben (27:2), das Gebet verrichten und die <em>Zakā</em> h entrichten und fest mit dem Jenseits rechnen. (27:3) Denjenigen aber, die nicht an das Jenseits glauben, haben Wir ihre Werke schön erscheinen lassen; so wandern sie nur in Verwirrung (umher). (27:4) Das sind die, derer eine schlimme Strafe harrt, und sie allein sind es, die im Jenseits die größten Verlierer sind. (27:5) Und wahrlich, du empfängst den Qur’<em>ā</em> n von einem Allweisen, Allwissenden. (27:6)</p>",
    "timestamp": "2025-12-20T14:27:52.303336+00:00",
    "version": "1.0",
    "copyright": {
      "author": "Muhammad Ibn Ahmad Ibn Rassoul",
      "publisher": "IB Verlag Islamische Bibliothek",
      "edition": "41. Auflage",
      "title": "Tafsīr Al-Qur'ān Al-Karīm"
    }
  }
]