[
  {
    "key": "de_tafsir-al-azhar",
    "verse_key": "90:1",
    "verses": [
      "90:1"
    ],
    "text": "<h2>Sura Al-Balad (Die Ortschaft)</h2>\n<p><em>(offenbart zu Makka)</em></p>\n<p><em>0 Āyāt</em></p>\n<p>(offenbart zu Makka) 20 <em>Ā</em> y <em>ā</em> t Unser Prophet <em>Muḥ</em> ammad, <em>Allā</em> hs Segen und Friede auf ihm, wurde von seinen eigenen Leuten in Makka schlecht behandelt. Der Mensch ist zum Durchkämpfen im Leben erschaffen. Wenn er wohlhabend ist, darf er nicht prahlen; denn er muss vor <em>Allā</em> h (t) abrechnen. Er soll diese Gaben nutzen, um Sklaven zu befreien, Bedürftige und Waisen zu speisen, zu glauben, geduldig zu sein und Taten der Liebenswürdigkeit und Gnade anderen gegenüber zu erweisen. Dann wird er unter den Gefährten <strong>\"zur Rechten Seite\"</strong> sein. Im Namen <em>Allāhs</em>, des Allerbarmers, des Barmherzigen! Ich schwöre bei dieser Ortschaft. (90:1) Und du wohnst in dieser Ortschaft (90:2); und bei dem Zeugenden und bei dem, was er gezeugt hat. (90:3) Wahrlich, Wir haben den Menschen (zu einem Dasein) in Bedrängnis erschaffen. (90:4) Meint er, niemand wird ihn in Bedrängnis bringen? (90:5) Er sagt: ”Ich habe viel Vermögen verschwendet.“ (90:6) Meint er, niemand hätte ihn gesehen? (90:7) Haben Wir ihm nicht zwei Augen gemacht (90:8) und eine Zunge und zwei Lippen? (90:9) Und ihm haben Wir die beiden Wege gezeigt. (90:10)</p>\n<p>Die Sura beginnt mit einer machtvollen Schwurform. Dabei ist die Stadt Makka mit dem geheiligten Haus <em>Allā</em> hs gemeint, das auf Erden errichtet wurde als Ort des Friedens, wo die Menschen ihre Waffen niederlegen und ihre Streitigkeiten beenden müssen, wo selbst Pflanzen, Vögel und alle anderen Geschöpfe in Sicherheit leben. (ÜB) (vgl. den Titel: <strong>\"Lexikon der Pilgerfahrt\"</strong>, Islamische Bibliothek).</p>",
    "timestamp": "2025-12-20T14:27:52.303336+00:00",
    "version": "1.0",
    "copyright": {
      "author": "Muhammad Ibn Ahmad Ibn Rassoul",
      "publisher": "IB Verlag Islamische Bibliothek",
      "edition": "41. Auflage",
      "title": "Tafsīr Al-Qur'ān Al-Karīm"
    }
  },
  {
    "key": "de_tafsir-al-azhar",
    "verse_key": "90:2",
    "verses": [
      "90:2"
    ],
    "text": "<p>Mit <strong>\"du\"</strong> ist unser Prophet <em>Muḥ</em> ammad (a.s.s.) gemeint, der in seiner Geburtsstadt Makka lebte.</p>",
    "timestamp": "2025-12-20T14:27:52.303336+00:00",
    "version": "1.0",
    "copyright": {
      "author": "Muhammad Ibn Ahmad Ibn Rassoul",
      "publisher": "IB Verlag Islamische Bibliothek",
      "edition": "41. Auflage",
      "title": "Tafsīr Al-Qur'ān Al-Karīm"
    }
  },
  {
    "key": "de_tafsir-al-azhar",
    "verse_key": "89:18",
    "verses": [
      "89:18"
    ],
    "text": "<p>Selbst wenn wir unsere eigenen Wertmaßstäbe anlegen, sind wir bereit, sofern wir im</p>\n<p><em>Tafsīr</em> Al-Qur’<em>ān</em> <em>Al-Karīm</em> Überfluss leben, an die Waisen oder an die ums Überleben kämpfenden Armen zu denken? Viele Menschen sind sogar bereit, das Erbe der hilflosen Waisen zu unterschlagen und ihre eigene Versorgung in Ausschweifungen zu verschwenden. 89:19-20 - Die Erbschaft kann missbraucht werden, durch den Verwalter des Erbgutes von Minderjährigen oder Menschen, die ihre eigenen Interessen nicht wahrnehmen können. Nicht aber so, wenn die Erde kurz und klein zermalmt wird (89:21) und dein Herr kommt und (auch) die Engel in Reihen auf Reihen (kommen) (89:22) und die <em>Ǧ</em> ahannam an jenem Tage nahegebracht wird. An jenem Tage wird der Mensch bereit sein, sich mahnen zu lassen; aber was wird ihm dann eine Mahnung nutzen? (89:23) Er wird sagen: ”O hätte ich doch im Voraus für (dieses) mein Leben Sorge getragen!“ (89:24) An jenem Tag wird niemand so bestrafen wie Er (89:25), und niemand wird so festbinden wie Er. (89:26) O du ruhige Seele! (89:27) Kehre zurück zu deinem Herrn wohlzufrieden und mit (<em>Allāhs</em>) Wohlwollen. (89:28) So schließ' dich dem Kreis Meiner Diener an. (89:29) Und tritt ein in Mein Paradies. (89:30) 89:21-26 - Am Tag der Auferstehung wird sich der Mensch erinnern, aber wie kann ihm diese Erinnerung helfen? Obwohl es keine Erklärung für das Kommen <em>Allā</em> hs und der Engel gibt, vermittelt diese Ankündigung Ehrfurcht und ängstliche Erwartung. Dies trifft ebenso auf die Hölle zu, die dann ihren künftigen Bewohnern ganz nahe sein wird. Was tatsächlich geschehen wird und wie es geschieht, ist Bestandteil des göttlichen Wissens. Der Mensch, der nie darüber nachgedacht hat, was für eine Prüfung in weltlichen Gütern liegen könnte oder in auferlegten Entbehrungen, der gierig das Erbe von Waisen verschlang, der sich in dem Wunsch nach Geld verzehrte, ohne sich um die Bedürfnisse der Waisen und Armen zu kümmern, der unterdrückte, Unordnung stiftete und sich von der göttlichen Rechtleitung abwandte, dieser Mensch wird sich nun der Wahrheit erinnern und erkennen, was vor ihm liegt. 89:27-30 - Am Ende dieser herrlichen Sura ruft unser Schöpfer seine Diener mit herzergreifenden Worten an und sagt in der Einzelform: ”O du ruhige Seele! Kehre zurück zu deinem Herrn wohlzufrieden und mit <em>Allā</em> hs Wohlwollen. So schließ' dich dem Kreis Meiner Diener an. Und tritt ein in Mein Paradies.“ Wie sanft, liebevoll und tröstlich wird hier die im Frieden ihrer irdischen Gottesfürchtigkeit eingebettete Seele willkommen geheißen und aufgefordert, mit jenen Gottesdienern, denen Gnade zuteil wird, in das göttliche Paradies einzutreten. (ÜB) Alles Lob gebührt Ihm, Dem Herrn der Schöpfung. Ende der Sura 89</p>\n<p><em>Tafsīr</em> Al-Qur’<em>ān</em> <em>Al-Karīm</em> (90) Sura Al-Balad (Die Ortschaft) (offenbart zu Makka) 20 <em>Ā</em> y <em>ā</em> t Unser Prophet <em>Muḥ</em> ammad, <em>Allā</em> hs Segen und Friede auf ihm, wurde von seinen eigenen Leuten in Makka schlecht behandelt. Der Mensch ist zum Durchkämpfen im Leben erschaffen. Wenn er wohlhabend ist, darf er nicht prahlen; denn er muss vor <em>Allā</em> h (t) abrechnen. Er soll diese Gaben nutzen, um Sklaven zu befreien, Bedürftige und Waisen zu speisen, zu glauben, geduldig zu sein und Taten der Liebenswürdigkeit und Gnade anderen gegenüber zu erweisen. Dann wird er unter den Gefährten <strong>\"zur Rechten Seite\"</strong> sein. Im Namen <em>Allāhs</em>, des Allerbarmers, des Barmherzigen! Ich schwöre bei dieser Ortschaft. (90:1) Und du wohnst in dieser Ortschaft (90:2); und bei dem Zeugenden und bei dem, was er gezeugt hat. (90:3) Wahrlich, Wir haben den Menschen (zu einem Dasein) in Bedrängnis erschaffen. (90:4) Meint er, niemand wird ihn in Bedrängnis bringen? (90:5) Er sagt: ”Ich habe viel Vermögen verschwendet.“ (90:6) Meint er, niemand hätte ihn gesehen? (90:7) Haben Wir ihm nicht zwei Augen gemacht (90:8) und eine Zunge und zwei Lippen? (90:9) Und ihm haben Wir die beiden Wege gezeigt. (90:10)</p>",
    "timestamp": "2025-12-20T14:27:52.303336+00:00",
    "version": "1.0",
    "copyright": {
      "author": "Muhammad Ibn Ahmad Ibn Rassoul",
      "publisher": "IB Verlag Islamische Bibliothek",
      "edition": "41. Auflage",
      "title": "Tafsīr Al-Qur'ān Al-Karīm"
    }
  }
]