[
  {
    "key": "de_tafsir-al-azhar",
    "verse_key": "69:13",
    "verses": [
      "69:13"
    ],
    "text": "<h2>Sura Al-Ḥāqqa (Die Wahrheit)</h2>\n<p><em>(offenbart zu Makka)</em></p>\n<p><em>0 Āyāt</em></p>\n<p>(offenbart zu Makka) 52 <em>Ā</em> y <em>ā</em> t Die überheblichen Völker der Vergangenheit lehnten <em>Allā</em> hs Zeichen ab und wurden bestraft. Aber diese Strafe ist immer noch gering im Vergleich zu jener im Jenseits, wo Gutes und Böses aussortiert werden. Die Rechtschaffenen werden eine große Belohnung genießen, während die Missetäter eine furchtbare Strafe erleiden müssen. Das ist keine leere Botschaft; es ist <em>Allā</em> hs Wahrheit. Die Botschaft des Qur’<em>ā</em> n ist die volle Wirklichkeit. Im Namen <em>Allāhs</em>, des Allerbarmers, des Barmherzigen! <em>Al-Ḥāqqa</em>. (69:1) Was ist <em>Al-Ḥāqqa</em>? (69:2) Und wie kannst du wissen, was <em>Al-Ḥāqqa</em> ist? (69:3) Die Ṯamūd und die ‘<em>Ād</em> leugneten <em>Al-Qāri</em>‘a. (69:4) Dann, was die Ṯamūd anbelangt, so wurden sie durch einen fürchterlichen Schall vernichtet. (69:5) Und was die ‘<em>Ād</em> anbelangt, so wurden sie durch einen gewaltigen, eiskalten Wind vernichtet (69:6), den Er sieben Nächte und acht Tage lang ununterbrochen gegen sie wüten ließ, so dass du das Volk hättest sehen können, dort niedergestreckt, als wären sie hohle Palmstämme. (69:7) Siehst du von ihnen einen übrig (geblieben)? (69:8) Und Pharao und diejenigen, die vor ihm waren, und die zusammengestürzten Städte waren großen Frevels schuldig (69:9), und sie waren widerspenstig gegen den Gesandten ihres Herrn, darum erfasste Er sie mit drosselndem Griff. (69:10) Siehe, als das Wasser schwoll, da trugen Wir euch auf dem Schiff (69:11), so dass Wir es zu einer Erinnerung für euch machten, und auf dass bewahrende Ohren sie bewahren mögen. (69:12) 69:1-12 - Das arabische Wort <strong>\"<em>Al-Ḥāqqa</em>\"</strong> bedeutet sprachlich die <strong>\"absolute Wahrheit\"</strong>. Hiermit geht es um das unvermeidbare Ereignis des Untergangs des Lebens in jeder Form, auch der Weltuntergang, der zu jederzeit eintreffen wird. Es ist der Zustand, in dem aller Trug und Schein verschwindet und die absolute Wahrheit offenbar sein wird. Und dies geschah in aller <strong>\"Wahrheit\"</strong> mit den beiden Völkern Ṯamūd und ‘<em>Ād</em>. Die Ṯamūd unterdrückten die Armen. Ihr Prophet <em>Ṣāliḥ</em> predigte unter ihnen und brachte die wunderbare Kamelstute als Beweis für die Rechte der Armen, aber sie schnitten ihr die Kniesehnen durch. Sie wurden durch eine große Katastrophe vernichtet. Die ‘<em>Ād</em> waren ein ungerechtes Volk, dessen besondere Stärke es dazu verführte, die anderen Völker anzugreifen und grausam zu unterdrücken. Als <em>Allāh</em> (t) Seinen Propheten <em>Hūd</em> zu ihnen schickte, waren sie zu stolz, um ihm zu folgen und sich demütig vor <em>Allāh</em> (t) zu niederwerfen. (ÜB) Deshalb traf sie die geschilderte Strafe. Moses (a.s.) war der Gesandte, der zu Pharao geschickt wurde. (vgl. 7:103-137). Noah wurde für seine Vorbereitungen auf die Flut verspottet (vgl. 11:38). Aber <em>Allāh</em> (t) hatte ihm befohlen, die Arche zu bauen, damit dadurch die Menschen in diesem Gebiet vor dem Untergang gerettet werden konnten. (ÜB) Da der Bau auf <em>Allāhs</em> Geheiß hin erfolgte, wird hier gesagt: <strong>\"... da trugen Wir euch auf dem Schiff\"</strong>. (vgl. dazu 7:59-64, 73, 65, 80-84; 9:70; 11:25-60; 37:19; 39:68; 50:21-22). Und wenn in den <em>Ṣūr</em> gestoßen wird mit einem einzigen Stoß (69:13) und die Erde samt den Bergen emporgehoben und dann mit einem einzigen Schlag niedergeschmettert wird (69:14),</p>\n<p><em>Tafsīr</em> Al-Qur’<em>ān</em> <em>Al-Karīm</em> an jenem Tage wird das Ereignis schon eingetroffen sein. (69:15) Und der Himmel wird sich spalten; denn an jenem Tage wird er brüchig sein. (69:16) Und die Engel werden an seinen Rändern stehen, und acht (Engel) werden an jenem Tage den Thron deines Herrn über sich tragen. (69:17) An jenem Tage werdet ihr (bei <em>Allāh</em>) vorstellig sein - keines eurer Geheimnisse wird verborgen bleiben. (69:18)</p>\n<p>Wir kommen jetzt zu dem unausweichlichen Ereignis, dem Tag des Jüngsten Gerichts, der das Thema dieser Sura ist. Dies ist der erste Posaunenstoß, der auch in 39:68 erwähnt ist. (ÜB) (vgl. 27:87-90 und die Anmerkung dazu). 69:14-15 - Darunter ist zu verstehen, dass die Erdkruste, auf der wir leben, mit den massiven Bergen hochgerissen und niedergeschmettert wird. Diese Art der Zerstörung bildet ein Spezifikum für den Weltuntergang und darf nicht als <strong>\"Erdbeben\"</strong> bezeichnet werden. Die Berge werden hier besonders erwähnt, weil sie im Qur’<em>ā</em> n als Stabilisatoren für die Erde bezeichnet (vgl. 78:7). Hier dann mit diesem Ereignis verliert sie ihre Stabilität und das Leben wird auf ihr unmöglich sein.</p>",
    "timestamp": "2025-12-20T14:27:52.303336+00:00",
    "version": "1.0",
    "copyright": {
      "author": "Muhammad Ibn Ahmad Ibn Rassoul",
      "publisher": "IB Verlag Islamische Bibliothek",
      "edition": "41. Auflage",
      "title": "Tafsīr Al-Qur'ān Al-Karīm"
    }
  },
  {
    "key": "de_tafsir-al-azhar",
    "verse_key": "69:16",
    "verses": [
      "69:16"
    ],
    "text": "<p>Das Himmelgewölbe ist - wie wir sehen - ein sicherer Bau ohne Stutzpfeiler (vgl. 13:2). Am Tage des genannten Ereignisses (s. oben) wird der Himmel ebenfalls wie die gewaltigen Berge (vgl. 69:14-15) brüchig sein, dass wir jederzeit mit seinem Absturz rechnen müssen. 69:17-18 - Die Zahl acht und das <strong>\"Tragen\"</strong> des Thrones in diesem Vers konnten die Kommentatoren bislang nicht begründen. Der Qur’<em>ā</em> n schweigt darüber und dies muss wiederum seinen Grund haben. Es handelt sich um die Kenntnis des Verborgenen, das <em>Allā</em> h (t) allein kennt. Alles Verborgene wird am Tage des <strong>\"Ereignisses\"</strong> offenkundig sein. (vgl. dazu 7:54; 39:75; 74:30). Was dann den anbelangt, dem sein Buch in die Rechte gegeben wird, so wird er sagen: ”Wohlan, lest mein Buch. (69:19) Wahrlich, ich habe damit gerechnet, dass ich meiner Rechenschaft begegnen werde.“ (69:20) So wird er ein Wohlleben (69:21) in einem hochgelegenen Paradies führen (69:22), dessen Früchte leicht erreichbar sind. (69:23) ”Esst und trinkt und lasst es euch wohl bekommen für das, was ihr in den vergangenen Tagen gewirkt habt.“ (69:24) 69:19-24 - Die Art und Weise für den Empfang des Buches verrät schon das Schicksal seines Empfängers. Derjenige, dem das Buch in die Rechte gegeben wird, kann nicht seine Linke bewegen und sie benutzen. Das Gegenteil geschieht demjenigen, der das Buch mit der Linken entgegennimmt (vgl. unten 69:25-37); er kann dann die Rechte nicht bewegen und dadurch kennt er sein Schicksal im Voraus. (vgl. dazu 2:110; 14:48; 17:71; 55:54; 56:27; 74:39; 76:14). Was aber den anbelangt, dem sein Buch in die Linke gegeben wird, so wird er sagen: ”O wäre mir mein Buch doch nicht gegeben worden! (69:25) Und hätte ich doch nie erfahren, was meine Rechenschaft ist! (69:26) O hätte doch der Tod (mit mir) ein Ende gemacht! (69:27) Mein Vermögen hat mir nichts genützt. (69:28) Meine Macht ist von mir gegangen.“ (69:29) ”Ergreift ihn und fesselt ihn (69:30), dann lasst ihn hierauf in der <em>Al-Ǧ</em> a <em>ḥīm</em> brennen. (69:31) Dann legt ihn in eine Kette, deren Länge siebzig Ellen misst (69:32); denn er glaubte ja nicht an <em>Allāh</em>, den Allmächtigen (69:33), und forderte nicht zur Speisung der Armen auf.</p>\n<p><em>Tafsīr</em> Al-Qur’<em>ān</em> <em>Al-Karīm</em> (69:34) Hier hat er nun heute keinen Freund (69:35) und keine Nahrung außer Eiter (69:36), den nur die Sünder essen.“ (69:37) 69:25-33 - Dies steht im Gegensatz zu demjenigen, der das Buch mit seiner Rechten entgegennimmt (vgl. oben 69:19-24). Er kennt dann sein elendes Schicksal und jammert in großer Verzweiflung und tiefer Trauer, dass weder sein Reichtum noch seine Macht, womit er auf der Erde prahlte, ihm heute im Geringsten nützen. (vgl. dazu 9:80; 13:5, 34-35; 14:49; 17:29; 34:33; 36:38; 69:19).</p>",
    "timestamp": "2025-12-20T14:27:52.303336+00:00",
    "version": "1.0",
    "copyright": {
      "author": "Muhammad Ibn Ahmad Ibn Rassoul",
      "publisher": "IB Verlag Islamische Bibliothek",
      "edition": "41. Auflage",
      "title": "Tafsīr Al-Qur'ān Al-Karīm"
    }
  },
  {
    "key": "de_tafsir-al-azhar",
    "verse_key": "69:34",
    "verses": [
      "69:34"
    ],
    "text": "<p>Über die Notwendigkeit der Speisung der Armen lesen wir folgenden Bericht in unserer Zeit des Wohlstandes: Jedes Jahr sterben fast sieben Millionen Kinder vor ihrem fünften Geburtstag an den Folgen von Mangelernährung. Am stärksten betroffen seien Länder im südlichen Asien - nämlich Bangladesh, Indien und Nepal. In Afrika südlich der Sahara erleide jedes dritte Kind dieses Schicksal. Nach der Geburt wurden Säuglinge und Kleinkinder durch Mangelernährung in der Entwicklung ihrer psychomotorischen und intellektuellen Fähigkeiten beeinträchtigt. Chronische Mangelernährung führe dazu, dass Menschen ihr Leben lang in erhöhtem Maß für Krankheiten anfällig seien. (FAZ Nr. 293/97) 69:35-37 - Die irdischen Freunde, die er auf Grund seiner Macht und seines Reichtums um sich hatte, vermisst er im jenseitigen Leben. Und die Nahrung, die er den Armen im irdischen Leben vorenthalten hatte, findet er nicht wieder (vgl. oben 69:34). Stattdessen wird er mit Eiter ernährt (vgl. dazu 89:18; 107:3). Doch Ich schwöre bei dem, was ihr seht (69:38), und bei dem, was ihr nicht seht (69:39), dass dies wahrlich das Wort (<em>Allāhs</em> durch den Mund) eines ehrwürdigen Gesandten ist. (69:40) Und es ist nicht das Werk eines Dichters; wenig ist das, was ihr glaubt (69:41), noch ist es die Rede eines Wahrsagers; wenig ist das, was ihr bedenkt. (69:42) (Es ist) eine Offenbarung vom Herrn der Welten. (69:43) 69:38-39 - Dies ist ein ähnlicher Schwur wie der in 56:75; 70:40; 90:1. Wir werden demnach aufgefordert, an die Offenbarung des Qur’<em>ā</em> n zu glauben (vgl. dazu 6:59; 57:4; 35:11; 35:41 und 6:95-99). 69:40-42 - Dies ist die Aussage eines Gesandten, der sie von <em>Allā</em> h her übermittelt; denn der Gesandte spricht nicht von sich aus. Es handelt sich um <em>Muḥ</em> ammad oder Gabriel (Baid, Gät).</p>",
    "timestamp": "2025-12-20T14:27:52.303336+00:00",
    "version": "1.0",
    "copyright": {
      "author": "Muhammad Ibn Ahmad Ibn Rassoul",
      "publisher": "IB Verlag Islamische Bibliothek",
      "edition": "41. Auflage",
      "title": "Tafsīr Al-Qur'ān Al-Karīm"
    }
  },
  {
    "key": "de_tafsir-al-azhar",
    "verse_key": "69:43",
    "verses": [
      "69:43"
    ],
    "text": "<p>Die heidnischen Araber konnten sehr wohl wahrnehmen, dass die Offenbarung von einem Mann überbracht wurde, der edel und sanftmütig war und keinerlei eigennützige Absichten verfolgte, und dass seine Anhänger eine Verwandlung erfuhren, wie es das Wort eines Dichters oder Wahrsagers niemals hätte bewirken können. Sie konnten anhand der Sprache sehr wohl feststellen, dass es sich nicht um Dichtung handelte, sondern um eine Botschaft, die mit nichts zu vergleichen war. Darüber hinaus konnten sie die wunderbaren Phänomene in der Natur beobachten, die vor ihren Augen abliefen, und die dort wirksame Gesetzmäßigkeiten erkennen. Was sie jedoch nicht wahrnehmen konnten, war folgendes: <em>Allā</em> h (t) allein ist der Schöpfer und Herr des Universums. Alle anderen Wesen sind lediglich Geschöpfe. Die Auferstehung muss unvermeidlich stattfinden, und <em>Muḥ</em> ammad (a.s.s.) war wirklich als Gesandter <em>Allā</em> hs beauftragt,</p>\n<p><em>Tafsīr</em> Al-Qur’<em>ān</em> <em>Al-Karīm</em> ihnen den Qur’<em>ā</em> n zu übermitteln. (ÜB) Und hätte er irgendwelche Aussprüche in Unserem Namen ersonnen (69:44), hätten Wir ihn gewiss bei der Rechten gefasst (69:45) und ihm dann die Herzader durchschnitten. (69:46) Und keiner von euch hätte (Uns) von ihm abhalten können. (69:47) Und wahrlich, es ist eine Ermahnung für die Gottesfürchtigen. (69:48) Und Wir wissen wahrlich, dass einige von euch Leugner sind. (69:49) Und wahrlich, es ist ein schmerzhaftes Bedauern für die Ungläubigen. (69:50) Und wahrlich, es ist die Wahrheit mit aller Gewissheit. (69:51) Darum preise den Namen deines Allmächtigen Herrn. (69:52)</p>",
    "timestamp": "2025-12-20T14:27:52.303336+00:00",
    "version": "1.0",
    "copyright": {
      "author": "Muhammad Ibn Ahmad Ibn Rassoul",
      "publisher": "IB Verlag Islamische Bibliothek",
      "edition": "41. Auflage",
      "title": "Tafsīr Al-Qur'ān Al-Karīm"
    }
  },
  {
    "key": "de_tafsir-al-azhar",
    "verse_key": "69:44",
    "verses": [
      "69:44"
    ],
    "text": "<p>Dies bezieht sich auf die Person des Propheten (a.s.s.). 69:45-51 - Die rechte Hand ist die Hand der Kraft und des Geschicks. Wer bei seiner rechten Hand ergriffen wird, wird damit daran gehindert, so zu handeln, wie er es will, oder seine Vorhaben auszuführen. (ÜB) (vgl. dazu 2:2-3; 102:5-7).</p>",
    "timestamp": "2025-12-20T14:27:52.303336+00:00",
    "version": "1.0",
    "copyright": {
      "author": "Muhammad Ibn Ahmad Ibn Rassoul",
      "publisher": "IB Verlag Islamische Bibliothek",
      "edition": "41. Auflage",
      "title": "Tafsīr Al-Qur'ān Al-Karīm"
    }
  },
  {
    "key": "de_tafsir-al-azhar",
    "verse_key": "68:52",
    "verses": [
      "68:52"
    ],
    "text": "<p>Die Deklaration in diesem Vers zum Schluss dieser wunderbaren Sura ist eine Ermahnung für die ganze Welt und ein Ausdruck der Universalität dieser Botschaft. (Zum Begriff <strong>\"alle Welten\"</strong> vgl. ferner 1:2 und die Anmerkung dazu). Ende der Sura 68 Und wer Böses tut oder sich gegen sich selbst vergeht und dann <em>Allāh</em> um Vergebung bittet, der findet <em>Allāh</em> Allvergebend, Barmherzig. (4) Sura <em>An-Nisā</em>’ (Die Frauen), Vers 110</p>\n<p><em>Tafsīr</em> Al-Qur’<em>ān</em> <em>Al-Karīm</em> (69) Sura <em>Al-Ḥāqqa</em> (Die Wahrheit) (offenbart zu Makka) 52 <em>Ā</em> y <em>ā</em> t Die überheblichen Völker der Vergangenheit lehnten <em>Allā</em> hs Zeichen ab und wurden bestraft. Aber diese Strafe ist immer noch gering im Vergleich zu jener im Jenseits, wo Gutes und Böses aussortiert werden. Die Rechtschaffenen werden eine große Belohnung genießen, während die Missetäter eine furchtbare Strafe erleiden müssen. Das ist keine leere Botschaft; es ist <em>Allā</em> hs Wahrheit. Die Botschaft des Qur’<em>ā</em> n ist die volle Wirklichkeit. Im Namen <em>Allāhs</em>, des Allerbarmers, des Barmherzigen! <em>Al-Ḥāqqa</em>. (69:1) Was ist <em>Al-Ḥāqqa</em>? (69:2) Und wie kannst du wissen, was <em>Al-Ḥāqqa</em> ist? (69:3) Die Ṯamūd und die ‘<em>Ād</em> leugneten <em>Al-Qāri</em>‘a. (69:4) Dann, was die Ṯamūd anbelangt, so wurden sie durch einen fürchterlichen Schall vernichtet. (69:5) Und was die ‘<em>Ād</em> anbelangt, so wurden sie durch einen gewaltigen, eiskalten Wind vernichtet (69:6), den Er sieben Nächte und acht Tage lang ununterbrochen gegen sie wüten ließ, so dass du das Volk hättest sehen können, dort niedergestreckt, als wären sie hohle Palmstämme. (69:7) Siehst du von ihnen einen übrig (geblieben)? (69:8) Und Pharao und diejenigen, die vor ihm waren, und die zusammengestürzten Städte waren großen Frevels schuldig (69:9), und sie waren widerspenstig gegen den Gesandten ihres Herrn, darum erfasste Er sie mit drosselndem Griff. (69:10) Siehe, als das Wasser schwoll, da trugen Wir euch auf dem Schiff (69:11), so dass Wir es zu einer Erinnerung für euch machten, und auf dass bewahrende Ohren sie bewahren mögen. (69:12) 69:1-12 - Das arabische Wort <strong>\"<em>Al-Ḥāqqa</em>\"</strong> bedeutet sprachlich die <strong>\"absolute Wahrheit\"</strong>. Hiermit geht es um das unvermeidbare Ereignis des Untergangs des Lebens in jeder Form, auch der Weltuntergang, der zu jederzeit eintreffen wird. Es ist der Zustand, in dem aller Trug und Schein verschwindet und die absolute Wahrheit offenbar sein wird. Und dies geschah in aller <strong>\"Wahrheit\"</strong> mit den beiden Völkern Ṯamūd und ‘<em>Ād</em>. Die Ṯamūd unterdrückten die Armen. Ihr Prophet <em>Ṣāliḥ</em> predigte unter ihnen und brachte die wunderbare Kamelstute als Beweis für die Rechte der Armen, aber sie schnitten ihr die Kniesehnen durch. Sie wurden durch eine große Katastrophe vernichtet. Die ‘<em>Ād</em> waren ein ungerechtes Volk, dessen besondere Stärke es dazu verführte, die anderen Völker anzugreifen und grausam zu unterdrücken. Als <em>Allāh</em> (t) Seinen Propheten <em>Hūd</em> zu ihnen schickte, waren sie zu stolz, um ihm zu folgen und sich demütig vor <em>Allāh</em> (t) zu niederwerfen. (ÜB) Deshalb traf sie die geschilderte Strafe. Moses (a.s.) war der Gesandte, der zu Pharao geschickt wurde. (vgl. 7:103-137). Noah wurde für seine Vorbereitungen auf die Flut verspottet (vgl. 11:38). Aber <em>Allāh</em> (t) hatte ihm befohlen, die Arche zu bauen, damit dadurch die Menschen in diesem Gebiet vor dem Untergang gerettet werden konnten. (ÜB) Da der Bau auf <em>Allāhs</em> Geheiß hin erfolgte, wird hier gesagt: <strong>\"... da trugen Wir euch auf dem Schiff\"</strong>. (vgl. dazu 7:59-64, 73, 65, 80-84; 9:70; 11:25-60; 37:19; 39:68; 50:21-22). Und wenn in den <em>Ṣūr</em> gestoßen wird mit einem einzigen Stoß (69:13) und die Erde samt den Bergen emporgehoben und dann mit einem einzigen Schlag niedergeschmettert wird (69:14),</p>\n<p><em>Tafsīr</em> Al-Qur’<em>ān</em> <em>Al-Karīm</em> an jenem Tage wird das Ereignis schon eingetroffen sein. (69:15) Und der Himmel wird sich spalten; denn an jenem Tage wird er brüchig sein. (69:16) Und die Engel werden an seinen Rändern stehen, und acht (Engel) werden an jenem Tage den Thron deines Herrn über sich tragen. (69:17) An jenem Tage werdet ihr (bei <em>Allāh</em>) vorstellig sein - keines eurer Geheimnisse wird verborgen bleiben. (69:18)</p>",
    "timestamp": "2025-12-20T14:27:52.303336+00:00",
    "version": "1.0",
    "copyright": {
      "author": "Muhammad Ibn Ahmad Ibn Rassoul",
      "publisher": "IB Verlag Islamische Bibliothek",
      "edition": "41. Auflage",
      "title": "Tafsīr Al-Qur'ān Al-Karīm"
    }
  }
]