[
  {
    "key": "de_tafsir-al-azhar",
    "verse_key": "76:7",
    "verses": [
      "76:7"
    ],
    "text": "<h2>Sura Al-Insā n (Der Mensch)</h2>\n<p><em>(offenbart zu Unknown)</em></p>\n<p><em>0 Āyāt</em></p>\n<p>(offenbart zu <em>Al-Madī</em> na) 31 <em>Ā</em> y <em>ā</em> t Zu jener Zeit vor seiner Erschaffung war der Mensch nichts. Sein Anfang war gewiss sehr einfach. Dann zeigte <em>Allā</em> h ihm den Weg und gab ihm die freie Entscheidung. Diejenigen, die Gutes tun, werden belohnt. Die Ungläubigen werden bestraft; deshalb sei geduldig und preise <em>Allā</em> h zu allen Zeiten. Im Namen <em>Allāhs</em>, des Allerbarmers, des Barmherzigen! Gab es nicht für den Menschen eine Zeit, da er nichts Nennenswertes war? (76:1) Wahrlich, Wir erschufen den Menschen aus einer Ergussmischung, auf dass Wir ihn prüfen möchten; dann machten Wir ihn hörend und sehend. (76:2) Wir haben ihm den rechten Weg gezeigt, mochte er nun dankbar oder undankbar sein. (76:3) 76:1-3 - Der Mensch, nach dem diese Sura genannt ist, ist hier als eine Gattung unter den vielen Arten in der Schöpfung zu verstehen. Der Ursprung dieses Wesens ist eine Mischung aus der männlichen und der weiblichen Zelle (vgl. oben 75:33-40 und die Anmerkung dazu). Der Mensch hat zwar keinen beachtenswerten Ursprung, ihm aber ist die Gabe höherer Fähigkeiten verliehen worden, so dass er hören und sehen kann. Mit diesen beiden Vermögen steigt sein Wert und er kann die Schöpfung des Erhabenen sehen, Sein Wort hören und mit dem ihm verliehen Geist verstehen. Auf Grund dieser drei Komponenten wird der Mensch zur Verantwortung und Rechenschaft für seine Taten gezogen (vgl. dazu 2:30; 86:6-8). Der hier verwendete Begriff der Verantwortung darf nicht auf das Tier angewandt werden, weil bei dieser Gattung der Geist fehlt, auch dann, wenn bei ihr Augen und Ohren vorhanden sind (vgl. 2:30-31; 16:3-4; 75:33-40; 90:10 und die Anmerkung dazu). Wahrlich, Wir haben für die Ungläubigen Ketten, eiserne Nackenfesseln und einen Feuerbrand bereitet. (76:4) Die Rechtschaffenen aber trinken aus einem Becher, dem Kampfer beigemischt ist. (76:5) (Er wird gespeist aus) einer Quelle, von der die Diener <em>Allāhs</em> trinken, und die sie in reichlichem Maße hervorsprudeln lassen. (76:6) Sie vollbringen das Gelübde, und sie fürchten einen Tag, dessen Unheil sich weithin ausbreitet. (76:7) Und sie geben Speise - und mag sie ihnen (auch) noch so lieb sein - dem Armen, der Waise und dem Gefangenen (76:8), (indem sie sagen:) ”Wir speisen euch nur um <em>Allāhs</em> willen. Wir begehren von euch weder Lohn noch Dank dafür. (76:9) Wahrlich, wir fürchten von unserem Herrn einen finsteren, unheilvollen Tag.“ (76:10) Darum wird <em>Allāh</em> sie vor dem Übel jenes Tages bewahren und ihnen Herzensfreude und Glückseligkeit bescheren. (76:11) Und Er wird sie für ihre Geduld mit einem Paradies und seidenen (Gewändern) belohnen.</p>\n<p><em>Tafsīr</em> Al-Qur’<em>ān</em> <em>Al-Karīm</em> (76:12) 76:4-6 - Hier wird kurz und zusammenfassend erwähnt, welche peinliche Strafe die Ungerechten erwarten. An ihren Füßen liegen schwere Ketten und an ihren Händen enge harte Fesseln, und so werden sie in die Feuerglut gestürzt.</p>\n<p>Unser Prophet (a.s.s.) hat ausdrücklich von Gelöbnissen abgeraten, die mit sinnloser Leistung verbunden sind oder beinhalten, dass jemand seinen gesamten Besitz den Katzen gibt und seine Angehörigen hungern lässt. Die Rechtsgelehrten empfehlen, dass die Erben verpflichtet sind, die Gelöbnisse ihres Verstorbenen zu erfüllen, soweit dies möglich und sinnvoll ist. (vgl. dazu 5:1; 7:172; 22:29; 56:18-19; 82:25-28).</p>",
    "timestamp": "2025-12-20T14:27:52.303336+00:00",
    "version": "1.0",
    "copyright": {
      "author": "Muhammad Ibn Ahmad Ibn Rassoul",
      "publisher": "IB Verlag Islamische Bibliothek",
      "edition": "41. Auflage",
      "title": "Tafsīr Al-Qur'ān Al-Karīm"
    }
  },
  {
    "key": "de_tafsir-al-azhar",
    "verse_key": "76:8",
    "verses": [
      "76:8"
    ],
    "text": "<p>Obwohl die Spender selbst ihre gespendete Nahrung lieben und brauchen, unterstützen sie andere damit. Mit den <strong>\"Gefangenen\"</strong> sind sowohl die Kriegsgefangenen als auch die Sklaven gemeint, die aus den Spendegeldern freigekauft werden. Auf dergleichen Ebene werden auch die Schuldner behandelt; denn unser Prophet (a.s.s.) sagte: ”Der Schuldner ist dein Gefangener; verhalte dich daher deinem Gefangenen gegenüber freundlich.“ (ÜB) (vgl. dazu 2:177 und 90:14- 16).</p>",
    "timestamp": "2025-12-20T14:27:52.303336+00:00",
    "version": "1.0",
    "copyright": {
      "author": "Muhammad Ibn Ahmad Ibn Rassoul",
      "publisher": "IB Verlag Islamische Bibliothek",
      "edition": "41. Auflage",
      "title": "Tafsīr Al-Qur'ān Al-Karīm"
    }
  },
  {
    "key": "de_tafsir-al-azhar",
    "verse_key": "76:9",
    "verses": [
      "76:9"
    ],
    "text": "<p>Diese Worte müssen nicht unbedingt ausgesprochen werden. Sie drücken nur die wahren Absichten hinter aufrichtiger Freigebigkeit aus. Dies bezieht sich nicht nur auf die Nahrung, sondern auf Hilfeleistungen aller Art. Man schließt daraus, dass es in Makka unter den Götzendienern keine echte Barmherzigkeit für die Bedürftigen gab. Es waren vielmehr Schauaktionen, welche der Angeberei und der Selbstdarstellung dienten. Die Gläubigen aber halfen den Bedürftigen aus ehrlicher Güte und Barmherzigkeit, ohne einen Gegenlohn dafür zu verlangen. (ÜB) 76:10-12 - Der Tag des Jüngsten Gerichts wird nach den qur’<em>ā</em> nischen Angaben ohne jeden Zweifel ein finsterer und unheilvoller Tag sein. In diesem Versblock handelt es sich um die bekannte Parallelität des Qur’<em>ā</em> n. D.h., dass jedesmal, wenn <em>Allā</em> h (t) von der Belohnung der rechtschaffenen Diener im Paradies spricht (vgl. 38:49-54), berichtet Er von der Bestrafung der Ungläubigen, und zwar aus dem Prinzip der Barmherzigkeit und der Gerechtigkeit zugelich, weil die Botschaft stets diese Eigenschaft hat: Als frohe Botschaft und als Warnung. (vgl. dazu 18:31; 22:23; 75:22-23). Die Fortsetzung geht weiter unten in 76:13 ff. Darin lehnen sie auf erhöhten Sitzen, (und) sie werden dort weder Sonnenhitze noch Eiseskälte erleben. (76:13) Und seine Schatten werden tief auf sie herabreichen, und seine gebüschelten Früchte machen sich ganz leicht zu greifen. (76:14) Und Trinkgefäße aus Silber werden unter ihnen die Runde machen, und Pokale, (durchsichtig) wie Glas (76:15), Gläser aus Silber; und sie werden ihren Umfang selbst bemessen können. (76:16) Und es wird ihnen dort ein Becher zu trinken gereicht werden, dem Ingwer beigemischt ist. (76:17) (Er wird gespeist aus) einer Quelle darin, die <em>Salsabī</em> l genannt wird. (76:18) Und es werden sie dort ewig junge Knaben bedienen. Wenn du sie siehst, hältst du sie für verstreute Perlen. (76:19) Und wohin du dort auch schauen magst, so wirst du ein Wohlleben und ein großes Reich erblicken. (76:20) Sie werden Gewänder aus feiner, grüner Seide und aus Brokat tragen. Sie werden mit silbernen Spangen geschmückt sein. Und ihr Herr wird sie von einem reinen</p>\n<p><em>Tafsīr</em> Al-Qur’<em>ān</em> <em>Al-Karīm</em> Trank trinken lassen. (76:21) ”Das ist euer Lohn, und euer Bemühen ist mit Dank angenommen worden.“ (76:22) 76:13-14 - Hier geht die Beschreibung in 76:10-12 weiter (s. oben). Das ewige Leben im Paradies ist im höchsten Maße herrlich und kann nicht mit Worten beschrieben werden; denn seine Bewohner werden das erleben, was sie nie gesehen und wovon sie nie gehört haben. (vgl. dazu 4:57; 18:31). 76:15-22 - Nach mehr als 1400 Jahren seit dieser Offenbarung erleben wir erstmalig durch die Wissenschaft, dass es schon durchsichtige Metalle auf unserer Erde gibt. Unter der Überschrift <strong>\"Glasartige Metalle\"</strong> berichtete die FAZ Nr. 48/97: ”Metallen und Metalllegierungen kann man auch in greifbaren Mengen eine glasartige Form verleihen. Das haben Materialwissenschaftler des Los Alamos National Laboratory in New Mexico kürzlich herausgefunden. Gläser bilden sich, wenn man eine Schmelze schnell abkühlt. Die Bestandteile der Schmelze haben dann keine Zeit, sich in kristalliner Form anzuordnen. Glasartige Metalle sind von Interesse, da sie zäher und korrosionsbeständiger sind als <strong>\"normale\"</strong> Metalle. Zudem leiten sie den elektrischen Strom wesentlich besser. Üblicherweise bestehen Metalle aus unregelmäßig orientierten Mikrokristallen. Die <strong>\"Körner\"</strong> bilden sich schon in der Schmelze. Ursache sind kleine, unvermeidbare Verunreinigungen. Diese verhinderten bislang, dass Metallgläser - außer in ganz dünnen Filmen - hergestellt werden konnten. Den amerikanischen Forschern ist es gelungen, solche Verunreinigungen mit einem Flussmittel aus der Schmelze herauszuziehen. Das Flussmittel - eine Mischung verschiedener Oxyde - löst sich nicht in der Metallschmelze. Es verfestigt sich, zusammen mit den darin enthaltenen Verunreinigungen, erst bei einer Temperatur, bei der die rasch abgekühlte Metallschmelze schon erstarrt ist. Man kann es dann als eigene Fraktion abtrennen. Bisher haben die Wissenschaftler das Verfahren erfolgreich an Palladium-, Nickel- und Kupferlegierungen getestet. Die ungünstigen Eigenschaften <strong>\"normaler\"</strong> Metalle rühren von den Korngrenzen der Mikrokristallite her. Diese Grenzen sind nicht nur bevorzugte Ansatzpunkte für Korrosion, sondern auch <strong>\"Sollbruchstellen\"</strong> bei mechanischer Belastung (New Scientist, 5/97, S. 20). Zudem ließe sich, den Schätzungen der Forscher zufolge, alleine in den Vereinigten Staaten eine Milliarde Dollar pro Jahr an Energiekosten einsparen, wenn man Stromkabel aus den leitfähigeren Metallgläsern verwenden würde.“ (vgl. dazu 18:31; 37:45-47; 43:71; 47:15; 52:23; 56:17, 18). Wahrlich, Wir Selbst haben dir den Qur’<em>ā</em> n als Offenbarung herabgesandt. (76:23) So warte geduldig auf den Befehl deines Herrn und gehorche keinem, der ein Sünder oder ein Ungläubiger unter ihnen ist. (76:24) Und gedenke des Namens deines Herrn am Morgen und am Abend. (76:25) Und wirf dich in einem Teil der Nacht vor Ihm in Anbetung nieder und preise Seine Herrlichkeit einen langen Teil der Nacht hindurch. (76:26) Wahrlich, diese lieben das Weltliche und vernachlässigen den Tag, der hinterher auf (ihnen) lastet. (76:27) Wir haben sie erschaffen und ihrer Beschaffenheit Festigkeit verliehen; und wenn Wir wollen, können Wir andere ihresgleichen an ihre Stelle setzen. (76:28) Wahrlich, dies ist eine Ermahnung. So möge, wer da will, einen Weg zu seinem Herrn einschlagen. (76:29) Und ihr könnt nur wollen, wenn <em>Allāh</em> will. Wahrlich, <em>Allāh</em> ist Allwissend, Allweise. (76:30) Er lässt, wen Er will, in Seine Barmherzigkeit eingehen, und für die Frevler hat Er eine qualvolle Strafe bereitet. (76:31)</p>\n<p><em>Tafsīr</em> Al-Qur’<em>ān</em> <em>Al-Karīm</em> 76:23-24 - Hier wird betont, dass der Qur’<em>ā</em> n von <em>Allā</em> h (t) Selbst ist; er kann keinen anderen Ursprung außer von Ihm haben. 76:25-26 - Beim Ausdruck <strong>\"am Morgen und am Abend\"</strong> bedeutet <strong>\"zu allen Zeiten\"</strong>. Demütige Niederwerfung vor <em>Allā</em> h (t) bedeutet eine sichtbare Art und Weise der Hingabe. (vgl. dazu 57:1).</p>",
    "timestamp": "2025-12-20T14:27:52.303336+00:00",
    "version": "1.0",
    "copyright": {
      "author": "Muhammad Ibn Ahmad Ibn Rassoul",
      "publisher": "IB Verlag Islamische Bibliothek",
      "edition": "41. Auflage",
      "title": "Tafsīr Al-Qur'ān Al-Karīm"
    }
  },
  {
    "key": "de_tafsir-al-azhar",
    "verse_key": "76:27",
    "verses": [
      "76:27"
    ],
    "text": "<p>Das Wort <strong>\"diese\"</strong> bezieht sich in erster Linie auf die heidnischen <em>Banū</em> Quraiš in Makka und allgemein auf die Ungläubigen zu allen Orten und Zeiten. (vgl. oben 75:20). 76:28-29 - Der Gesandte <em>Allā</em> hs (a.s.s.) soll sich nicht dadurch entmutigen lassen, dass zeitweilig die ganze Welt gegen ihn zu sein scheint. <em>Allā</em> h (t) kann in einem einzigen Augenblick alles völlig verändern. Entweder können dieselben Menschen, die ihn bekämpft haben, zu seinen eifrigsten Anhängern werden, oder es kann eine neue Generation heranwachsen, die sich bis zur Verwirklichung für die Sache der Wahrheit einsetzt. (ÜB)</p>",
    "timestamp": "2025-12-20T14:27:52.303336+00:00",
    "version": "1.0",
    "copyright": {
      "author": "Muhammad Ibn Ahmad Ibn Rassoul",
      "publisher": "IB Verlag Islamische Bibliothek",
      "edition": "41. Auflage",
      "title": "Tafsīr Al-Qur'ān Al-Karīm"
    }
  },
  {
    "key": "de_tafsir-al-azhar",
    "verse_key": "76:30",
    "verses": [
      "76:30"
    ],
    "text": "<p>Maßgebend für die Schöpfung <em>Allā</em> hs ist Sein Wille. Der Mensch ist zwar mit einem freien Willen und einer freien Entscheidung ausgestattet, aber sein Wille kann nur wirksam sein, wenn sein Vorhaben von <em>Allā</em> h genehmigt, geduldet, zugelassen oder dies Seinem vorangegangenen Willen entspricht. Wir können die Abhängigkeit von dem Willen <em>Allā</em> hs mit folgendem Beispiel veranschaulichen: Eine Familie (Vater, Mutter und Kind) war unterwegs mit dem Auto nach Spanien, um dort ihren Urlaub zu verbringen. Der Familienvater hat nach seinem freien Willen für alles vorgesorgt. Auf der Strecke durch Frankreich wurde er durch einen Unfall getötet, seine Frau verletzt und das Kind blieb unversehrt. Die Frau musste im Krankenhaus behandelt werden und das Kind wurde von einem Verwandten nach Deutschland zurückgeholt. Diese drei sind nie zu ihrem Ziel gekommen, sondern mussten einzeln andere Wege einschlagen. Es geschah der Wille <em>Allā</em> hs, und ihr Wille hatte Gültigkeit nur bis zum Unfallort. (vgl. dazu unten 81:28-29 und die anmerkung dazu).</p>",
    "timestamp": "2025-12-20T14:27:52.303336+00:00",
    "version": "1.0",
    "copyright": {
      "author": "Muhammad Ibn Ahmad Ibn Rassoul",
      "publisher": "IB Verlag Islamische Bibliothek",
      "edition": "41. Auflage",
      "title": "Tafsīr Al-Qur'ān Al-Karīm"
    }
  },
  {
    "key": "de_tafsir-al-azhar",
    "verse_key": "74:38",
    "verses": [
      "74:38"
    ],
    "text": "<p>Der Mensch kann nicht seine Verantwortung auf <strong>\"Retter\"</strong> oder <strong>\"Heilige\"</strong> übertragen. Seine Erlösung hängt allein von <em>Allā</em> hs Gnade ab, nach der er ständig und von ganzem Herzen durch rechtes Verhalten streben soll. Wenn er dies tut, wird er gerettet und den Gefährten der Rechten beigesellt. (ÜB) (vgl. dazu 52:21). 74:39-49 - Die Gefährten der Rechten sind diejenigen, die ihr Buch mit der Rechten empfangen und mit dem herrlichen Lohn des Paradieses ausgezeichnet werden (vgl. 15:94-99; 56:3, 27, 38, 90, 91 und die Anmerkungen dazu). In diesem Versblock handelt es sich um die bekannte Parallelität des Qur’<em>ā</em> n. D.h., dass jedesmal, wenn <em>Allā</em> h (t) von der Belohnung der rechtschaffenen Diener im Paradies spricht (vgl. 38:49-54), berichtet Er von der Bestrafung der Ungläubigen, und zwar aus dem Prinzip der Barmherzigkeit und der Gerechtigkeit zugelich, weil die Botschaft stets diese Eigenschaft hat: Als frohe Botschaft und als Warnung. 74:50-53 - Dies ist eine arabische Redensart, die an den Charakter von Wildeseln anknüpft, die kopflos vor dem Löwen davonlaufen. (ÜB) (vgl. dazu 2:118; 17:93). 74:54-56 - <em>Allā</em> h (t) schließt diese schöne Sura mit der Betonung über die Ermahnung, die mit dem Qur’<em>ā</em> n selbst identisch ist. Er (der Qur’<em>ā</em> n) ist die letzte unter allen offenbarten Schriften <em>Allā</em> hs, die bis zum Tage des Jüngsten Gerichts für alle Menschen Gültigkeit hat und nach dem sie zur Rechenschaft gezogen werden. Zu dem Begriff <strong>\"Ehrfurcht\"</strong> vergleiche auch 2:2 (vgl. ferner 81:28-29 und 14:4). Alles Lob gebührt <em>Allā</em> h, Dem Herrn der Welten! Ende der Sura 74</p>\n<p><em>Tafsīr</em> Al-Qur’<em>ān</em> <em>Al-Karīm</em> (75) Sura <em>Al-Qiyāma</em> (Die Auferstehung) (offenbart zu Makka) 40 <em>Ā</em> y <em>ā</em> t Meide das Böse. Glaube an das Jenseits; denn <em>Allā</em> h wird dich nach deinem Tod zum Leben zurückbringen. <em>Allā</em> h (t) hat dich nicht ohne Grund und Verantwortung erschaffen. An jenem Tage wirst du Zeugnis ablegen über deine eigenen Fehler; deshalb halte das Jenseits stets im Auge. Die Gesichter der Gesegneten werden mit Glanz und Schönheit strahlen. Die anderen werden traurig sein, als hätte sie ein Unglück überkommen. Möge derjenige verflucht sein, der immer noch nicht an <em>Allā</em> hs Willen und Seine Fügung denkt, und Ihm nicht für die gegebenen Güter und bescherten Gaben dankt. Im Namen <em>Allāhs</em>, des Allerbarmers, des Barmherzigen! Nein! Ich schwöre beim Tag der Auferstehung (75:1); und (abermals) nein! Ich schwöre bei jeder reumütigen Seele. (75:2) Meint der Mensch etwa, dass Wir seine Gebeine nicht sammeln werden? (75:3) Aber ja, Wir sind wohl imstande, seine Finger gleichmäßig zu formen. (75:4) Doch der Mensch wünscht sich, Sündhaftigkeit vorauszuschicken. (75:5) Er fragt: ”Wann wird der Tag der Auferstehung sein?“ (75:6) Dann, wenn das Auge geblendet ist (75:7) und der Mond sich verfinstert (75:8) und die Sonne und der Mond miteinander vereinigt werden. (75:9) An jenem Tage wird der Mensch sagen: ”Wohin (könnte ich) nun fliehen?“ (75:10) Nein! Es gibt keine Zuflucht! (75:11) (Nur) bei deinem Herrn wird an jenem Tage die Endstation sein. (75:12) Verkündet wird dem Menschen an jenem Tage, was er vorausgeschickt und was er zurückgelassen hat. (75:13) Nein, der Mensch ist Zeuge gegen sich selber (75:14), auch wenn er seine Entschuldigungen vorbringt. (75:15) 75:1-2 - <em>Allā</em> h (t) schwört beim Tag der Auferstehung, nach der diese Sura genannt ist. (vgl. oben 74:32-37 und die anmerkung dazu). Dass dieser Abschnitt mit <strong>\"Nein!\"</strong> anfängt, zeigt, dass er sich gegen einen bereits vorhandenen Einwand wendet. Die folgende Thematik macht deutlich, dass es um die Auferstehung und das Leben nach dem Tod ging, das die Leute von Makka gleichzeitig leugneten und verspotteten. (vgl. dazu oben 12:53; 70:40; 89:27). 75:3-7 - Für die Götzendiener ist es schwierig zu begreifen, dass zerfallenes Gebein wieder zusammengesetzt werden kann, nachdem es längst in der Erde zerstreut war, so dass der Mensch lebendig wieder aufersteht. Für einige Menschen scheint dies bis heute schwierig zu sein. Der Qur’<em>ā</em> n antwortet darauf in den nächsten Versen (vgl. 14:42; 17:49). 75:8-12 - Nicht nur die Sehfähigkeit des Menschen wird geblendet, sondern auch die großen leuchtenden Himmelskörper verlieren ihre Leuchtkraft. Der Mond mit seinem gegenwärtigen reflektierten Licht hört auf zu leuchten. (ÜB) Und am Tage des Jüngsten Gerichts werden die Sonne und der Mond miteinander vereinigt werden. Für den Mond ist die Sonne das Ursprungslicht, aber auch die Sonne selbst ist ein von <em>Allā</em> h (t) erschaffenes Licht und verschwindet zusammen mit dem Mond im Nichts. Hier dann endet das Leben auf der Erde, dass nach der Erkenntnis der Wissenschaft von diesen beiden Himmelskörpern abhängig ist (vgl. dazu</p>\n<p><em>Tafsīr</em> Al-Qur’<em>ān</em> <em>Al-Karīm</em> 39:69). 75:13-15 - So zum Beispiel eine wohltätige Stiftung oder eine wissenschaftliche Arbeit oder rechtschaffene Nachkommen, die ein Bittgebet für ihn sprechen, wie der Prophet (a.s.s.) sagte (ÜB): ”Wenn der Sohn Adams stirbt, wird sein Buch geschlossen, und zwar mit Ausnahme dessen, der ein Dauer-Almosen oder ein nützliches Wissen oder ein rechtschaffenes Kind hinterließ, das für ihn Bittgebete spricht.“ Wir Muslime bitten demnach für unsere gestorbenen, gläubigen Eltern und pflegen nach den Worten unseres Propheten zu sagen: ”O <em>Allā</em> h, vergib mir und meinen Eltern und den Gläubigen am Tage, an dem die Abrechung vollzogen wird.“ (vgl. dazu 24:24; 36:65; 41:20-22). Bewege deine Zunge nicht mit ihm (dem Qur’<em>ā</em> n), um dich damit zu übereilen. (75:16) Uns obliegt seine Sammlung und seine Verlesung. (75:17) Darum folge seiner Verlesung, wenn Wir ihn verlesen lassen. (75:18) Dann obliegt Uns, seine Bedeutung darzulegen. (75:19) Nein, ihr aber liebt das Weltliche (75:20) und vernachlässigt das Jenseits. (75:21) An jenem Tage wird es strahlende Gesichter geben (75:22), die zu ihrem Herrn schauen. (75:23) Und manche Gesichter werden an jenem Tage gramvoll sein (75:24); denn sie ahnen, dass ihnen bald darauf ein schreckliches Unglück widerfahren soll. (75:25) 75:16-19 Als der Gesandte <em>Allā</em> hs, <em>Allā</em> hs Segen und Friede auf ihm, die Eingebung mit schnellem Verständnis aufnahm, suchte er Gabriel die Rezitierung zu entreißen und geduldete sich nicht, bis dieser sie vollendete. Denn er wollte die Eingebung rasch ins Gedächtnis aufnehmen und fürchtete, dass sie ihm entschlüpfen könnte. Darauf wurde ihm befohlen, dass er Gabriel zuhöre und ihm Herz und Gehör zuwende, damit er ihm seine Eingebung endgültig übermitteln könne. Dann könne <em>Muḥ</em> ammad (a.s.s.) ein eingehendes Studium folgen lassen, bis er darin sicher sei. Der Sinn ist also: Bewege deine Zunge nicht mit dem Rezitieren der Eingebung, solange Gabriel noch beim Rezitieren ist! So dass du dich damit übereilst: So dass du den Qur’<em>ā</em> n eilig aufnimmst und er dir nicht entschlüpft. Nun hat <em>Allā</em> h das Verbot der Übereilung begründet, indem Er gesagt hat: Es ist Unsere Aufgabe, ihn in deiner Brust zusammenzubringen und seine Rezitierung durch deine Zunge zu festigen. Und erst wenn Wir ihn dir vorrezitiert haben: Hier setzt <em>Allā</em> h die Rezitierung durch Gabriel mit Seiner eigenen gleich, wobei mit dem Wort <strong>\"Qur’<em>ā</em> n\"</strong> die Rezitierung gemeint ist. Dann folge seiner Rezitierung: Folge Gabriel darin nach und tritt nicht mit ihm in Wettbewerb! Hab keine Angst, dass die Rezitierung nicht bewahrt wird! Wir bürgen dafür. Hierauf ist es Unsere Aufgabe, ihn in seiner Bedeutung im Einzelnen darzulegen: nämlich dann, wenn irgendwelche seiner Bedeutungen dir Schwierigkeiten bereiten. (Zam, Gät) (vgl. 20:113-114 und die Anmerkung dazu). 75:20-21 - Das Thema, das nach 75:15 (s. oben) durch einen Einschub unterbrochen wurde, wird hier wieder aufgenommen. (vgl. dazu 21:37). 75:22-25 - Wenn hier vom Gesicht die Rede ist, so ist das ein metonymischer Ausdruck für den ganzen Menschen. Bei den strahlenden Gesichtern ist an das Strahlen vor Glück gedacht. Die auf ihren Herrn schauen: Sie schauen ausschließlich (fixiert) auf ihren Herrn und auf nichts anderes. Dies ist der Sinn der Voranstellung des Objekts im Arabischen. Es ist indessen gewiss, dass die Menschen auf unbeschränkt viele und zahllose Dinge schauen in einer Versammlung am Jüngsten Tage, in der alle Geschöpfe sich treffen. Die Gläubigen werden an jenem Tag ganz besonders</p>\n<p><em>Tafsīr</em> Al-Qur’<em>ān</em> <em>Al-Karīm</em> schauen, da sie sich sicher fühlen und nicht in Furcht und Trauer Leben. Dass <em>Allā</em> h (t) nun das Schauen der Gläubigen auf Sich allein beschränkt, wäre absurd, wenn Er etwas wäre, auf das man im buchstäblichen Sinne schauen kann. Folglich muss man dieses Schauen in einem Sinn auffassen, mit dem die Beschränkung des Angeschauten richtig zusammenpasst. Dieses richtig Passende ergibt sich, wenn man das Schauen in Verbindung mit folgender Redensart der Menschen sieht: <strong>\"Ich schaue auf den und den in dem Gedanken, was er wohl an mir tun wird.\"</strong> Hier meint man nicht das buchstäbliche Sehen, sondern das Erwarten und Hoffen. Man hat gehört, wie eine Frau aus Sarw in Makka um die Mittagszeit, da die Leute ihre Türen schließen und sich zu ihren Ruhestätten begeben, um eine Gabe bat und sagte: <strong>\"Meine Augen schauen ein wenig auf <em>Allā</em> h und auf euch.\"</strong> Somit ist der Sinn des vorliegenden Verses: Sie werden an jenem Tage Wohltat und Gunst ausschließlich von ihrem Herrn erwarten, genau wie sie ihre Furcht und Hoffnung im Diesseits nur auf Ihn gerichtet haben. Weil sie glauben: weil sie erwarten, dass ihnen etwas widerfahren wird, das so heftig und greulich wie eine Wirbelsäulenerkrankung ist, das heißt wie eine Krankheit, die ihnen das Rückgrat zerbricht, genau wie die strahlenden Gesichter erwarten, dass ihnen jegliche Art von Gutem widerfahren wird. (Zam, Gät) Ja! Wenn (die Seele eines Sterbenden) bis zum Schlüsselbein emporsteigt (75:26) und gesprochen wird: ”Wer kann die Zauberformel sprechen, (um sie zu retten)?“ (75:27) und er (der Mensch) wähnt, dass (die Stunde des) Abschieds gekommen ist (75:28) und sich Bein mit Bein (im Todeskampf) verfängt (75:29), dann wird an jenem Tage das Treiben zu deinem Herrn sein (75:30); denn er spendete nicht und betete nicht (75:31), sondern er leugnete und wandte sich (von Ihm) ab. (75:32) Dann ging er mit stolzem Gang zu den Seinen. (75:33) ”Wehe dir denn! Wehe! (75:34) Und abermals wehe dir! Und nochmals wehe!“ (75:35) Meint der Mensch etwa, er würde sich selber überlassen sein? (75:36) War er nicht ein Tropfen Sperma, der ausgestoßen wurde? (75:37) Dann wurde er ein Blutklumpen; dann bildete und vervollkommnete Er (ihn). (75:38) Alsdann erschuf Er aus ihm ein Paar, den Mann und die Frau. (75:39) Ist Er denn nicht imstande, die Toten ins Leben zu rufen? (75:40) 75:26-30 - Dies ist eine Szene aus der Todesstunde, wenn die Seele dabei ist, den sterbenden Körper zu verlassen und der Sterbende mit dem Tod ringt. Während seine Angehörigen voller Sorge ratlos um ihn stehen und eine nach ihrem falschen Glauben eine <strong>\"Zauberformel sprechen\"</strong>, so können sie ihn weder am Leben erhalten, noch ihm seinen Todeskampf ersparen. (vgl. dazu 28:71-72). 75:31-32 - Dieser Einschub ist notwendig für das Verständnis des Folgenden und beruht auf 4:17- 18. (vgl. ferner 74:39). 75:33-40 - Zum Ende dieser wunderbaren Sura wird vor Hochmut und Selbstherrlichkeit gewarnt; denn beide sind die Wurzeln des Übels. Sind diese beiden Eigenschaften nicht ein Merkmal Satans, der sich gegenüber seinem Herrn auflehnte? (vgl. dazu 2:34; 38:74). Hat der Mensch jemals über seine Entstehung nachgedacht? (vgl. oben 76:1 und die Anmerkung dazu). Ist er, der sich gegen seinen Herrn wie ein Satan auflehnt, nicht der, der einst ein Samentropfen und später ein <strong>\"Blutklumpen\"</strong> im Leibe seiner Mutter war? (vgl. dazu unten 76:1). Ist der Erhabene Schöpfer, Der dies zustande gebracht hat, nicht in der Lage, die Toten ins Leben zu rufen und allesamt zur Rechenschaft zu ziehen? Gepriesen sei Er, Der Allmächtige Gott. (vgl. ferner 22:5; 75:39; 87:2;</p>\n<p><em>Tafsīr</em> Al-Qur’<em>ān</em> <em>Al-Karīm</em> 91:7; 96:6). Ende der Sura 75 (76) Sura <em>Al-Insā</em> n (Der Mensch) (offenbart zu <em>Al-Madī</em> na) 31 <em>Ā</em> y <em>ā</em> t Zu jener Zeit vor seiner Erschaffung war der Mensch nichts. Sein Anfang war gewiss sehr einfach. Dann zeigte <em>Allā</em> h ihm den Weg und gab ihm die freie Entscheidung. Diejenigen, die Gutes tun, werden belohnt. Die Ungläubigen werden bestraft; deshalb sei geduldig und preise <em>Allā</em> h zu allen Zeiten. Im Namen <em>Allāhs</em>, des Allerbarmers, des Barmherzigen! Gab es nicht für den Menschen eine Zeit, da er nichts Nennenswertes war? (76:1) Wahrlich, Wir erschufen den Menschen aus einer Ergussmischung, auf dass Wir ihn prüfen möchten; dann machten Wir ihn hörend und sehend. (76:2) Wir haben ihm den rechten Weg gezeigt, mochte er nun dankbar oder undankbar sein. (76:3) 76:1-3 - Der Mensch, nach dem diese Sura genannt ist, ist hier als eine Gattung unter den vielen Arten in der Schöpfung zu verstehen. Der Ursprung dieses Wesens ist eine Mischung aus der männlichen und der weiblichen Zelle (vgl. oben 75:33-40 und die Anmerkung dazu). Der Mensch hat zwar keinen beachtenswerten Ursprung, ihm aber ist die Gabe höherer Fähigkeiten verliehen worden, so dass er hören und sehen kann. Mit diesen beiden Vermögen steigt sein Wert und er kann die Schöpfung des Erhabenen sehen, Sein Wort hören und mit dem ihm verliehen Geist verstehen. Auf Grund dieser drei Komponenten wird der Mensch zur Verantwortung und Rechenschaft für seine Taten gezogen (vgl. dazu 2:30; 86:6-8). Der hier verwendete Begriff der Verantwortung darf nicht auf das Tier angewandt werden, weil bei dieser Gattung der Geist fehlt, auch dann, wenn bei ihr Augen und Ohren vorhanden sind (vgl. 2:30-31; 16:3-4; 75:33-40; 90:10 und die Anmerkung dazu). Wahrlich, Wir haben für die Ungläubigen Ketten, eiserne Nackenfesseln und einen Feuerbrand bereitet. (76:4) Die Rechtschaffenen aber trinken aus einem Becher, dem Kampfer beigemischt ist. (76:5) (Er wird gespeist aus) einer Quelle, von der die Diener <em>Allāhs</em> trinken, und die sie in reichlichem Maße hervorsprudeln lassen. (76:6) Sie vollbringen das Gelübde, und sie fürchten einen Tag, dessen Unheil sich weithin ausbreitet. (76:7) Und sie geben Speise - und mag sie ihnen (auch) noch so lieb sein - dem Armen, der Waise und dem Gefangenen (76:8), (indem sie sagen:) ”Wir speisen euch nur um <em>Allāhs</em> willen. Wir begehren von euch weder Lohn noch Dank dafür. (76:9) Wahrlich, wir fürchten von unserem Herrn einen finsteren, unheilvollen Tag.“ (76:10) Darum wird <em>Allāh</em> sie vor dem Übel jenes Tages bewahren und ihnen Herzensfreude und Glückseligkeit bescheren. (76:11) Und Er wird sie für ihre Geduld mit einem Paradies und seidenen (Gewändern) belohnen.</p>\n<p><em>Tafsīr</em> Al-Qur’<em>ān</em> <em>Al-Karīm</em> (76:12) 76:4-6 - Hier wird kurz und zusammenfassend erwähnt, welche peinliche Strafe die Ungerechten erwarten. An ihren Füßen liegen schwere Ketten und an ihren Händen enge harte Fesseln, und so werden sie in die Feuerglut gestürzt.</p>",
    "timestamp": "2025-12-20T14:27:52.303336+00:00",
    "version": "1.0",
    "copyright": {
      "author": "Muhammad Ibn Ahmad Ibn Rassoul",
      "publisher": "IB Verlag Islamische Bibliothek",
      "edition": "41. Auflage",
      "title": "Tafsīr Al-Qur'ān Al-Karīm"
    }
  }
]