[
  {
    "key": "de_tafsir-al-azhar",
    "verse_key": "28:1",
    "verses": [
      "28:1"
    ],
    "text": "<h2>Sura Al-Qaṣ a ṣ (Die Geschichte)</h2>\n<p><em>(offenbart zu Makka)</em></p>\n<p><em>0 Āyāt</em></p>\n<p>(offenbart zu Makka) 88 <em>Ā</em> y <em>ā</em> t Der größte Teil dieser Sura wurde in der späten makkanischen Periode offenbart, gerade der <em>Hiǧ</em> ra vorangehend; sie behandelt den Gegenstand der Offenbarung, und wie die Leute sie bekamen. Aber diese Sura zeigt ebenso neue Standpunke, nämlich wie ein Prophet auf seine Aufgabe vorbereitet wird, obwohl er ein gewöhnlicher Mensch ist. Die Geschichte von Moses (a.s.) wird im Detail erzählt. <em>Allā</em> h (t) verlieh ihm Weisheit und Wissen als er ein reifer junger Mann wurde. Als er noch ein Kind war, wollte <em>Allā</em> h (t) ihn zu einem Seiner Propheten machen. In seiner Jugend betete er zu <em>Allā</em> h um Vergebung und Rechtleitung. In seinem Exil fand er Hilfe und Liebe von seiner Frau und Familie. Als er predigte, stärkte ihn <em>Allā</em> h (t). Kurzum, <em>Allā</em> hs Gnade ist mit den Propheten von Geburt an. <em>Allā</em> hs Botschaft wird von Leuten wie Pharao, die hochmütig sind, zurückgewiesen. <em>Muḥ</em> ammad, <em>Allā</em> hs Segen und Friede auf ihm, wurde ebenso eine gute Lebensführung gegeben, bevor er zum Propheten berufen wurde. Seine Botschaft wurde ebenfalls von den hochmütigen Makkanern abgelehnt. Diejenigen, die den Frieden im Jenseits wollen, müssen ihre Missetaten bereuen, Glauben haben und Gutes tun; denn alle Wahrheit und Gnade kommt von <em>Allā</em> h (t). Diejenigen, die sorglos in dieser Welt leben wollen, und sich mit Wohlstand aufblasen, werden das Schicksal von Korah erleiden, der von der Erde verschlungen wurde. Im Namen <em>Allāhs</em>, des Allerbarmers, des Barmherzigen! <em>Ṭā</em> <em>Sī</em> n <em>Mī</em> m. (28:1) Das sind die Verse des deutlichen Buches. (28:2) Wir verlesen dir wahrheitsgemäß einen Teil der Geschichte von Moses und Pharao, für Leute, die glauben. (28:3) Wahrlich, Pharao betrug sich hochmütig im Land und spaltete dessen Bewohner in Parteien. Eine Gruppe von ihnen pflegte er zu unterdrücken, indem er ihre Söhne abschlachtete und ihre Frauen am Leben ließ. Wahrlich, er war einer der Unheilstifter!</p>\n<p><em>Tafsīr</em> Al-Qur’<em>ān</em> <em>Al-Karīm</em> (28:4) Und Wir wollten denen, die im Lande als schwach erachtet wurden, Huld erweisen und sie zu Führern machen und zu Erben einsetzen (28:5) und ihnen die Oberhand im Lande geben und Pharao und <em>Hā</em> m <em>ā</em> n und ihren Heerscharen durch sie (die Schwachen) das zeigen, was sie befürchteten. (28:6)</p>\n<p>Über die Bedeutung dieser arabischen Buchstaben vgl. Erläuterung der Termini (s.u. <strong>\"Alif\"</strong>).</p>",
    "timestamp": "2025-12-20T14:27:52.303336+00:00",
    "version": "1.0",
    "copyright": {
      "author": "Muhammad Ibn Ahmad Ibn Rassoul",
      "publisher": "IB Verlag Islamische Bibliothek",
      "edition": "41. Auflage",
      "title": "Tafsīr Al-Qur'ān Al-Karīm"
    }
  },
  {
    "key": "de_tafsir-al-azhar",
    "verse_key": "28:2",
    "verses": [
      "28:2"
    ],
    "text": "<p>Hier wird auf Verse hingewiesen, die in einem Buch enthalten sind, das in aller Klarheit und ohne jeden Zweifel von jedem verstanden wird. Demnach geht es nicht um ein Menschenwerk, sondern um ein vollkommenes und universales Werk <em>Allā</em> hs. (vgl. 12:1; 26:2 und die Anmerkung dazu).</p>",
    "timestamp": "2025-12-20T14:27:52.303336+00:00",
    "version": "1.0",
    "copyright": {
      "author": "Muhammad Ibn Ahmad Ibn Rassoul",
      "publisher": "IB Verlag Islamische Bibliothek",
      "edition": "41. Auflage",
      "title": "Tafsīr Al-Qur'ān Al-Karīm"
    }
  },
  {
    "key": "de_tafsir-al-azhar",
    "verse_key": "28:3",
    "verses": [
      "28:3"
    ],
    "text": "<p>Die Geschichte Moses' beginnt hier im Gegensatz zu allen anderen Stellen mit der Kunde über seine Geburt. Dies, weil die erste Phase seiner Geschichte, mit all ihren unbarmherzigen Umständen, seiner Hilflosigkeit als Kind und der Ohnmacht seines Volkes und ihrer Erniedrigung durch den Pharao zum Hauptziel dieser Sura hinführt. Sie zeigt auf, wie die Allmacht <em>Allā</em> hs daraufhin arbeitet, die Ungerechtigkeit und die Tyrannei allein zu zerschlagen, wenn die Menschen dies nicht zu tun vermögen, und die Unterdrückten und die Gefolterten zu befreien. Und dies war die Lehre, die die unterdrückte muslimische Minderheit in Makka zur Zeit der Offenbarung so dringend benötigte, und die der tyrannischen Mehrheit zur Kenntnis gebracht werden sollte. (ÜB) (vgl. 2:47-59; 7:103-141; 10:75-92; 11:96-99; 17:101-104; l9:51-52; 20:9ff.; 28:36-40 und die Anmerkung dazu).</p>",
    "timestamp": "2025-12-20T14:27:52.303336+00:00",
    "version": "1.0",
    "copyright": {
      "author": "Muhammad Ibn Ahmad Ibn Rassoul",
      "publisher": "IB Verlag Islamische Bibliothek",
      "edition": "41. Auflage",
      "title": "Tafsīr Al-Qur'ān Al-Karīm"
    }
  },
  {
    "key": "de_tafsir-al-azhar",
    "verse_key": "28:4",
    "verses": [
      "28:4"
    ],
    "text": "<p>Bevor die eigentliche Geschichte beginnt, werden zuerst die Umstände erläutert, die die Ereignisse begleiteten. Wer dieser Pharao war, ist nicht genau definiert, da nicht die historische Festsetzung das Ziel der qur’<em>ā</em> nischen Geschichten darstellt und ihre Bedeutung nicht zu bereichern vermag. Uns genügt, zu wissen, dass diese Ereignisse sich nach der Zeit <em>Yū</em> sufs abspielten, der seinen Vater und seine Brüder hatte nachkommen lassen, und dass diese Kinder Israels die Nachkommen Israels (Jakobs) waren, die sich in Ägypten stark vermehrt und sich zu einem großen Volk entwickelt hatten (vgl. Sura 12). Nachdem Pharao diesen Anteil der Bevölkerung, deren Anzahl auf mehrere hunderttausend angewachsen war, nicht vertreiben konnte, um nicht seine Feinde in den Nachbarländern durch diese zu mehren, suchte er mit üblen Mitteln dieser Gefahr zu begegnen. Er zwang die Kinder Israels, gefahrliche und beschwerliche Arbeiten zu verrichten, erniedrigte sie und folterte sie. Schließlich ging er dazu über, ihre männlichen Kinder zu töten, die weiblichen hingegen am Leben zu lassen, weil durch einen Hellseher des Pharaos übermittelt wurde, dass sein Untergang durch die Hilfe eines Mannes aus dem Volk der Kinder Israels vollzogen werde. (ÜB) 28:5-6 - <em>Allā</em> h (t) wollte etwas anderes als der Pharao; Sein Plan zielte gerade auf das Gegenteil dessen, was der Tyrann wollte. <em>Hā</em> m <em>ā</em> n war offensichtlich ein Minister des Pharaos und ist nicht zu verwechseln mit dem <em>Hā</em> m <em>ā</em> n, der in Esther 3:1 erwähnt wird und ein Minister des Perserkönigs Xerxes (485-464 v.Chr.) war, der Griechenland eroberte. <em>Hā</em> m <em>ā</em> n ist möglicherweise kein Personenname, sondern eine Analogie zu Pharao. Vielleicht handelt es sich um eine Amtsbezeichnung. Auch eine Parallele zur ägyptischen Gottheit Amon wäre denkbar. Wahrscheinlich ist das im Qur’<em>ā</em> n benutzte Wort <strong>\"<em>Hā</em> m <em>ā</em> n\"</strong> die arabisierte Form von <strong>\"Ha-Amon\"</strong>,</p>\n<p><em>Tafsīr</em> Al-Qur’<em>ān</em> <em>Al-Karīm</em> die Amtsbezeichnung der ägyptischen Amonspriester. Da zu der betreffenden Zeit in Ägypten der Amonskult vorherrschte, hielt dessen höhster Priester eine Stellung inne, die nur noch von Pharao selbst übertroffen wurde. Diese Vermutung wird durch Pharaos Forderung gestützt, einen hohen Turm bauen zu lassen, von dem aus er zum Gott Moses' hinaufsteigen könne. (ÜB) (vgl. 28:38; 40:36-37). (ÜB) Und Wir gaben der Mutter von Moses ein: ”Säuge ihn; und wenn du für ihn fürchtest, so wirf ihn in den Fluss und fürchte dich nicht und betrübe dich nicht; denn Wir werden ihn dir wiedergeben und ihn zu einem Gesandten machen.“ (28:7) Und die Angehörigen Pharaos lasen ihn auf, so dass er ihnen zum Feind wurde und Kummer verursachte; denn Pharao und <em>Hā</em> m <em>ā</em> n und ihre Heerscharen waren Missetäter. (28:8) Und die Frau des Pharao sagte: ”(Er ist) mir und dir eine Augenweide! Tötet ihn nicht. Vielleicht erweist er sich als nützlich für uns, oder wir nehmen ihn als Sohn an.“ Und sie waren ahnungslos. (28:9) 28:7-9 - Nach der Lehre des Qur’<em>ā</em> n und der einhelligen Meinung aller Kommentatoren war die Mutter von Moses keine Prophetin, sondern eine rechtschaffene Dienerin <em>Allā</em> hs, die die göttlichen Eingaben durch Inspiration empfing (vgl. 12:109; 16:43; 21:7 und die Anmerkung dazu). Unter welchen Umständen der Sohn geboren wurde, der später unter dem Namen Moses bekannt werden sollte, ist hier ausgelassen worden. Die ägyptischen Hebammen hatten die Anweisung bekommen, alle neugeborenen Jungen zu töten (vgl. oben 28:4). Moses wurde vor ihnen gerettet, und die Mutter begann, das Kind zu stillen. Als jedoch die Gefahr bestand, dass der Sachverhalt bekannt würde, legte sie ihn in einen Kasten oder Korb und ließ ihn auf dem Nil treiben. Er trieb am Königspalast vorbei und wurde dort gefunden; ihm wurde der Name <strong>\"Moses\"</strong> gegeben, der in der altägyptischen Sprache soviel wie <strong>\"ich zog ihn aus dem Wasser\"</strong> bedeutet. Wie aus dem nächsten Vers sowie aus 66:11 hervorgeht, war es Pharaos eigene Frau, die ihn fand. Sie wurde von <em>Allā</em> h (t) dazu veranlasst, ihn aufzulesen. Der kleine Moses war lieblich anzuschauen, und der Pharao hatte allem Anschein nach keinen Sohn. Durch <em>Allā</em> hs Allmacht ergriff die Liebe sowohl das Herz der Frau als auch des Pharaos (vgl. 20:39). Später hatte die Mutter von Moses keinen Grund zur Trauer und Sorge (vgl. unten 28:10-13); denn ihr Kind wuchs unter ihrer liebevollen Obhut heran und wurde später einer der bedeutendsten Gesandten <em>Allā</em> hs. Ausgerechnet der Junge, durch dessen Hände den Untergang des Pharao und seines Reiches herbeigeführt werden sollte. Dies war der Plan der göttlichen Vorsehung. Und das Herz von Moses' Mutter war (von jeder Hoffnung) entleert. Fast hätte sie ihr Geheimnis preisgegeben, wenn Wir nicht ihr Herz gestärkt hätten, damit sie am Glauben festhielte. (28:10) Sie sagte zu seiner Schwester: ”Spüre ihm nach.“ So beobachtete sie ihn von weitem; und jene ahnten nichts. (28:11) Und vordem hatten Wir ihm die Ammen verwehrt. Da sagte sie (seine Schwester): ”Soll ich euch eine Familie nennen, wo man ihn für euch aufziehen und ihm wohlgesinnt sein würde?“ (28:12) Dann gaben Wir ihn seiner Mutter zurück, damit ihr Auge mit Freude erfüllt würde und damit sie sich nicht grämte und damit sie wissen sollte, dass <em>Allāhs</em> Verheißung wahr ist. Jedoch die meisten von ihnen wissen es nicht. (28:13) 28:10-13 - Das Herz der Moses' Mutter konnte die Leere, die durch die Trennung von ihrem Kind entstanden war, kaum aushalten. Durch ihre anhaltenden mütterlichen Sorgen über ihr Kind war ihre Geduld zu Ende und hätte sie sich bald in der Öffentlichkeit verraten. Nach den historischen</p>\n<p><em>Tafsīr</em> Al-Qur’<em>ān</em> <em>Al-Karīm</em> Überlieferungen war es seine Schwester Maryam, die ihm nachspüren sollte; sie war ca. 10 Jahre alt. Moses weigerte sich durch die Macht <em>Allā</em> hs, die Brust der ihm zur Verfügung gestellten Milchammen zu nehmen. Das Verhalten des Kindes war besorgniserregend für seine Betreuer im Königspalast. Als sie ratlos zuschauten und die Nachricht durch die Stadt wie ein Lauffeuer ging, erschien Miriam, seine Schwester, in deren Umgebung und machte ihnen den oben genannten Vorschlag, den der <strong>\"Palast\"</strong> auch in seiner Not sofort akzeptierte. So kam Moses schließlich doch noch in den Genuss der Milch seiner eigenen Mutter. (vgl. 20:40-44 und die Anmerkung dazu). Und als er seine Vollkraft erreicht hatte und reif geworden war, verliehen Wir ihm Weisheit und Wissen; so belohnen Wir jene, die Gutes tun. (28:14) Und er betrat die Stadt um eine Zeit, da ihre Bewohner in einem Zustand der Unachtsamkeit waren; und er fand da zwei Männer, die miteinander kämpften. Der eine war von seiner eigenen Partei und der andere von seinen Feinden. Jener, der von seiner Partei war, rief ihn zu Hilfe gegen den, der von seinen Feinden war. So schlug Moses ihn zurück; doch es führte zu seinem Tod. Er sagte: ”Das ist ein Werk Satans; er ist ein Feind, ein offenbarer Verführer.“ (28:15) Er sagte: ”Mein Herr, ich habe mir selbst Unrecht getan, so vergib mir.“ So verzieh Er ihm; denn Er ist der Allverzeihende, der Barmherzige. (28:16) Er sagte: ”Mein Herr, da Du mir gnädig gewesen bist, will ich niemals ein Helfer der Sünder sein.“ (28:17)</p>",
    "timestamp": "2025-12-20T14:27:52.303336+00:00",
    "version": "1.0",
    "copyright": {
      "author": "Muhammad Ibn Ahmad Ibn Rassoul",
      "publisher": "IB Verlag Islamische Bibliothek",
      "edition": "41. Auflage",
      "title": "Tafsīr Al-Qur'ān Al-Karīm"
    }
  },
  {
    "key": "de_tafsir-al-azhar",
    "verse_key": "28:14",
    "verses": [
      "28:14"
    ],
    "text": "<p>Oben in 28:10-13 haben wir unsere Erfahrung mit der Geschichte des Kindes Moses gemacht, und hier erleben wir durch einen weiten Sprung, wie es ihm ging, als er seine Vollkraft erreicht hatte, die von den Anthropologen zwischen 18 und 30 Jahren errechnet wird. Sowohl durch das Wissen und die Weisheit, die <em>Allā</em> h ihm verlieh, als auch durch die Verbindung zu seinen Eltern lernte Moses die Lehren seiner Vorfahren <em>Yū</em> suf, Jakob, Isaak und Abraham kennen (Was die Belehrung des Menschen angeht, vgl. 2:31, die Anmerkung dazu und die Einleitung des Titels: <strong>\"Islam für Schüler\"</strong>, Islamische Bibliothek). 28:15-17 - Moses Absicht war nicht, den Ägypter zu töten, sondern ihn zu schlagen, um den Mann von den Kindern Israels aus seiner Gewalt zu befreien. In der Tat aber tötete er ihn. Dies war auf mehrfache Weise ein unglücklicher Ausgang. Einmal hatte er die Stadt heimlich besucht; er hatte für Schwache und Verachtete Partei ergriffen; und schließlich hatte er einen Ägypter getötet. Er war voller Bedauern über diese Tat und bat <em>Allā</em> h (t) um Hilfe und Vergebung. (vgl. 20:9-10; 20:40-44; 26:21 und die Anmerkung dazu). Dann wurde er in der Stadt furchtsam und auf der Hut; und siehe, jener, der ihn zuvor um Hilfe gerufen hatte, schrie nach ihm um Beistand. Da sagte Moses zu ihm: ”Du bist offensichtlich auf dem falschen Weg.“ (28:18) Und als er sich (dann doch) entschloss, Hand an den Mann zu legen, der ihrer beider Feind war, sagte dieser: ”O Moses, willst du mich töten, so wie du gestern einen Menschen getötet hast? Du versuchst nur, ein Tyrann im Land zu werden, und du willst kein Friedensstifter sein.“ (28:19)</p>",
    "timestamp": "2025-12-20T14:27:52.303336+00:00",
    "version": "1.0",
    "copyright": {
      "author": "Muhammad Ibn Ahmad Ibn Rassoul",
      "publisher": "IB Verlag Islamische Bibliothek",
      "edition": "41. Auflage",
      "title": "Tafsīr Al-Qur'ān Al-Karīm"
    }
  },
  {
    "key": "de_tafsir-al-azhar",
    "verse_key": "28:18",
    "verses": [
      "28:18"
    ],
    "text": "<p>Moses rechnete nicht mit einer solchen Umwandlung gegen ihn. Verärgert über den streitsüchtigen Charakter seines Landsmannes, distanzierte er sich von ihm. Als Moses wiederum in Betracht zog, dass die Ägypter ungerecht und Feinde der Kinder Israels überaupt waren, wollte er noch einmal eingreifen. Aber da erhielt er eine zweifache Warnung, eine von dem kämpfenden Ägypter und die andere von einem Mann, der ihm freundlich gesinnt war. (vgl. unten 28:20) (vgl.</p>\n<p><em>Tafsīr</em> Al-Qur’<em>ān</em> <em>Al-Karīm</em> ferner 20:40-44 und die Anmerkung dazu). Da kam ein Mann vom äußersten Ende der Stadt angelaufen. Er sagte: ”O Moses, die Vornehmen beraten sich gegen dich, um dich zu töten. Darum mache dich fort; denn ich rate dir gut.“ (28:20)</p>",
    "timestamp": "2025-12-20T14:27:52.303336+00:00",
    "version": "1.0",
    "copyright": {
      "author": "Muhammad Ibn Ahmad Ibn Rassoul",
      "publisher": "IB Verlag Islamische Bibliothek",
      "edition": "41. Auflage",
      "title": "Tafsīr Al-Qur'ān Al-Karīm"
    }
  },
  {
    "key": "de_tafsir-al-azhar",
    "verse_key": "28:20",
    "verses": [
      "28:20"
    ],
    "text": "<p>Hier handelt es sich um einen Mann aus dem königlichen Palast, der seinen Glauben geheimhielt. Moses' einzige Überlebensmöglichkeit bestand also darin, den Machtbereich der ägyptischen Regierung zu verlassen. (vgl. 20:40-44 und die Anmerkung dazu). Da zog er furchtsam aus ihr hinaus und spähte umher. Er sagte: ”Mein Herr, rette mich vor dem ungerechten Volk.“ (28:21) Und als er sich in Richtung Madyan begab, sagte er: ”Ich hoffe, mein Herr wird mich auf den rechten Weg leiten.“ (28:22) Als er zum Wasser von Madyan kam, fand er dort eine Schar von Leuten, die (ihr Vieh) tränkten. Und neben ihnen fand er zwei Frauen, die (ihr Vieh) zurückhielten. Er sagte: ”Was ist mit euch?“ Sie sagten: ”Wir können (unser Vieh) nicht eher tränken, als bis die Hirten (ihre Herden) fortgetrieben haben, und unser Vater ist ein hochbetagter Greis.“ (28:23) Da tränkte er (ihre Herde) für sie. Dann zog er sich in den Schatten zurück und sagte: ”Mein Herr, ich bedarf des Guten, was immer es (auch) sei, das Du auf mich herab senden magst.“ (28:24) 28:21-24 - Moses entschied sich also für das Leben im Exil. Er wusste jedoch nicht, wohin er sich wenden sollte. <em>Allā</em> hs Fügung trieb ihn jedoch nach Madyan, der Stadt des Propheten Š u‘aib (a.s.), acht Tage Fußmarsch von Ägypten entfernt; sie wurde nach Madyan, dem Sohn Abrahams benannt. Die Bewohner der Stadt waren Araber von der Volksgruppe der Amoriter, die ethnisch und sprachlich mit den Kindern Israels engverwandt waren. Das erste Ziel eines Wüstenwanderers ist gewöhnlich eine Wasserquelle, von der man seinen Durst stillt, und bei der er menschliche Gesellschaft finden kann. Als Moses dorthin kam, fand, dass die Hirten ihre Herden zur Tränke führten. Ihm als einem Fremden stand es nicht zu, sich dazwischenzudrängen. Er wartete und bemerkte zwei junge Mädchen, die ebenfalls mit ihren Tieren warteten, um diese zu tränken. Er half den beiden so, wie dies der Text beschreibt. (vgl. 20:40-44 und die Anmerkung dazu). Und eine der beiden (Frauen) kam zu ihm gelaufen voller Scham. Sie sagte: ”Siehe, mein Vater lädt dich ein, damit er dich dafür belohnen kann, dass du unser Vieh getränkt hast.“ Als er nun zu ihm kam und ihm seine Geschichte erzählte, sagte er: ”Fürchte dich nicht; du bist dem ungerechten Volk entronnen.“ (28:25) Da sagte eine der beiden (Frauen): ”O mein Vater, stell ihn in deinen Dienst ein; denn der beste Mann, den du einstellen kannst, ist wahrlich der, der stark und ehrlich ist.“ (28:26) Er sagte: ”Ich will dir eine von diesen meinen zwei Töchtern zur Frau geben unter der Bedingung, dass du dich mir auf acht Jahre zum Dienst verpflichtest. Willst du dann zehn (Jahre) vollmachen, so steht es bei dir. Ich möchte aber nicht hart zu dir sein; du wirst in mir, so <em>Allāh</em> will, einen rechtschaffenen (Mann) finden. (28:27) Er sagte: ”Das sei zwischen mir und dir (abgemacht). Welche der beiden Fristen ich auch erfülle - es soll mich kein Vorwurf treffen; und <em>Allāh</em> ist Zeuge dessen, was wir sagen.“ (28:28) 28:25-28 - Der Inhalt dieses Textblocks gibt die Auskunft darüber, wie die Geschichte des Moses in Madyan weiterging (vgl. oben 28:21-24). Hierzu ist nur noch folgendes zu bemerken: 1. Der</p>\n<p><em>Tafsīr</em> Al-Qur’<em>ān</em> <em>Al-Karīm</em> Ausdruck ”Fürchte dich nicht; du bist dem ungerechten Volk entronnen“ weist daraufhin, dass Pharao damals keine Macht über das Gebiet von Madyan besaß. 2. Ein Vormund darf seinen Schützling einem Mann zur Ehe anbieten. Dies geschah z.B. zur Zeit des Propheten <em>Muḥ</em> ammad, <em>Allā</em> hs Segen und Friede auf ihm, als ‘Umar (r) seine Tocher <em>Ḥ</em> <em>afṣ</em> a dem Propheten (a.s.s.) zur Ehe anbot. Eine andere Frau bot sich selbst dem Propheten zur Ehe an, und zwar mit den Worten: ”Ich möchte mich dir schenken!“ (ÜB) Demnach darf auch die Frau sich selbst einem Mann zur Ehe anbieten. 3. Eine Eheschließung kann durch eine Gegenleistung geschlossen werden, was auch in der islamischen Gesetzgebung anerkannt ist. Dies wird aus der Sunna ersichtlich, wonach der Prophet (a.s.s.) einen Heiratswilligen, der der Braut keine Morgengabe schenken konnte, gefragt hat: ”Was hast du vom Qur’<em>ā</em> n auswendig gelernt?“ Er antwortete: ”Die Sura <strong>\"Al-Baqara\"</strong> (Die Kuh), und die nächste Sura.“ Daraufhin erwiderte der Prophet: ”Dann lehre sie zwanzig Verse davon.“ Dadurch war der Heiratswillige dazu verpflichtet, als Lehrer im Dienst seiner Frau tätig zu sein. 4. Aus dem Verlauf der Ereignisse in diesen beiden Versblöcken 28:21-24 und 28:25-28 kann man davon ausgehen, dass es seiner Zeit um eine freie und aufgeschlossene Gesellschaft handelt, in der Frauen abmühten, ihre Herde unter dem Gedränge der Männer zu tränken. Dennoch waren sie nicht schamlos; denn eine der beiden Frauen kam zu Moses gelaufen <strong>\"in voller Scham\"</strong> (vgl. 28:25) (Unser Prophet <em>Muḥ</em> ammad (a.s.s.) betonte, dass die Scham zum Glauben gehört). Die Frau besaß damals die freie Meinungsäußerung, indem sie sagte: ”O mein Vater, stell ihn in deinen Dienst ein; denn der beste Mann, den du einstellen kannst, ist wahrlich der, der stark und ehrlich ist.“ Nach ihrer Äußerung kann man vermuten, dass Moses der jungen Frau gefiel und durch seine Präsenz im Haus die Heirat mit einer der beiden Töchter eingeleitet werden kann. Bei all diesen Gedanken dürfen wir nicht außeracht lassen, dass sich die derartige Freiheit auf einem Gebiet abspielte, auf dem ein Prophet <em>Allā</em> hs lebte und den Ehevertrag für seine Tochter mit den Worten schloss: ” ... und <em>Allā</em> h ist Zeuge dessen, was wir sagen.“ Wir finden ferner heraus, dass die gesellschaftliche Freiheit in Madyan nicht gegen die damals herrschenden Gebote des Glaubens stieß. (vgl. 20:40-44 und die Anmerkung dazu). Als Moses nun die Frist erfüllt hatte und mit seinen Angehörigen reiste, gewahrte er an der Seite des Berges ein Feuer. Er sagte zu seinen Angehörigen: ”Bleibt hier, ich habe ein Feuer wahrgenommen; vielleicht kann ich euch eine Nachricht von dort bringen oder eine Feuersglut, so dass ihr euch wärmen könnt.“ (28:29) Und als er zu ihm kam, da wurde er von der rechten Seite des Tales am gesegneten Ort aus dem Baum angerufen: ”O Moses, wahrlich, Ich bin <em>Allāh</em>, der Herr der Welten. (28:30) Und wirf deinen Stock hin.“ Als er ihn sich regen sah, als wäre er eine Riesenschlange, da wandte er sich zur Flucht und schaute nicht zurück. ”O Moses, tritt vor und fürchte dich nicht; denn du gehörst zu jenen, die in Sicherheit sind. (28:31) Steck deine Hand in deinen Hemdschlitz; sie wird ohne Übel weiß hervorkommen; und zieh deinen Arm an dich, um die Ängstlichkeit von dir zu jagen. Das sollen zwei Beweise von deinem Herrn für Pharao und seine Vornehmen sein; denn sie sind ein frevelndes Volk.“ (28:32) 28:29-32 - Die Vertragszeit, zu der Moses verpflichtet war, war abgelaufen. Moses verlässt Madyan und befindet sich mit den Seinen auf einer Reise, deren Ziel hier im Qur’<em>ā</em> n nicht genannt ist. Ob er vorhatte, nach Ägypten zu reisen, um seine Mutter zu besuchen und ihr seine junge Familie vorzustellen, spielt hier keine Rolle neben den gewaltigen Ereignissen für den Glauben; denn er wurde an dieser Stelle angerufen, um sowieso nach Ägypten zu reisen. Den Auftrag dazu erhielt er an der Seite des Berges Sinai, wo er das Feuer gewahrte. Es war kein gewöhnliches</p>\n<p><em>Tafsīr</em> Al-Qur’<em>ān</em> <em>Al-Karīm</em> Feuer, das lodert und vernichtet, sondern eine feuerähnliche Erscheinung, um die Aufmerksamkeit eines Menschen zu sich zu ziehen, der gerade nach einer Feuerglut bzw. einer menschlichen Gesellschaft sucht. Man kann hier nicht herausfinden, worauf der Qur’<em>ā</em> n mit den Angaben über die örtlichen Gegebenheiten, z.B. über die rechte Seite des Tales, den gesegneten Ort, in dem der Baum stand, von dem der Anruf herkam, hinweisen will. Es mag sein, dass die Stelle dort nach dieser Beschreibung leicht erkennbar ist, damit die Menschen in ihr den heiligen Charakter erkennen. Es mag auch sein, dass die Erwähnung der rechten Seite nach einem Prinzip im Glauben geschah. Denn unser Prophet (a.s.s.) hat uns darauf aufmerksam gemacht, dass wir beim Essen und Trinken die rechte Hand benutzen und bei allen guten Dingen unseres Vorhabens von der rechten Seite anfangen. Sogar das Betreten der Moschee und der Wohnung soll mit dem rechten Fuß beginnen. Das Handschütteln in einer Menschenversammlung soll von rechts nach links gehen. Genauso geht der Umlauf um die Al-Ka‘ba während der Pilgerfahrt. Die Entsendung Moses zum Pharao mit den genannten Wunderzeichen erfüllt die Verheißung <em>Allā</em> hs an Moses' Mutter, als er noch ein Säugling war: ”Wir werden ihn dir wiedergeben und ihn zu einem Gesandten machen.“ (28:7) (vgl. ferner 7:108; 19:52; ; 20:10, 12, 17-22, 24, 30; 26:29-36; 27:7-8, 10 und die Anmerkung dazu). Er sagte: ”Mein Herr, ich habe einen von ihnen erschlagen, und ich fürchte, sie werden mich töten. (28:33) Und mein Bruder Aaron - er ist beredter als ich mit seiner Zunge; sende ihn darum als Helfer mit mir, auf dass er mich bestätige; denn ich fürchte, sie werden mich der Falschheit bezichtigen.“ (28:34) Er sprach: ”Wir wollen dich mit deinem Bruder stärken, und Wir wollen euch beiden Macht geben, so dass sie euch nicht erreichen werden - durch Unsere Zeichen. Ihr beide und die, welche euch folgen, werden die Sieger sein.“ (28:35) 28:33-35 - Moses erzählte dem Erhabenen Schöpfer seine menschlichen Sorgen, und <em>Allā</em> h (t) erfüllte seine Wünsche. Er stärkte ihn nicht nur durch seinen Bruder, sondern gab den beiden darüber hinaus Macht, <strong>\"so dass Pharao und seine Heerscharen sie nicht erreichen werden.\"</strong> Diese Art zeigt, dass der Mensch Mensch bleibt mit seiner Denkweise, auch wenn er sich in der Gegenwart des Allerhöchsten befindet. Hätte Moses dies nicht gesagt, so hätte er trotzdem <em>Allā</em> hs Beistand in vollkommener Weise erhalten; denn <em>Allā</em> h (t) hört, sieht und hilft, wo die Hilfe nötig ist. (vgl. 20:9, 27-28, 48; 26:12-13 und die Anmerkung dazu). Als dann Moses zu ihnen mit Unseren deutlichen Zeichen kam, da sagten sie: ”Das ist nichts als ein Zaubertrug, und wir haben von unseren Vorvätern nie dergleichen gehört.“ (28:36) Und Moses sagte: ”Mein Herr weiß am besten, wer es ist, der Seine Führung gebracht hat, und wem der glückselige Lohn der Wohnstatt zuteil werden wird. Wahrlich, die Frevler haben nie Erfolg.“ (28:37) 28:36-37 - Dies ist wortwörtlich derselbe Einwand, wie er auch gegen den Propheten <em>Muḥ</em> ammad (a.s.s.) damals in Makka vorgebracht wurde. Seine Gegner widersetzten sich der deutlichen Wahrheit, die nicht zu widerlegen ist. So nennen die Leugner die Zeichen <strong>\"Zauberei\"</strong>; denn ein anderes Argument können sie nicht finden. (ÜB) (vgl. 74:24 und die Anmerkung dazu). Und Pharao sagte: ”O ihr Vornehmen, ich kenne keinen anderen Gott für euch außer mir; so brenne mir, o <em>Hā</em> m <em>ā</em> n, (Ziegel aus) Ton und mache mir einen Turm, damit ich den Gott Moses' erblicken kann, obgleich ich ihn gewiss für einen Lügner erachte.“ (28:38) Und er</p>\n<p><em>Tafsīr</em> Al-Qur’<em>ān</em> <em>Al-Karīm</em> und seine Heerscharen verhielten sich ohne Recht hochmütig im Lande. Und sie meinten, nie zu Uns zurückgebracht zu werden. (28:39) So erfassten Wir ihn und seine Heerscharen und setzten sie mitten im Meer aus. Schau darum, wie der Ausgang der Missetäter war! (28:40) Und Wir machten sie zu Führern, welche (Menschen) zum Feuer luden; und am Tage der Auferstehung werden sie keinen Beistand finden. (28:41) Und Wir ließen ihnen in dieser Welt einen Fluch folgen; und am Tage der Auferstehung werden sie unter den Verabscheuten sein. (28:42) 28:38-42 - Nach Ibn Kaṯīr war <em>Hā</em> m <em>ā</em> n Minister und Berater des Pharao. Ziegelbrennung war und ist bis heute noch in Ägypten gewöhnlich die Herstellungsart von Baumaterial. Diese Rede an H <em>ā</em> m <em>ā</em> n zeigt die enge Denkweise des Pharao. Dieselbe Einstellung kam eine Zeitlang im Kommunistischen Russland zum Ausdruck, als man Satelliten und Astronauten in den Weltraum schickte und behauptete, <strong>\"da oben sei kein Gott zu finden\"</strong>. Da jedoch dieser Pharao, dem sich Moses (a.s.) gegenüberstellt, sich entgegen jeder Vernunft arrogant verhielt, vergleicht der Qur’<em>ā</em> n seine Haltung mit der eines Menschen, der nicht an die Auferstehung und an das Jüngste Gericht glaubt und damit keine Veranlassung sieht, sich der Verantwortung <em>Allā</em> h (t) gegenüber entsprechend zu verhalten. (ÜB) (vgl. 7:130-136; 79:24 und die Anmerkung dazu). Und wahrlich, Wir gaben Moses die Schrift, nachdem Wir die früheren Geschlechter vernichtet hatten, als ein Mittel zur Ermahnung für die Menschen und als Führung und Barmherzigkeit, auf dass sie (Meiner Macht) eingedenk sein mögen. (28:43)</p>",
    "timestamp": "2025-12-20T14:27:52.303336+00:00",
    "version": "1.0",
    "copyright": {
      "author": "Muhammad Ibn Ahmad Ibn Rassoul",
      "publisher": "IB Verlag Islamische Bibliothek",
      "edition": "41. Auflage",
      "title": "Tafsīr Al-Qur'ān Al-Karīm"
    }
  },
  {
    "key": "de_tafsir-al-azhar",
    "verse_key": "28:43",
    "verses": [
      "28:43"
    ],
    "text": "<p>Als erstes von <em>Allā</em> h (t) inspiriertes Gesetz stellte die Thora den Beginn eines neuen Abschnittes in der Menschheitsgeschichte dar. Mit der Entsendung der Thora begann das Zeitalter der Offenbarungen, welche für die Menschheit <strong>\"als Führung und Barmherzigkeit\"</strong> des Erhabenen Schöpfers gelten. Nach der Herabsendung der Thora wurden die frevelhaften Völker nicht mehr restlos in ihrer Gesamtheit vernichtet. Hiernach wurde der Kampf auf dem Weg <em>Allā</em> hs als Gebot für die Gläubigen vorgeschrieben. Dieses Gebot wird im Qur’<em>ā</em> n an verschiedenen Stellen bekräftigt und hat Gültigkeit bis zum Weltende. (vgl. 6:91, 154 und die Anmerkung dazu). Und du warst weder auf der westlichen Seite, als Wir Moses den Auftrag gaben, noch warst du unter den Augenzeugen. (28:44) Jedoch Wir ließen (nach Moses) Geschlechter entstehen, und das Leben wurde ihnen lang! Und du verweiltest nicht unter dem Volk von Madyan, um ihnen Unsere Zeichen vorzutragen; Wir aber schickten (ihnen) Gesandte. (28:45) Und du warst nicht auf der Seite des Berges als Wir (Moses) anriefen. Vielmehr (haben Wir dich) als eine Barmherzigkeit deines Herrn (entsandt), damit du ein Volk warnen mögest, zu dem vor dir kein Warner gekommen war, auf dass sie ermahnt seien. (28:46) Und wäre es (nur deshalb), dass sie nicht sagen können, wenn ein Unglück sie um dessentwillen treffen sollte, was ihre Hände vorausgeschickt haben: ”Unser Herr, warum hast Du uns keine Gesandten geschickt, dass wir Deine Zeichen hätten befolgen können und dann unter den Gläubigen gewesen wären?“ (28:47) 28:44-47 - Unser Prophet <em>Muḥ</em> ammad, <em>Allā</em> hs Segen und Friede auf ihm, wird hier auf die Tatsache aufmerksam gemacht, dass er kein Wissen und keine Vorkenntnis über den Verlauf der Geschehnisse über Moses, die Offenbarung der Thora und die Örtlichkeit gehabt hatte, und dass diese ihm von seinem Allerhöchsten Gott kommen. (vgl. 20:134 und die Anmerkung dazu).</p>\n<p><em>Tafsīr</em> Al-Qur’<em>ān</em> <em>Al-Karīm</em> Doch als nun die Wahrheit von Uns zu ihnen kam, da sagten sie: ”Warum ist ihm nicht das gleiche gegeben worden wie das, was Moses gegeben wurde?“ Haben sie denn nicht das geleugnet, was Moses zuvor gegeben wurde? Sie hatten gesagt: ”(Dies sind) zwei Zauberwerke, die einander stützen.“ Und sie sagten: ”Wir leugnen beide.“ (28:48) Sprich: ”So bringt ein Buch von <em>Allāh</em> herbei, das eine bessere Führung als diese beiden (Bücher) hat, damit ich ihm folge, wenn ihr wahrhaftig seid.“ (28:49) Doch wenn sie dir nicht Folge leisten, dann wisse, dass sie nur ihren eigenen Neigungen folgen. Und wer ist irrender als der, der ohne Führung <em>Allāhs</em> seinen eigenen Neigungen folgt? Wahrlich, <em>Allāh</em> leitet das ungerechte Volk nicht. (28:50) Und wahrlich, Wir haben ihnen das Wort immer wieder übermittelt, auf dass sie ermahnt seien. (28:51) 28:48-51 - Unser Prophet <em>Muḥ</em> ammad (a.s.s.) glich Moses (a.s.) in vieler Hinsicht; aber die Zeit, in der er lebte, unterschied sich grundlegend von Moses' Zeit. Das Wunder des Qur’<em>ā</em> n war anders und dauerhafter als Moses' Stab und die strahlende Hand. Wenn jedoch die <em>Banū</em> Quraiš Wunder nach ihrem Geschmack bekommen hätten, hätten sie dann geglaubt? Glaubten sie etwa an Moses (a.s.)? Sie hatten sich nur von den Juden Argumente geholt gegen Dinge, an die diese selbst nicht glaubten. Wie der Qur’<em>ā</em> n immer wieder betont, sind die darin erläuterten ethischen Wahrheiten dieselben wie in früheren Offenbarungen. Die Götzendiener Makkas glaubten auch nicht an Moses (a.s.) und befolgten auch nicht seine Lehren. Deswegen hatten sie gar nicht das Recht zu einem solchen Einwand gegen den Propheten. Al-Kalbiyy berichtete: ”Die <em>Banū</em> Quraiš haben die Juden über die Sendung <em>Muḥ</em> ammads befragt. Als diese antworteten: »Wir finden ihn mit seinen Merkmalen und Eigenschaften in der Thora«, sagten sie: »Zwei Zauberer, die einander helfen.«“ Moses (a.s.) wurde von den Ägyptern als Magier bezeichnet, und die wunderbaren Worte des Qur’<em>ā</em> n wurden von den <em>Banū</em> Quraiš Magie genannt. Obwohl der Qur’<em>ā</em> n Moses' Botschaft bestätigte, behaupteten die Gegner, sie befanden sich im Widerspruch zueinander. (ÜB) (vgl. 5:48; 34:31 und die Anmerkung dazu). Diejenigen, denen Wir die Schrift zuvor gegeben haben, glauben an ihn (den Qur’<em>ā</em> n). (28:52) Und wenn er ihnen verlesen wird, dann sagen sie: ”Wir glauben daran. Wahrlich, es ist die Wahrheit von unserem Herrn; wir hatten uns (Ihm) schon vordem ergeben.“ (28:53) Diese werden ihren Lohn zweimal erhalten, weil sie geduldig waren und das Böse durch das Gute abwehrten und von dem spendeten, was Wir ihnen gegeben hatten. (28:54) Und wenn sie leeres Gerede hören, so wenden sie sich davon ab und sagen: ”Für uns (seien) unsere Taten und für euch (seien) eure Taten. Friede sei auf euch! Wir suchen keine Unwissenden.“ (28:55) 28:52-55 - Gemeint hier sind die sog. Schriftbesitzer, u.a. Juden und Christen, die den Islam annahmen und die Glaubwürdigkeit des Qur’<em>ā</em> n bestätigten; denn sie sahen, dass der Islam eine natürliche und folgerichtige Fortsetzung göttlicher Offenbarungen in früheren Zeitaltern. Sie hießen den Islam nicht nur willkommen, sondern erhoben den Anspruch, seit jeher <strong>\"Muslime\"</strong> gewesen zu sein. Abraham, Moses und Jesus waren alle Muslime im Sinne der Hingabe an <em>Allā</em> h (Islam). Ihr Lohn bei <em>Allā</em> h ist deshalb verdoppelt, weil sie, bevor sie den Islam kannten, aufrichtig und wahrhaftig ihrem früheren Gesetz folgten und nun <em>Allā</em> hs Botschaft darin erkannten. Historisch bezieht sich dies möglicherweise auch auf diejenigen Christen, die auf der Suche nach der Wahrheit von Abessinien nach Makka kamen und mit ihrer mühevollen Reise keinerlei materiellen Gewinn verbanden. (vgl. 13:22; 26:196-197 und die Anmerkung dazu).</p>\n<p><em>Tafsīr</em> Al-Qur’<em>ān</em> <em>Al-Karīm</em> Wahrlich, du kannst dem den Weg nicht weisen, den du liebst; <em>Allāh</em> aber weist dem den Weg, dem Er will; und Er kennt jene am besten, die die Führung annehmen. (28:56) Und sie sagen: ”Wenn wir deiner Führung folgten, so würden wir von unserem Land weggerissen werden.“ Haben Wir denn kein sicheres Schutzgebiet errichtet, zu dem die Früchte aller Art gebracht werden als Versorgung von Uns? Jedoch die meisten von ihnen wissen es nicht. (28:57) 28:56-57 - Der Anlass für diese Offenbarung war der Tod von <em>Abū</em> <em>Ṭālib</em>, einem Onkel, den der Prophet sehr lieb hatte und der ihn geschützt und ihm bei der Verkündung des Islam geholfen hatte. Dem Propheten lag natürlich am Herzen, dass <em>Abū</em> <em>Ṭālib</em> das Glaubensbekenntnis vor seinem Tod sprach, aber die Führer der heidnischen <em>Banū</em> Quraiš hielten ihn davon ab und verursachten damit dem Propheten großes Leid (vgl. den Titel: <strong>\"<em>Muḥ</em> ammad, Prophet der Barmherzigkeit\"</strong>, Islamische Bibliothek; ferner 2:62, 126; 5:69; 6:48; 14:4, 35-41; 29:64-69; 46:13 und die Anmerkung dazu). Und so manche Stadt haben Wir vernichtet, die sich ihrer Fülle des Unterhalts rühmte! Und dort stehen ihre Wohnstätten, die nach ihnen nicht bewohnt worden sind - mit Ausnahme einiger weniger. Und Wir wurden die Erben. (28:58) Und dein Herr würde nie die Städte zerstören, ohne zuvor in ihrer Mitte einen Gesandten erweckt zu haben, der ihnen Unsere Verse verliest; noch zerstörten Wir die Städte, ohne dass ihre Bewohner (zuvor) gefrevelt hätten. (28:59) 28:58-59 - Die Undankbarkeit war stets ein Grund dafür, dass <em>Allā</em> h (t) den Menschen Seine Gnade entzieht und sie bestraft. <em>Allā</em> h machte z.B. die Stadt Makka zum Ort der Sicherheit und gewährte seinen Bewohnern die Versorgung (vgl. dazu 2:126; 106:1ff.). So sollen sich die Götzendiener mit ihrem Widerwillen aufhören, damit ihnen nicht das gleiche widerfährt, wie jenen verwüsteten Städten, die sie kennen. <em>Allā</em> h (t) verfährt dennoch mit den Undankbaren in gerechter Weise und lässt kein Volk untergehen, ehe Er zu ihnen einen Propheten entsendet, der sie vor den fatalen Folgen ihrer Undankbarkeit warnt und die frohe Botschaft für die Befolgung der Gebote verkündet. Aus diesem Grund wurde auch unser Prophet (a.s.s.) nach Makka entsandt. (vgl. 6:130-132; 11:117; 17:15 und die Anmerkung dazu). Und was euch auch an Dingen gegeben wurde - es ist nur eine zeitweilige Nutznießung des irdischen Lebens und sein Schmuck; und das aber, was bei <em>Allāh</em> ist, ist besser und bleibender. Wollt ihr denn nicht begreifen? (28:60) Ist denn der, dem Wir eine schöne Verheißung gaben, die er erfüllt sehen wird, gleich jenem, den Wir mit den guten Dingen des irdischen Lebens versorgt haben? Doch dann, am Tage der Auferstehung, wird er unter den Vorgeführten sein. (28:61) 28:60-61 - Der Wohlstand und die guten Dinge auf dieser Erde sind vergänglich und stellen nur eine zeitweilige Nutznießung und eine Prüfung dar. Unser Prophet (a.s.s.) sagte: ”Bei <em>Allā</em> h, das irdische Leben ist, gemessen am Jenseits, wie wenn einer von euch seinen Finger ins Wasser taucht; er soll dann sehen, mit was dieser zu ihm zurückkommt.“ (ÜB) An jenem Tage wird Er sie rufen und sprechen: ”Wo sind nun Meine Partner, die ihr wähntet?“ (28:62) Diejenigen, über die das Urteil gefällt wird, sagen: ”Unser Herr, dies sind</p>\n<p><em>Tafsīr</em> Al-Qur’<em>ān</em> <em>Al-Karīm</em> jene, die wir irreführten. Wir führten sie irre, wie wir selbst irregingen. Wir sprechen uns vor Dir (von ihnen) los. Nicht wir waren es, die sie anbeteten.“ (28:63) Und es wird gesprochen: ”Ruft eure Götter an.“ Und sie werden sie anrufen, doch jene werden ihnen nicht antworten. Und sie werden die Strafe erleben. Wären sie doch dem rechten Weg gefolgt! (28:64) Und an jenem Tage wird Er sie rufen und sprechen: ”Welche Antwort gabt ihr den Gesandten?“ (28:65) Dann werden ihnen an jenem Tage alle Ausreden dunkel werden, und sie werden einander nicht befragen können. (28:66) Was aber denjenigen, der bereut und glaubt und das Rechte wirkt, angeht, so ist es wohl möglich, dass er unter den Erfolgreichen sein wird. (28:67) 28:62-67 - Dieser Versblock befasst sich mit der Prüfung jener, die sich falschen Gottheiten zuwandten. Verehrer und Verehrte sprechen sich voneinander los: Wir haben uns selbst nicht zu ihren Göttern gemacht. (vgl. 10:28). Mit anderen Worten, sie dienten lediglich ihren eigenen Leidenschaften. Die Frage ”Welche Antwort gabt ihr den Gesandten?“ ist eine Vorhaltung an die Übeltäter; denn <em>Allā</em> h (t) weiß sehr wohl, welche Antwort sie den Gesandten gegeben haben. Dies bedeutet ferner, dass diese Übeltäter nicht auf <em>Allā</em> hs Gesandte gehört hatten. Abschließend wird von dem Tag der Auferstehung mit einer Parallele berichtet: Während für die Übeltäter das Elend seinen Höhepunkt erreicht, ist nun die Rede von dem, der umkehrt, sich zum Glauben bekennt und gute Werke verrichtet. (vgl. 6:22-23; 34:41 und die Anmerkung dazu). Und dein Herr erschafft, was Er will, und erwählt, was Ihm gefällt. Nicht ihnen steht die Wahl zu. Gepriesen sei <em>Allāh</em> und Hocherhaben über das, was sie anbeten! (28:68) Und dein Herr weiß, was ihre Herzen verbergen und was sie kundgeben. (28:69) Und Er ist <em>Allāh</em>; es ist kein Gott außer Ihm. Ihm gebührt aller Preis am Anfang und am Ende. Sein ist die Herrschaft, und zu Ihm werdet ihr zurückgebracht. (28:70) 28:68-70 - Hier erfahren die Menschen mit Nachdruck die absolute Unabhängigkeit des Schöpfers und Seine Erhabenheit gegenüber Seinen Geschöpfen. Kurz und bündig müssen wir ohne <strong>\"wenn\"</strong> und <strong>\"aber\"</strong> wissen, dass Er - Gepriesen ist Er - erschafft, was Er will, und erwählt von seinen Geschöpfen, was Ihm gefällt, um die Aufgabe der Verkündung der Botschaft zu übernehmen. Sprich: ”Was haltet ihr davon, wenn <em>Allāh</em> die Nacht über euch bis zum Tage der Auferstehung dauern ließe? Welcher Gott außer <em>Allāh</em> könnte euch ein Licht bringen? Wollt ihr denn nicht hören?“ (28:71) Sprich: ”Was haltet ihr davon, wenn <em>Allāh</em> den Tag über euch bis zum Tage der Auferstehung dauern ließe? Welcher Gott außer <em>Allāh</em> könnte euch eine Nacht zur Ruhe bringen? Wollt ihr es denn nicht einsehen?“ (28:72) Und in Seiner Barmherzigkeit erschuf Er für euch die Nacht und den Tag, auf dass ihr darin ruhen mögt und auf dass ihr nach Seiner Huld trachtet und dankbar sein mögt. (28:73) 28:71-73 - Der Wechsel von Tag und Nacht ist ein Ergebnis der Erdumdrehung vor der Sonne, die zur Schöpfung <em>Allā</em> hs gehört, um das Leben auf Erden zu erhalten. Tag und Nacht sind beide für nützliche Zwecke des menschlichen Lebens bestimmt. Um eine Änderung in diesem göttlichen System vornehmen zu können muss man Herrschaft über die Sonne und die ganze Erde haben, und dies ist nicht für die Geschöpfe möglich; denn es liegt lediglich in der Hand des Erhabenen Schöpfers Selbst, Der die Sonne aus dem Westen aufgehen lassen kann (vgl. dazu 2:258).</p>\n<p><em>Tafsīr</em> Al-Qur’<em>ān</em> <em>Al-Karīm</em> Und an jenem Tage wird Er sie rufen und sprechen: ”Wo sind nun Meine Partner, die ihr wähntet?“ (28:74) Und Wir werden aus jedem Volk einen Zeugen holen und sprechen: ”Bringt euren Beweis herbei.“ Dann werden sie erkennen, dass die Wahrheit <em>Allāh</em> gehört. Und das, was sie zu erdichten pflegten, wird für sie verloren sein. (28:75) 28:74-75 - Am Tag der Auferstehung wird <em>Allā</em> h (t) die Götzendiener vor ihrem eigenen Propheten zur Rechenschaft ziehen, der als Zeuge für die Wahrheitsverkündung seiner Botschaft stehen wird. (vgl. 4:41; 6:24; 7:53; 10:28-30; 11:21; 16:87 und die Anmerkung dazu). Wahrlich, Korah gehörte zum Volk Moses', und doch unterdrückte er es. Und wir gaben ihm soviel Schätze, dass ihre Schlüssel sicher eine Bürde für eine Schar von Starken gewesen wären. Da sagte sein Volk zu ihm: ”Freue dich nicht; denn <em>Allāh</em> liebt diejenigen nicht, die frohlocken. (28:76) Sondern suche in dem, was <em>Allāh</em> dir gegeben hat, die Wohnstatt des Jenseits; und vergiss deinen Teil an der Welt nicht; und tue Gutes, wie <em>Allāh</em> dir Gutes getan hat; und begehre kein Unheil auf Erden; denn <em>Allāh</em> liebt die Unheilstifter nicht.“ (28:77) 28:76-77 - Dies erklärt auch die Kombination von Korah und Pharao in 29:39 und 40:24. Obgleich Korah zu den Kindern Israels gehörte, hatte er sich auf die Seite Pharaos und <em>Hā</em> m <em>ā</em> ns geschlagen und wandte sich gegen sein eigenes Volk. Wie Pharao als König politische Tyrannei und <em>Hā</em> m <em>ā</em> n als Priester falsche, die Ungerechtigkeit stützende Ideologie verkörpert, steht Korah für wirtschaftliche Ausbeutung und Selbstherrlichkeit. Den dreien gegenüber steht Moses (a.s.) als prophetische Persönlichkeit und Übermittler des göttlichen Gesetzes. Da er zum Stamm Levi gehörte, war er mit Moses (a.s.) verwandt. Er beneidete seinen Verwandten und wünschte, er könnte die diesem zuteil gewordene Ehre und Würde auf sich selbst lenken. (ÜB) (vgl. 28:78 und die Anmerkung dazu). Er sagte: ”Es (die Schätze) wurde mir nur um des Wissens willen, das ich besitze, gegeben.“ Wusste er denn nicht, dass <em>Allāh</em> vor ihm schon Geschlechter vernichtet hatte, die noch gewaltigere Macht und größeren Reichtum als er besaßen? Und die Schuldigen werden nicht nach ihren Sünden befragt. (28:78)</p>",
    "timestamp": "2025-12-20T14:27:52.303336+00:00",
    "version": "1.0",
    "copyright": {
      "author": "Muhammad Ibn Ahmad Ibn Rassoul",
      "publisher": "IB Verlag Islamische Bibliothek",
      "edition": "41. Auflage",
      "title": "Tafsīr Al-Qur'ān Al-Karīm"
    }
  },
  {
    "key": "de_tafsir-al-azhar",
    "verse_key": "27:91",
    "verses": [
      "27:91"
    ],
    "text": "<p>Unser Prophet (a.s.s.) soll allen Menschen sagen, dass ihm befohlen ist, dem Herrn dieser Stadt Makka zu dienen. Dies berührt nicht im Geringsten die Universalität der Botschaft des Islam. Denn diese Stadt wird hier nicht namentlich genannt, weil sie aus zwei Gründen als solche verstanden wird: Zunächst, weil sich dort das Haus <em>Allā</em> hs, die Al-Ka‘ba, befindet; ferner, dass die</p>\n<p><em>Tafsīr</em> Al-Qur’<em>ān</em> <em>Al-Karīm</em> Botschaft des Qur’<em>ā</em> n dorthin zu <em>Muḥ</em> ammad, <em>Allā</em> hs Segen und Friede auf ihm, herabgesandt wurde, als der Prophet (a.s.s.) und seine Anhänger als Gegner des makkanischen Kultes verfolgt wurden. Ihr Glaube richtete sich nicht gegen den wahren Geist der heiligen Stadt, sondern brachte im Gegenteil gerade diesen Geist wieder zur Geltung, nachdem er von der Götzendienerei und den Lastern der <em>Banū</em> Quraiš überlagert worden war. Hier wird den <em>Banū</em> Quraiš mitgeteilt, dass diese Lehre vom Herrn Makkas selbst stammt, dem Einen wahren Gott, <em>Allā</em> h (t), Der die Stadt in der Zeit Abrahams selbst geheiligt hatte. Mit dieser Heiligung machte <em>Allā</em> h (t) Makka zu einem sicheren Ort, der frei war von all den Auseinandersetzungen, die in den anderen Orten Arabiens weit verbreitet waren. Dies war zweifellos eine Huld <em>Allā</em> hs für die Makkaner (vgl. 106:3, wo <em>Allā</em> h als <strong>\"Herr dieses Hauses\"</strong> bezeichnet wird). Bevor diese eindrucksvolle Sura über die Allmacht <em>Allā</em> hs beendet wird, muss dazu erwähnt werden, dass einige Jahre nach der Offenbarung dieser Verse wunderbare Dinge geschahen, die den Zweifel der Wankelmütigen zerstreuten und das Vertrauen der Gläubigen stärkten. (ÜB) (vgl. 3:96 und die Anmerkung dazu). Ende der Sura 27 (28) Sura <em>Al-Qaṣ</em> a <em>ṣ</em> (Die Geschichte) (offenbart zu Makka) 88 <em>Ā</em> y <em>ā</em> t Der größte Teil dieser Sura wurde in der späten makkanischen Periode offenbart, gerade der <em>Hiǧ</em> ra vorangehend; sie behandelt den Gegenstand der Offenbarung, und wie die Leute sie bekamen. Aber diese Sura zeigt ebenso neue Standpunke, nämlich wie ein Prophet auf seine Aufgabe vorbereitet wird, obwohl er ein gewöhnlicher Mensch ist. Die Geschichte von Moses (a.s.) wird im Detail erzählt. <em>Allā</em> h (t) verlieh ihm Weisheit und Wissen als er ein reifer junger Mann wurde. Als er noch ein Kind war, wollte <em>Allā</em> h (t) ihn zu einem Seiner Propheten machen. In seiner Jugend betete er zu <em>Allā</em> h um Vergebung und Rechtleitung. In seinem Exil fand er Hilfe und Liebe von seiner Frau und Familie. Als er predigte, stärkte ihn <em>Allā</em> h (t). Kurzum, <em>Allā</em> hs Gnade ist mit den Propheten von Geburt an. <em>Allā</em> hs Botschaft wird von Leuten wie Pharao, die hochmütig sind, zurückgewiesen. <em>Muḥ</em> ammad, <em>Allā</em> hs Segen und Friede auf ihm, wurde ebenso eine gute Lebensführung gegeben, bevor er zum Propheten berufen wurde. Seine Botschaft wurde ebenfalls von den hochmütigen Makkanern abgelehnt. Diejenigen, die den Frieden im Jenseits wollen, müssen ihre Missetaten bereuen, Glauben haben und Gutes tun; denn alle Wahrheit und Gnade kommt von <em>Allā</em> h (t). Diejenigen, die sorglos in dieser Welt leben wollen, und sich mit Wohlstand aufblasen, werden das Schicksal von Korah erleiden, der von der Erde verschlungen wurde. Im Namen <em>Allāhs</em>, des Allerbarmers, des Barmherzigen! <em>Ṭā</em> <em>Sī</em> n <em>Mī</em> m. (28:1) Das sind die Verse des deutlichen Buches. (28:2) Wir verlesen dir wahrheitsgemäß einen Teil der Geschichte von Moses und Pharao, für Leute, die glauben. (28:3) Wahrlich, Pharao betrug sich hochmütig im Land und spaltete dessen Bewohner in Parteien. Eine Gruppe von ihnen pflegte er zu unterdrücken, indem er ihre Söhne abschlachtete und ihre Frauen am Leben ließ. Wahrlich, er war einer der Unheilstifter!</p>\n<p><em>Tafsīr</em> Al-Qur’<em>ān</em> <em>Al-Karīm</em> (28:4) Und Wir wollten denen, die im Lande als schwach erachtet wurden, Huld erweisen und sie zu Führern machen und zu Erben einsetzen (28:5) und ihnen die Oberhand im Lande geben und Pharao und <em>Hā</em> m <em>ā</em> n und ihren Heerscharen durch sie (die Schwachen) das zeigen, was sie befürchteten. (28:6)</p>",
    "timestamp": "2025-12-20T14:27:52.303336+00:00",
    "version": "1.0",
    "copyright": {
      "author": "Muhammad Ibn Ahmad Ibn Rassoul",
      "publisher": "IB Verlag Islamische Bibliothek",
      "edition": "41. Auflage",
      "title": "Tafsīr Al-Qur'ān Al-Karīm"
    }
  }
]