[
  {
    "key": "de_tafsir-al-azhar",
    "verse_key": "37:1",
    "verses": [
      "37:1"
    ],
    "text": "<h2>Sura Aṣ-Ṣāffāt (Die Sich-Reihenden)</h2>\n<p><em>(offenbart zu Makka)</em></p>\n<p><em>0 Āyāt</em></p>\n<p>(offenbart zu Makka) 182 <em>Ā</em> y <em>ā</em> t Der Kampf zwischen Gut und Böse hat angedauert. <em>Allā</em> h (t) schmückte den unteren Himmel mit den Sternen, um auch die Himmelsregion gegen jeden starren, widerspenstigen Satan zu schützen. Gutes und Schlechtes wird am Tage des Jüngsten Gerichts abgesondert, wenn das Gute das Böse besiegt. Frieden und Sieg überkamen Noah, Abraham, Moses, Elias und Lot in ihrem Kampf gegen den Unglauben. Als <em>Allā</em> h (t) Jonas aus dem Bauch des Fisches herausholte, erzielte auch er Frieden und Sieg. Der Fisch warf ihn ans nackte Ufer. Später predigte er unter einer Menschenmasse. <em>Allā</em> h und Seine Propheten sind immer siegreich.</p>\n<p><em>Tafsīr</em> Al-Qur’<em>ān</em> <em>Al-Karīm</em> Im Namen <em>Allāhs</em>, des Allerbarmers, des Barmherzigen! Bei den Sich-Reihenden in Reihen (37:1) und denen, die grob zurechtweisen (37:2) und denen, die Ermahnung verlesen! (37:3) Wahrlich, euer Gott ist Einzig (37:4), Herr der Himmel und der Erde und all dessen, was zwischen beiden ist, und der Herr aller Orte der Aufgänge (von Sonne, Mond und Sternen). (37:5)</p>\n<p>Die Schwurform hat schon am Anfang der vorangegangenen Sura 36 begonnen, und hier wird sie weiter in drei Versen verwendet. Beim ersten Vers wird unsere Aufmerksamkeit auf diejenigen gerichtet, die hier mit ihren spezifischen Handlungen erwähnt werden. Darunter sind sowohl die Engel als auch die Menschen zu verstehen. Unser Prophet (a.s.s.) sagte: ”<em>Allā</em> h gab uns (Muslimen) drei Vorzüge über andere Menschen: Unsere Reihen im Gebet sehen aus wie die Reihen der Engel, und die ganze Erde steht uns als Gebetsplatz zur Verfügung, und ihr Sand ist uns als Reinigungsmittel vor dem Gebet gemacht, wenn wir kein Wasser finden.“ (Mu) In einem anderen <em>Ḥ</em> adīṯ sagte der Prophet (a.s.s.): ”Wollt ihr euch nicht so reihen, wie die Engel sich reihen?“ Die Gefährten fragten: ”Und wie reihen sich die Engel?“ Der Prophet sagte: ”Sie machen die vorderen Reihen voll, und stehen in der Reihe nebeneinander ohne Zwischenräume.“ (Mu, Da, Na)</p>",
    "timestamp": "2025-12-20T14:27:52.303336+00:00",
    "version": "1.0",
    "copyright": {
      "author": "Muhammad Ibn Ahmad Ibn Rassoul",
      "publisher": "IB Verlag Islamische Bibliothek",
      "edition": "41. Auflage",
      "title": "Tafsīr Al-Qur'ān Al-Karīm"
    }
  },
  {
    "key": "de_tafsir-al-azhar",
    "verse_key": "37:2",
    "verses": [
      "37:2"
    ],
    "text": "<p>Die Engel handeln hart und rauh, wenn es sich um unverbesserlichen Übeltäter und Feinde <em>Allā</em> hs handelt, wie zum Beispiel wenn sie ihre Seelen beim Tod aus ihrem Körper herausziehen, oder wenn sie sie nach der Auferstehung zur Rechenschaft und anschließend zur Hölle treiben. Das kann sich aber auch auf die Gemeinschaft der Gläubigen beziehen, die die aggressiven Menschen zurücktreiben, und ihnen energisch das Handwerk legen.</p>",
    "timestamp": "2025-12-20T14:27:52.303336+00:00",
    "version": "1.0",
    "copyright": {
      "author": "Muhammad Ibn Ahmad Ibn Rassoul",
      "publisher": "IB Verlag Islamische Bibliothek",
      "edition": "41. Auflage",
      "title": "Tafsīr Al-Qur'ān Al-Karīm"
    }
  },
  {
    "key": "de_tafsir-al-azhar",
    "verse_key": "37:3",
    "verses": [
      "37:3"
    ],
    "text": "<p>Sowohl Engel als auch Menschen verkünden die Schriften, die <em>Allā</em> h offenart hat.</p>",
    "timestamp": "2025-12-20T14:27:52.303336+00:00",
    "version": "1.0",
    "copyright": {
      "author": "Muhammad Ibn Ahmad Ibn Rassoul",
      "publisher": "IB Verlag Islamische Bibliothek",
      "edition": "41. Auflage",
      "title": "Tafsīr Al-Qur'ān Al-Karīm"
    }
  },
  {
    "key": "de_tafsir-al-azhar",
    "verse_key": "37:4",
    "verses": [
      "37:4"
    ],
    "text": "<p>Nach dem Schwur in den ersten drei Versen erfolgt nunmehr die Betonung darauf, dass euer Gott, ihr Menschen, Einzig ist. Zielsetzung dieses Schwurs ist die Zurückweisung von falschen Vorstellungen der vorislamischen Araber, dass die Engel mit <em>Allā</em> h (t) verwandt seien.</p>",
    "timestamp": "2025-12-20T14:27:52.303336+00:00",
    "version": "1.0",
    "copyright": {
      "author": "Muhammad Ibn Ahmad Ibn Rassoul",
      "publisher": "IB Verlag Islamische Bibliothek",
      "edition": "41. Auflage",
      "title": "Tafsīr Al-Qur'ān Al-Karīm"
    }
  },
  {
    "key": "de_tafsir-al-azhar",
    "verse_key": "37:5",
    "verses": [
      "37:5"
    ],
    "text": "<p><em>Allā</em> h (t) ist nicht nur Einzig, sondern auch Herr der Himmel und der Erde und all dessen, was zwischen beiden ist. Er ist auch Herr aller Orte und Zeiten; denn die Zeiten werden gewöhnlich mit Anfängen und Enden gemessen. Bei Sonne, Mond, Sternen und allen Himmelskörpern, die sich von einer Richtung zu der anderen drehen, gibt es natürlich Aufgänge und Untergänge des Lichtes, wie wir dies bei der Sonne erleben. (vgl. 7:137). Betrachtet von unserer Erdkugel gibt es schon mehrere Aufgänge und Untergänge der Sonne; denn, wenn die Sonne irgendwo untergeht, geht sie irgendwo wieder auf usw. merhmals am Tag. (vgl. 55:17; 70:40 und die Anmerkung dazu). Wir haben den untersten Himmel mit einem Schmuck ausgeschmückt: den Sternen (37:6), die einen Schutz vor jedem aufrührerischen Satan bilden. (37:7) Sie können nichts bei den höheren Bewohnern erlauschen, und sie werden von allen Seiten beworfen (37:8) als Ausgestoßene; und für sie ist eine dauernde Strafe (vorgesehen) (37:9) - mit Ausnahme dessen, der etwas aufschnappt, doch ihn verfolgt ein durchbohrender Schweifstern. (37:10)</p>\n<p><em>Tafsīr</em> Al-Qur’<em>ān</em> <em>Al-Karīm</em></p>",
    "timestamp": "2025-12-20T14:27:52.303336+00:00",
    "version": "1.0",
    "copyright": {
      "author": "Muhammad Ibn Ahmad Ibn Rassoul",
      "publisher": "IB Verlag Islamische Bibliothek",
      "edition": "41. Auflage",
      "title": "Tafsīr Al-Qur'ān Al-Karīm"
    }
  },
  {
    "key": "de_tafsir-al-azhar",
    "verse_key": "37:6",
    "verses": [
      "37:6"
    ],
    "text": "<p>Mit dem <strong>\"untersten Himmel\"</strong> ist unser Himmel gemeint, den wir über uns sehen. Der Qur’<em>ā</em> n gibt uns hier Information, die die Wissenschaft nie geben kann, nämlich dass die Sterne sich nur im ersten, untersten Himmel befinden. Wir gehen also davon aus, dass die Bemühungen um die Beschaffenheit anderer Himmelskörper, die von unserer Erde in Milliarden von Lichtjahren entfernt sind, nur im Rahmen des ersten Himmels eine Rolle spielen. Mit einer Entdeckung des zweiten, dritten bis zum siebten Himmel können wir ganz außeracht lassen; denn dies ist durchaus nicht möglich. Der Leser wird hier aufmerksam gemacht, dass uns die Wissenschaft nicht immer helfen kann. Uns bleibt nichts anderes übrig, als dass wir die Information über das Verborgene aus der Offenbarung erhalten. D.h. glauben. (vgl. 15:18 und die Anmerkung dazu). 37:7-10 - Der Himmel ist nicht einfach ein leerer Raum, in den jeder nach Belieben eindringen kann, sondern er ist befestigt, und seine verschiedenen Bereiche sind durch starke Barrieren voneinander abgegrenzt, so dass satanische Kräfte sich nicht willkürlich darin bewegen können. Zur Zeit des Propheten (a.s.s.) gab es Wahrsager, die die Zukuntt voraussagten unter Berufung auf Dämonen, die angeblich in ihrem Auftrag Informationen aller Art brachten. Als der Prophet begann, die Botschaft zu verküden, wurde er mit jenen Wahrsagern gleichgesetzt. Diesem Vorwurf entgegnet <em>Allā</em> h (t) hier, dass es deren Dämonen unmöglich ist, am Himmel zu lauschen und wahre Informationen zu bringen. Wichtig ist, dass diese Dämonen, die daran gehindert werden, in den Himmel hinauf zu gelangen und zu lauschen, diegleichen sind, von denen die makkanischen Götzendiener behaupten, sie wären mit <em>Allā</em> h (t) verwandt. (ÜB) (vgl. 15:17-18 ; 34:9 und die Anmerkung dazu). Frage sie darum, ob sie schwerer zu erschaffen sind oder die, die Wir erschaffen haben? Denn Wir haben sie aus formbarem Lehm erschaffen. (37:11) Nein, du staunst, und sie spotten. (37:12) Und wenn sie ermahnt werden, so beachten sie es nicht. (37:13) Und wenn sie ein Zeichen sehen, so verdrehen sie es zu Spott (37:14), und sie sagen: ”Das ist nichts als offenkundige Zauberei. (37:15) Wie? Wenn wir tot sind und zu Staub und Gebeinen geworden sind, dann sollen wir wieder auferweckt werden? (37:16) Oder etwa unsere Vorväter?“ (37:17) Sprich: ”Ja; und dabei werdet ihr gedemütigt.“ (37:18) Es wird nur ein einziger Schrei sein, und siehe, schon schauen sie zu. (37:19) 37:11-19 - <em>Muḥ</em> ammad, <em>Allā</em> hs Segen und Friede auf ihm, soll die Götzendiener in Makka fragen, ob es schwieriger ist, sie als Menschen zu erschaffen, oder ob sie, die aus einer irdischen Substanz erschaffen sind, etwa mächtiger als das Universum. (vgl. 6:2; 7:12; 32:7) Der einzige Schrei ist der unüberhörbare Befehl zur Auferstehung aus den Gräbern. Das <strong>\"Zuschauen\"</strong> bedeutet, dass sie nach dem zu langen Zustand im Grab weder benommen noch unfähig sind, ihre Umgebung wahrzunehmen. (vgl. 36:29, 49, 53). Und sie werden sagen: ”O wehe uns! Das ist der Tag des Gerichts.“ (37:20) ”Das ist der Tag der Entscheidung, den ihr für gelogen hieltet.“ (37:21) ”Versammelt jene, die frevelten, und ihre (Gleichgesinnungs-) Paare und das, was sie verehrt haben (37:22) statt <em>Allāh</em>, und führt sie zum Weg der <em>Al-Ǧ</em> a <em>ḥīm</em> . (37:23) Und haltet sie an; denn sie sollen befragt werden.“ (37:24) ”Was ist euch, dass ihr einander nicht helft?“ (37:25) Nein, heute ergeben sie sich. (37:26)</p>\n<p><em>Tafsīr</em> Al-Qur’<em>ān</em> <em>Al-Karīm</em> 37:20-26 - In diesem Augenblick erinnern sie sich an den Tag des Jüngsten Gerichts, vor dem die Propheten gewarnt haben, und sie ihn ablehnten (vgl. 36:59; ferner 77:13). Die Frevler werden dann in Gruppen als Gleichgesinnungs-Paare nach Vergehensart geführt (vgl. 34:41). D.h. die Führer und ihre Gefolgschaften, die Angebeteten und ihre Verehrer, die Verführer und ihre Verführten, die Satane und ihre gehorsamen Diener usw. Alle Selbstherrlichkeit aus dem vergangenen irdischen Leben ist fort. Ähnliches finden wir auch in der Geschichte von Pharao in 20:79. Und sie wenden sich einander zu und fragen sich gegenseitig. (37:27) Sie werden sagen: ”Wahrlich, ihr pflegtet von rechts zu uns zu kommen.“ (37:28) Jene werden antworten: ”Nein, ihr wart keine Gläubigen. (37:29) Und wir hatten keine Macht über euch; ihr aber wart ein gewalttätiges Volk. (37:30) Nun hat sich das Wort unseres Herrn gegen uns erfüllt. Wir werden gewiss (die Strafe) kosten müssen. (37:31) Und wir verführten euch, weil wir selbst Irrende waren.“ (37:32) An jenem Tage werden sie alle Teilhaber an der Strafe sein. (37:33) So verfahren Wir mit den Schuldigen (37:34); denn als zu ihnen gesprochen wurde: ”Es ist kein Gott außer <em>Allāh</em>“, da verhielten sie sich hochmütig (37:35) und sagten: ”Sollen wir unsere Götter wegen eines besessenen Dichters aufgeben?“ (37:36) Nein, er hat die Wahrheit gebracht und die Gesandten bestätigt. (37:37) 37:27-37 - In diesem Versblock handelt es sich um den Dialog der <strong>\"Zunkunft\"</strong> zwischen den beiden Gruppen (vgl. oben 37:20-26), der schon jetzt als vollendete Tatsache bekanntgemacht wird, weil diese im Wissen <em>Allā</em> hs steht, Der das Verborgene kennt. Der Ausdruck <strong>\"von rechts\"</strong> wird als der rechtmäßige Befehl, der auf Grund von Macht und Autorität ausging (vgl. 28:62-64; ferner 2:34; 28:39; 36:69. Ihr werdet sicher die peinvolle Strafe kosten. (37:38) Und ihr werdet nur für das, was ihr selbst gewirkt habt, belohnt werden. (37:39) Ausgenommen (davon sind) die erwählten Diener <em>Allāhs</em>. (37:40) Diese sollen eine zuvor bekannte Versorgung erhalten (37:41): Früchte; und sie sollen geehrt werden (37:42) in den Gärten der Wonne (37:43), auf Ruhebetten einander gegenüber (sitzend) (37:44), während ein unerschöpflicher Becher unter ihnen die Runde macht. (37:45) (Er ist) weiß und wohlschmeckend für die Trinkenden. (37:46) Er wird keinen Rausch erzeugen, noch werden sie davon müde werden. (37:47) Und bei ihnen werden (Keusche) sein, die züchtig aus großen Augen blicken (37:48), als ob sie verborgene Perlen wären. (37:49) 37:38-49 - Hier handelt es sich um die bekannte Parallelität im Qur’<em>ā</em> n: Wenn einmal von der Bestrafung die Rede ist, wird auch die Belohnung geschildert und umgekehrt. Dabei muss noch erwähnt werden, dass eine schlechte Tat nicht mit mehr vergolten wird als dem, was ihr genau entspricht, und dass eine gute Tat mit dem zehnfachen ihres Wertes vergolten wird (vgl. 6:160; ferner 15:47; 36:57; 38:42; 52:24; 56:34; 76:19 und die Anmerkung dazu). Und einige von ihnen werden sich an die anderen wenden, um sich gegenseitig zu befragen. (37:50) Einer ihrer Sprecher wird sagen: ”Ich hatte einen Gefährten (37:51), der zu fragen pflegte: »Hältst du tatsächlich (die Auferstehung) für wahr? (37:52) Wenn wir tot sind und zu Staub und Gebeinen geworden sind, dann sollen uns (unsere Taten) wirklich vergolten werden?«“ (37:53) Er wird fragen: ”Wollt ihr (ihn) schauen?“ (37:54) Dann wird er schauen</p>\n<p><em>Tafsīr</em> Al-Qur’<em>ān</em> <em>Al-Karīm</em> und ihn inmitten der <em>Al-Ǧ</em> a <em>ḥīm</em> sehen. (37:55) Er wird sagen: ”Bei <em>Allāh</em>, beinahe hättest du mich ins Verderben gestürzt. (37:56) Und wäre nicht die Gnade meines Herrn gewesen, hätte ich sicher zu denen gehört, die (zum Feuer) gebracht werden. (37:57) Ist es nicht so, dass wir nicht sterben werden (37:58), außer bei unserem ersten Tod? Und wir sollen nicht bestraft werden. (37:59) Wahrlich, das ist der gewaltige Gewinn. (37:60) Für solches wie dies denn mögen die Wirkenden wirken.“ (37:61) 37:50-61 - Die gegenseitige Befragung in der Zukunft geht weiter, die als vollendetete Tatsache steht, weil sie zur Kenntnis des Verborgenen gehört, die nur <em>Allā</em> h (t) kennt (vgl. oben 37:27-37 und die Anmerkung dazu). Hier werden Erinnerungen aus der Vergangenheit und Eindrücke der Gegenwart ausgetauscht. Ist dies als Bewirtung besser oder der Baum des <em>Zaqqū</em> m ? (37:62) Denn Wir haben ihn zu einer Versuchung für die Missetäter gemacht. (37:63) Er ist ein Baum, der aus dem Grunde der <em>Al-Ǧ</em> a <em>ḥīm</em> emporwächst. (37:64) Seine Früchte scheinen wie Köpfe der Satane zu sein. (37:65) Sie sollen davon essen und (ihre) Bäuche damit füllen. (37:66) Darauf sollen sie eine Mischung von siedendem Wasser (zum Trank) erhalten. (37:67) Danach sollen sie zur Al- <em>Ǧ</em> a <em>ḥīm</em> zurückkehren. (37:68) Sie fanden ihre Väter als Irrende vor (37:69), und so traten sie eilends in ihre Fußstapfen. (37:70) 37:62-70 - <strong>\"<em>Zaqqū</em> m\"</strong> ist der Name des Baumes, der aus dem Grunde des Höllenfeuers mit dem Namen <strong>\"<em>Al-Ǧ</em> a <em>ḥīm</em>\"</strong> emporwächst und als der <strong>\"verfluchte Baum im Qur’<em>ā</em> n\"</strong> genannt ist (vgl. 17:60). Dieser Baum ist ein Gegenstück zu den schönen Gärten des Paradieses mit ihren herrlichen Früchten (vgl. 44:43; 56:52). Das Wort <strong>\"<em>Zaqqū</em> m\"</strong> bezeichnet in einer anderen Bedeutung ein Gericht aus Datteln und Butterfett, woraufhin die makkanischen Götzendiener einen Grund zu neuem Spott fanden. Dieser Vers entgegnet ihnen darauf. Die Bezeichnung der Speise der Höllenbewohner mit dem doppeldeutigem Wort <strong>\"<em>Zaqqū</em> m\"</strong> war eine Art Verlockung, um es zu einem Gesprächsthema unter ihnen zu machen, dann aber kam die Offenbarung, die beschreibt, welch widerliche Speise es ist. (Kat) Das Gleichnis von Früchten und Getränken im jeweiligen Geschick der Guten und der Bösen wird in Sura 47:15 weiter ausgeführt. Unser Prophet (a.s.s.) hat gesagt: ”Fürchtet <em>Allā</em> h, wie es Ihm gebührt; denn - wenn nur ein Tropfen von <strong>\"<em>Zaqqū</em> m\"</strong> in die Weltmeere gefallen wäre, hätte er das Leben der Menschen auf der Erde verdorben. Wie ist es dann erst mit dem, der damit gefüttert wird?“ (Ma, Na, Ti) Und die meisten der Vorfahren waren vor ihnen irregegangen. (37:71) Und wahrlich, Wir hatten ihnen Warner gesandt. (37:72) Also, siehe nun, wie da der Ausgang derer war, die gewarnt worden waren (37:73) mit Ausnahme der erwählten Diener <em>Allāhs</em>! (37:74) 37:71-74 - Irren ist menschlich. Jeder Irrtum wird vergeben, wenn darauf Reue und Umkehr folgt. Hier geht es darum, dass <em>Allā</em> h (t) in Seiner Barmherzigkeit zu allen Zeiten in der Geschichte Gesandte und Lehrer geschickt hat, die Seine Botschaft verkünden sollten, und dass die meisten Menschen Seine Botschaft abgelehnt haben. (ÜB) Und wahrlich, Noah rief Uns an, und Wir sind es, die am besten erhören! (37:75) Und Wir erretteten ihn und die Seinen aus der großen Bedrängnis. (37:76) Und Wir machten seine Nachkommenschaft zu den einzig Überlebenden. (37:77) Und Wir bewahrten seinen Namen</p>\n<p><em>Tafsīr</em> Al-Qur’<em>ān</em> <em>Al-Karīm</em> unter den künftigen Geschlechtern. (37:78) Friede sei auf Noah in allen Welten! (37:79) So belohnen Wir jene, die Gutes wirken. (37:80) Er gehörte zu Unseren gläubigen Dienern. (37:81) Dann ließen Wir die anderen ertrinken. (37:82) 37:75-82 - Dies bezieht sich auf Noahs Bittgebet, das er schließlich an <em>Allā</em> h (t) richtete, als er lange Zeit hindurch sein Volk vergeblich ermahnt hatte (vgl. 21:76 77; 26:105-110; 54:10 und die Anmerkung dazu). Die Einzelheiten über die Sintflut werden in 11:25-43 wiedergegeben. Und wahrlich, von seiner Art war Abraham (37:83), als er zu seinem Herrn mit heilem Herzen kam (37:84) (und) als er zu seinem Vater und zu seinem Volk sagte: ”Was verehrt ihr da? (37:85) Ist es eine Lüge - Götter außer <em>Allāh</em>, was ihr begehrt? (37:86) Was denkt ihr denn vom Herrn der Welten?“ (37:87) 37:83-87 - Abraham (a.s.) gehörte zu denjenigen, die solche Bittgebete mit reinem und heilen Herzen kamen, um in ihrer Not eine Unterstützung zu finden (vgl. 21:51-73; ferner 26:69-77 und die Anmerkung dazu). Das Herz hier ist nicht das Organ gemeint, das die Mediziner als <strong>\"Pumpe\"</strong> bezeichnen, sondern der Kern der menschlichen Persönlichkeit (vgl. 26:69-77, 89 und die Anmerkung dazu; ferner den Titel: <strong>\"<em>Allā</em> hs Friede auf <em>Ibrā</em> h <em>ī</em> m\"</strong> [s.u.: <strong>\"<em>Ibrā</em> h <em>ī</em> m im Qur’<em>ā</em> n] Islamische Bibliothek). Dann warf er einen Blick zu den Sternen (37:88) und sagte: ”Mir ist übel.“ (37:89) Da kehrten sie ihm den Rücken (und) gingen fort. (37:90) Nun wandte er sich heimlich an ihre Götter und sagte: ”Wollt ihr nicht essen? (37:91) Was ist euch, dass ihr nicht redet?“ (37:92) Dann ging er auf sie los und begann, sie mit der Rechten zu schlagen. (37:93) Da kamen sie zu ihm geeilt. (37:94) Er sagte: ”Verehrt ihr das, was ihr gemeißelt habt (37:95), obwohl <em>Allāh</em> euch und das, was ihr gemacht habt, erschaffen hat?“ (37:96) Sie sagten: ”Baut einen Bau für ihn und werft ihn in die <em>Al-Ǧ</em> a <em>ḥīm</em> !“ (37:97) Sie wollten Ränke gegen ihn schmieden, allein Wir machten sie zu den Niedrigsten. (37:98) 37:88-98 – Der Ausdruck \"</strong>mit der Rechten zu schlagen<strong>\" weist auf \"</strong>das Schlagen mit aller Kraft<strong>\". Da die Götzen teils aus Substanzen und teils aus Gestalten bestehen, ist der Schöpfer ihrer Substanzen <em>Allā</em> h, während die Hersteller ihrer Gestalten die sind, welche ihnen Gestalt verleihen, indem sie sie zurecht meißeln und einige ihrer Teile herausnehmen, bis die Gestaltung erreicht ist, die sie wollen. (Zam, Gät) (vgl. 6:76-78; 21:54-64, 69; 26:69-77 und die Anmerkung dazu; ferner den Titel: \"</strong><em>Allā</em> hs Friede auf <em>Ibrā</em> h <em>ī</em> m<strong>\" [s.u.: \"</strong><em>Ibrā</em> h <em>ī</em> m im Qur’<em>ā</em> n], Islamische Bibliothek). Und er sagte: ”Seht, ich gehe zu meinem Herrn, Der mich recht leiten wird. (37:99) Mein Herr, gewähre mir einen rechtschaffenen (Sohn).“ (37:100) Dann gaben Wir ihm die frohe Botschaft von einem sanftmütigen Sohn. (37:101) Als er nun so weit (herangewachsen) war, um mit ihm zu arbeiten, sagte er: ”O mein Sohn, ich sehe im Traum, dass ich dich schlachte. Nun schau, was meinst du dazu?“ Er sagte: ”O mein Vater, tu, wie dir befohlen wird; du sollst mich - so <em>Allāh</em> will - unter den Geduldigen finden.“ (37:102) Als sie sich beide (<em>Allāhs</em> Willen) ergeben hatten und er ihn mit der Stirn auf den Boden hingelegt hatte (37:103), da riefen Wir ihm zu: ”O Abraham (37:104), du hast bereits das Traumgesicht erfüllt.“ So belohnen Wir die, die Gutes tun. (37:105) Wahrlich, das ist offenkundig eine schwere Prüfung. (37:106) Und Wir lösten ihn durch ein großes Schlachttier aus. (37:107) Und Wir</p>\n<p><em>Tafsīr</em> Al-Qur’<em>ān</em> <em>Al-Karīm</em> bewahrten seinen Namen unter den künftigen Geschlechtern. (37:108) Friede sei auf Abraham! (37:109) So belohnen Wir die, die Gutes tun. (37:110) Er gehörte zu Unseren gläubigen Dienern. (37:111) Und Wir gaben ihm die frohe Botschaft von Isaak, einem Propheten, der zu den Rechtschaffenen gehörte. (37:112) Und Wir segneten ihn und Isaak. Und unter ihren Nachkommen sind (manche), die Gutes tun, und (andere), die offenkundig gegen sich selbst freveln. (37:113) 37:99-100 - Dies sind die Worte, die Abraham (a.s.) bei seinem Abschied aussprach, als er heil aus dem Feuer herausgekommen war und den Beschluss gefasst hatte, das Land zu verlassen. Dies ist die eigentliche Trennung vom Übel, die jeder Mensch unternehmen muss, wenn er nicht mehr in der Lage ist, seinem Herrn treu dienen zu können (vgl. 21:59; ferner 26:69-77 und die Anmerkung dazu). Bei dem Sohn handelt es sich um Abrahams erstgeborenen Sohn Ismael. Der Name stammt von der Wurzel <strong>\"sami‘a\"</strong> (hören), weil <em>Allā</em> h (t) Abrahmas Gebet erhört hatte (vgl. oben 37:100). Der Begriff der Sanftmütigkeit wird in 9:114 und 11:75 auch auf Abraham angewendet. Er bezieht sich auf die geduldige Weise, in der Vater und Sohn ihre Bereitschaft zeigten, sich selbst aufzuopfern, um <em>Allā</em> hs Gebot zu gehorchen. 37:101-102 - Die Träume der Propheten sind volle Wahrheiten, entsprechen dem, was ihnen in der Wirklichkeit befohlen wird und bedürfen keinerlei Umdeutung und Spekulationen. So teilte Abraham (a.s.) seinem Sohn den göttlichen Befehl mit, und der Sohn nahm ihn sofort an. Zu jenem Zeitpunkt war Ismael alt genug, um seinem Vater bei der Arbeit zu helfen, und ihm Freude zu unterbreiten, dass hier gerade der eigene und einzige Sohn in der Lage geworden ist, seinem alten Vater unter den Arm zu greifen. Die Art der Arbeit war bei Abraham (a.s.) keine leichte; denn sie bestand überwiegend aus der Jagd und aus der Betreuung von Herden. Gerade jetzt, wo Abraham seinen Sohn sehr nötig gebrauchen kann, kam der göttliche Befehl, und er war kein gewöhnlicher Rahmen des Gehorsams. Nach Ansicht der Kommentatoren geschah dies in <em>Minā</em> - etwa 10 km nöldlich von Makka, wo alljährlich das Opferfest am 10. Ḏ <em>ul-Ḥ</em> i <em>ǧǧa</em> stattfindet (vgl. 22:37), das an diese Geschichte erinnert. (vgl. 21:69; ferner 26:69-77 und die Anmerkung dazu). 37:103-111 - Abraham und sein Sohn waren dem Willen <em>Allā</em> hs ergeben. Sie beide traten ohne <strong>\"wenn\"</strong> und <strong>\"aber\"</strong> in Aktion, um den Befehl auszuführen. Die Erwähnung: <strong>\"... und er ihn mit der Stirn auf den Boden hingelegt hatte\"</strong> zeigt deutlich, dass Abraham seine väterlichen Gefühle gegenüber seinem lieben Sohn nicht verloren hatte und wollte das Gesicht des unschuldigen Ismael nicht anblicken, während er ihn schlachtet. (vgl. 26:69-77 und die Anmerkung dazu). 37:112-113 - Abraham (a.s.) war der Stammvater vieler Propheten, und Urgroßvater des Propheten <em>Muḥ</em> ammad, <em>Allā</em> hs Segen und Friede auf ihm, aus der Linie des ersten Sohnes Ismael. Isaak war Abrahams zweiter Sohn, von Sarah geboren, als Abraham 100 Jahre alt war. Auch Isaak wurde gesegnet und wurde zum Stammvater der Kinder Israels. Mit dieser Aussage in 37:113 weist der Qur’<em>ā</em> n die großspurige Behauptung der Juden zurück, sie seien aufgrund ihrer Abstammung von Abraham, Isaak und Jakob ein <strong>\"auserwähltes Volk\"</strong> und damit sozusagen automatisch von <em>Allā</em> h (t) bevorzugt. (vgl. 26:69-77 und die Anmerkung dazu; ferner den Titel: <strong>\"<em>Allā</em> hs Friede auf <em>Ibrā</em> h <em>ī</em> m\"</strong> [s.u.: \"<em>Ibrā</em> h <em>ī</em> m im Qur’<em>ā</em> n], Islamische Bibliothek). Und wahrlich, Wir hatten Uns (auch) gegenüber Moses und Aaron Gnädig erwiesen. (37:114) Und Wir erretteten sie beide und ihr Volk aus der großen Bedrängnis. (37:115) Und</p>\n<p><em>Tafsīr</em> Al-Qur’<em>ān</em> <em>Al-Karīm</em> Wir halfen ihnen; so waren sie es, die siegten. (37:116) Und Wir gaben ihnen die deutliche Schrift. (37:117) Und Wir führten sie auf den geraden Weg. (37:118) Und Wir bewahrten ihren Namen unter den künftigen Geschlechtern. (37:119) Friede sei auf Moses und Aaron! (37:120) So belohnen Wir die, die Gutes tun. (37:121) Sie gehörten beide zu Unseren gläubigen Dienern. (37:122) 37:114-122 - An zahlreichen Stellen im Qur’<em>ā</em> n wird die Geschichte von Moses (a.s.) erzählt. Diejenigen Stellen, die das hier Erwähnte am besten veranschaulichen, sind 28:4-43 und 20:77-98 (vgl. ferner 5:44). Und wahrlich, Elias war auch einer der Gesandten. (37:123) Da sagte er zu seinem Volk: ”Wollt ihr nicht gottesfürchtig sein? (37:124) Wollt ihr Ba‘l (euren Götzen) anrufen und den besten Schöpfer verlassen (37:125), <em>Allāh</em>, euren Herrn und den Herrn eurer Vorväter?“ (37:126) Jedoch sie hielten ihn für einen Lügner, und sie werden bestimmt (zum Gericht) gebracht werden (37:127), ausgenommen die erwählten Diener <em>Allāhs</em>. (37:128) Und Wir bewahrten seinen Namen unter den künftigen Geschlechtern. (37:129) Friede sei auf Il- Y <em>ā</em> s <em>ī</em> n! (37:130) So belohnen Wir die, die Gutes tun. (37:131) Er gehörte zu Unseren gläubigen Dienern. (37:132) 37:123-132 - Nach dem kurzen Hinweis auf Moses und Aaron folgl nun ein zweiter kurzer Hinweis auf den Propheten Elias. Er wurde zu einem Volk in Syrien gesandt, das einen Götzen verehrte und ihn Ba‘l nannte. Ba‘l bedeutet <strong>\"Herr\"</strong> und wurde als Bezeichnung für eine kanaanäische Gottheit verwendet, häufig in Verbindung mit Wetter- und Fruchtbarkeitskulten. In der Stadt Ba‘lbek befinden sich noch einige Baudenkmäler, die auf den damaligen Götzenkult hindeuten. Elias (a.s.) rief sein Volk der Samaria auf, <em>Allā</em> h (t) allein anzubeten, und Ihm nichts zur Seite zu stellen, genau so wie Abraham (a.s.) und wie jeder Gesandte <em>Allā</em> hs sein Volk aufrief. Die Antwort war jedoch die Zurückweisung und Verleugnung (vgl. 2:136, 285; 3:84; 4:152). Sie verfolgten ihn, so dass er um sein Leben fliehen musste. Schließlich verschwand er auf geheimnisvolle Weise. <em>Il-Yā</em> s <em>ī</em> n! kann eine Alternativform zu Elias (arab.: <em>Ilyā</em> s) sein (ähnlich wie <strong>\"<em>Sainā</em> ’ in 23:20 und \"</strong><em>Sinī</em> n\" in 95:2). Und wahrlich, (auch) Lot war einer der Gesandten. (37:133) Da erretteten Wir ihn und alle die Seinen (37:134), ausgenommen eine alte Frau, die mit den (anderen) zurückblieb. (37:135) Hierauf zerstörten Wir die anderen. (37:136) Und wahrlich, ihr geht an ihnen am Morgen vorüber (37:137) und auch am Abend. Wollt ihr es da nicht begreifen? (37:138) 37:133-138 - Die beste Veranschaulichung zu diesem Versblock über Lot finden wir in 7:80-84, 88 (vgl. ferner 11:69-83). Er war als Gesandter in die Städte Sodom und Gomorrah in der Ebene am Toten Meer geschickt worden. Die männlichen Einwohner waren bekannt für ihre widernatürlichen Vergehen, für die er sie tadelte. Sie beleidigten ihn und drohten damit, ihn zu vertreiben, aber <em>Allā</em> hs Barmherzigkeit rettete ihn und seine Familie, mit Ausnhame seiner Frau. Aus den Schilderungen an verschiedenen Stellen im Qur’<em>ā</em> n geht hervor, dass sie selbst beschloss, zurückzubleiben (vgl. 15:76). Und sicher war Jonas einer der Gesandten. (37:139) Da floh er zum beladenen Schiff (37:140) und loste und verlor dabei. (37:141) Und der große Fisch verschlang ihn, während</p>\n<p><em>Tafsīr</em> Al-Qur’<em>ān</em> <em>Al-Karīm</em> er (Jonas, sich selbst) tadelte. (37:142) Wenn er nicht zu jenen gehört hätte, die (<em>Allāh</em>) preisen (37:143), wäre er gewiss in dessen Bauch bis zum Tage der Auferstehung geblieben. (37:144) Dann warfen Wir ihn ins Freie, und er war krank. (37:145) Und Wir ließen eine Kürbispflanze über ihm wachsen. (37:146) Und Wir entsandten ihn zu hunderttausend oder mehr (Menschen). (37:147) Und sie wurden gläubig; so gewährten Wir ihnen für eine Zeitlang Versorgung. (37:148) 37:139-148 - Jonas, Sohn des Amittai, erhielt von <em>Allā</em> h (t) einen Auftrag, um in seiner Heimatstadt Ninive (705 bis 612 v.Chr.) zu wirken. Ninive war bekannt als eine große Stadt voller Laster und Verderbnis. Jonas begreift, was ihn aufgetragen ist. Eilig macht er sich auf den Weg, weitweg von Ninive. Er flieht hinab nach Jafo am Meer. Dort findet er, wie für ihn vorbestimmt, ein Schiff nach Tarschisch, eine Stadt in einem fremden Land. Jonas bucht die Überfahrt, verlässt das Festland und vertraut sich dem schwankenden Schiff an. Er steigt hinab, in den untersten Raum, den veborgensten Winkel. Ein Sturm bricht los: Gewaltig und Leben bedrohend. Vergeblich werfen die Seeleute die Ladung über Bord. Vergeblich schreien sie jeder zu seinem Gott, dem er vertraut. Schließlich merkt der Kapitän, dass Jonas fehlt in der Gemeinschaft der Bedrohten. Er findet ihn im untersten Winkel des Schiffes, versunken im dumpfen Schlaf eines Menschen, der am Ende ist. Er weckt den merkwürdigen Passagier: Steh auf! Ruf zu deinem Gott. Die Matrosen treiben inzwischen ein magisches Spiel. Sie werfen das los, um den Schuldigen zu entlarven. Schließlich werfen sie Jonas in das tobende Meer. Der große Fisch, der ihn verschlingt, ist für ihn kein Zeichen der Rettung. Der Herr über alles Leben befahl dem Fisch, Jonas ans land zu speien. Jonas sitzt draußen vor der Stadt in der Hitze. Da lässt <em>Allā</em> h (t) eine Kürbispflanze wachsen, die ihm Kühle und Schutz spendete. (vgl. 10:98; 21:87-88; 68:48-50 und die Anmerkung dazu). Nun frage sie, ob dein Herr Töchter hat, während sie Söhne haben. (37:149) Oder haben Wir etwa die Engel weiblich erschaffen, während sie zugegen waren? (37:150) Es ist bloß ihre eigene Lüge, wenn sie sagen (37:151): ”<em>Allāh</em> hat gezeugt“; und sie sind wahrlich Lügner. (37:152) Hat Er Töchter den Söhnen vorgezogen? (37:153) Was verwirrt euch? Wie urteilt ihr nur? (37:154) Wollt ihr euch denn nicht besinnen? (37:155) Oder habt ihr einen klaren Beweis? (37:156) Sodann bringt euer Buch herbei, wenn ihr wahrhaftig seid. (37:157) Und sie unterstellten Ihm eine Blutsverwandtschaft mit den <em>Ǧ</em> inn; während die <em>Ǧ</em> inn doch recht wohl wissen, dass sie (vor Ihn zum Gericht) gebracht werden sollen. (37:158) Gepriesen sei <em>Allāh</em> hoch über all das, was sie beschreiben. (37:159) Ausgenommen (davon sind) die erwählten Diener <em>Allāhs</em>. (37:160)</p>",
    "timestamp": "2025-12-20T14:27:52.303336+00:00",
    "version": "1.0",
    "copyright": {
      "author": "Muhammad Ibn Ahmad Ibn Rassoul",
      "publisher": "IB Verlag Islamische Bibliothek",
      "edition": "41. Auflage",
      "title": "Tafsīr Al-Qur'ān Al-Karīm"
    }
  },
  {
    "key": "de_tafsir-al-azhar",
    "verse_key": "35:45",
    "verses": [
      "35:45"
    ],
    "text": "<p>Mit dieser letzten Ermahnung unseres Schöpfers endet diese eindrucksvolle Sura. Die folgende Erklärung mag uns Menschen dazu bewegen, dass wir nach ihrer Wahrnehmung uns sofort für den heilsamen Weg zu unserem Erhabenen Schöpfer entscheiden und uns mit Ihm versöhnen. Hier wird erklärt: <em>Allā</em> h (t) bestraft nicht sofort, und wenn Er bestraft, so bestraft Er nicht für alle Fehler, die wir Menschen begangen haben. Leichte Vergehen bzw. <strong>\"Lappalien\"</strong> werden von der Rechenschaft bzw. von der Bestrafung ausgenommen (vgl. 53:32). So müssen wir Menschen davon ausgehen, dass <em>Allā</em> h (t) uns mit allen Mitteln von der Strafe retten will. Er handelt aus Barmherzigkeit, Überlegenheit und Gerechtigkeit, um uns das Ziel der Vergebung zu ermöglichen. Würde Er sofort zornig und launig reagieren, und würde Er - wie unser Prophet (a.s.s.) dies geschildert hat - keine Rücksicht nehmen auf die Kleinkinder, die gestillt werden, die alten Menschen, die zu Ihm beten und die Tiere, die herumweiden, so würde Er nicht ein Lebewesen auf der Erdoberfläche übrig lassen. (vgl. 16:61 und die Anmerkung dazu). Ende der Sura 35</p>\n<p><em>Tafsīr</em> Al-Qur’<em>ān</em> <em>Al-Karīm</em> (36) Sura <em>Yā</em> <em>Sīn</em> (offenbart zu Makka) 83 <em>Ā</em> y <em>ā</em> t Die Sura behandelt die Auferstehung, die Versammlung am Tag des Jüngsten Gerichts, die Geschichte von den Bewohnern einer Stadt und die Beweise in der Schöpfung, die auf die Existenz des einzigen Schöpfers hinweisen. Diese Sura wurde in Makka geoffenbart. In ihr wird folgendes behandelt: Der Glaube an die Auferstehung und die Versammlung am Tag des Jüngsten Gerichts; die Geschichte der Bewohner der Stadt Antiochia und die Anzeichen und Beweise in der Schöpfung. Die Sura fängt mit einem Schwur beim Qur’<em>ā</em> n an, der die Wahrhaftigkeit der Offenbarung und des Prophetentums <em>Muḥ</em> ammads, <em>Allā</em> hs Segen und Friede auf ihm, bekräftigt. Daraufhin wird von den Ungläubigen vom Stamm der <em>Banū</em> Quraiš berichtet, die sich weit auf dem Irrweg befanden. Daraufhin wird von den Bewohnern der Stadt Antiochia berichtet, die die Gesandten, die zu ihnen geschickt wurden, als Lügner bezeichneten. Der Qur’<em>ā</em> n warnt anhand dieser Geschichte vor der Strafe <em>Allā</em> hs, die fällig sein wird, wenn man Seine Offenbarung leugnet. Es wird von einem Gläubigen berichtet, der sein Volk zum Guten riet, worauf sie ihn töteten. <em>Allā</em> h (t) ließ ihn daraufhin ins Paradies eintreten. Danach gewährte <em>Allā</em> h den Schuldigen keinen Aufschub, sondern Er erfasste sie mit einer schmerzhaften Vergeltung. Die Sura berichtet ferner von den Anzeichen, die auf die Allmacht <em>Allā</em> hs hinweisen. Angefangen von der leblosen Erde, die langsam belebt wird, wird dann im Folgenden das Ereignis erwähnt, wie der Tag hinfortzieht, so dass die dunkle Nacht bleibt. Sodann wird von der Sonne berichtet, die <em>Allā</em> h auf einer festen Bahn ziehen lässt, ohne dass sie die ihr vorgesehenen Spuren verlässt. Hierauf wird der Mond erwähnt, der in verschiedenen Phasen erscheint. Danach wird das beladene Schiff Noahs, die Arche Noah, erwähnt, die die Nachkommen der ersten Menschen nach Adam (a.s.) mit sich getragen hat. All dies sind deutliche Zeichen, die auf die Allmacht <em>Allā</em> hs hinweisen. Dann berichtet die Sura von der Auferstehung und ihren Schrecken, vom Hornstoss am Tag der Auferstehung, bei dem die Menschen aus ihren Gräbern geholt werden. Dann von den Bewohnern des Paradieses und denen des Höllenfeuers. Es wird ferner berichtet, wie die Ungläubigen von den Gläubigen an diesem gewaltigen Tag getrennt werden, bis dass die Glückseligen ihren Platz im Paradies, und die Elenden ihren Platz im Höllenfeuer einnehmen. Die Sura endet dann damit, dass sie nochmals das eigentliche, fundamentale Thema der Auferstehung und Abrechnung aufgreift. Die Sura wird <strong>\"<em>Yā</em> <em>Sī</em> n\"</strong> genannt, weil <em>Allā</em> h (t) sie mit den Buchstaben <strong>\"<em>Yā</em> \"</strong> und <strong>\"<em>Sī</em> n\"</strong> beginnt. Diese Eröffnung deutet auf die Unnachahmlichkeit und das Wunder des Qur’<em>ā</em> n hin. Der Gesandte <em>Allā</em> hs, <em>Allā</em> hs Segen und Friede auf ihm, hat gesagt: \"Alles hat ein Herz, und das Herz des Qur’<em>ā</em> n ist <em>Yā</em> <em>Sī</em> n. Ich wünschte, dass jeder Mensch in meiner Gemeinde sie auswendig lernt. (Baz) Die kurze, prägnante Form der Prophetengeschichten und der Hinweis auf deren geistigen Inhalt und deren Geheimnis gehören sowohl in dieser Sura als auch in allen anderen Suren des Qur’<em>ā</em> n zu den trefflichen Eigenschaften und zu der gewaltigen Rhetorik der edlen Offenbarung. Die Prophtetengeschichten werden in solch einer Form berichtet, weil die Geschichten der Ermahnung und Lehre dienen. Aus diesem Grund wird in dieser Geschichte weder der Name der Stadt, noch der Name des Mannes erwähnt, der die Bewohner der Stadt zu <em>Allā</em> h aufgerufen hat, und auch nicht der Name der edlen Gesandten, weil all dies nicht der Zweck ist, der mit dieser Geschichte befolgt wird. Die übrigen Geschichten des Qur’<em>ā</em> n werden ebenfalls auf diese Art und Weise erzählt. (Sab)</p>\n<p><em>Tafsīr</em> Al-Qur’<em>ān</em> <em>Al-Karīm</em> Im Namen <em>Allāhs</em>, des Allerbarmers, des Barmherzigen! Y <em>ā</em> <em>Sī</em> n . (36:1) Beim vollkommenen Qur’<em>ā</em> n (36:2), du bist wahrlich einer der Gesandten (36:3), der auf einem geraden Weg ist. (36:4) (Dies ist) eine Offenbarung des Erhabenen, des Barmherzigen (36:5), auf dass du Leute warnst, deren Väter nicht gewarnt worden sind, und die daher achtlos sind. (36:6) Bereits hat sich das Wort gegen die meisten von ihnen als wahr erwiesen; denn sie glauben nicht. (36:7) Suren stehen, weisen auf die Unnachahmlichkeit des Qur’<em>ā</em> n hin. Sie weisen auch darauf hin, dass der Qur’<em>ā</em> n aus diesen Buchstaben, die aus dem allgemein bekannten Alphabet stammen, zusammengesetzt ist. Dass diese allgemein bekannten Buchstaben jedoch auf wundervolle, einzigartige Art und Weise zusammengefügt sind, ist ein Zeichen dafür, dass der Qur’<em>ā</em> n von <em>Allā</em> h (t) stammt (vgl. Erläuterung der Termini, s.u. <strong>\"Alif\"</strong>). Ibn ‘<em>Abbā</em> s sagte: <strong>\"<em>Yā</em> <em>Sī</em> n ist im üblichen Sprachgebrauch eine Abkürzung für \"</strong><em>Yā</em> <em>Insā</em> n<strong>\" (o Mensch). Es wird gesagt, dies sei einer der Namen des Propheten <em>Muḥ</em> ammad, <em>Allā</em> hs Segen und Friede auf ihm, worauf der folgende Vers \"</strong>Du bist wahrlich einer der Gesandten<strong>\" hindeutet. (Sab) 36:2-4 - Die Fortführung des Schwurs bedeutet: O <em>Muḥ</em> ammad, du bist wahrlich einer der Gesandten des Herrn der Welten. Du bist gesandt zur Rechtleitung der Geschöpfe <em>Allā</em> hs. Ibn ‘<em>Abbā</em> s sagte: ”Die Ungläubigen aus dem Stamm der Quraiš sagten: »Du, <em>Muḥ</em> ammad, bist kein Gesandter, und <em>Allā</em> h hat dich nicht zu uns entsandt«, worauf <em>Allā</em> h (t) bei dem vollkommenen Qur’<em>ā</em> n schwor, dass <em>Muḥ</em> ammad, <em>Allā</em> hs Segen und Friede auf ihm, einer Seiner Gesandten ist.“ \"</strong>Auf einem geraden Weg\" bedeutet: auf einem rechten Pfad, der keine Abweichung von der Rechtleitung hat. Damit ist der Islam, die Religion der früheren Gesandten, welche dem Menschen den Glauben und die Lehre vom reinen Monotheismus überbrachten, gemeint. (Sab) Herrn der Welten, der Allmächtig in Seinem Reich und Barmherzig gegenüber Seinen Geschöpfen ist. (Sab) kein Gesandter und kein Buch von <em>Allā</em> h gekommen sind. Ziel der Warnung ist, dass sie arglos im Hinblick auf das Jenseits leben. (Sab) deswegen, weil sie hartnäckig auf ihren Unglauben beharren, und den Gesandten und die Wahrheit verleugnen, und sich nicht von der Botschaft <em>Allā</em> hs ermahnen ließen. (Sab) Um ihren Hals haben Wir Fesseln gelegt, die bis an das Kinn reichen, so dass ihr Haupt hoch gezwängt ist. (36:8) Und Wir haben vor ihnen einen Wall errichtet und ebenso hinter ihnen einen Wall (errichtet), und Wir haben sie verhüllt, so dass sie nicht sehen können. (36:9) Und ihnen ist es gleich, ob du sie warnst oder ob du sie nicht warnst; sie werden nicht glauben. (36:10) Du vermagst nur den zu warnen, der die Ermahnung befolgt und den Allerbarmer im Verborgenen fürchtet. Gib ihm darum die frohe Botschaft von Vergebung und einem</p>\n<p><em>Tafsīr</em> Al-Qur’<em>ān</em> <em>Al-Karīm</em> ehrenvollen Lohn. (36:11) Wahrlich, Wir sind es, Die die Toten beleben, und Wir schreiben das auf, was sie begehen, zugleich mit dem, was sie zurücklassen; und alle Dinge haben Wir in einem deutlichen Buch verzeichnet. (36:12) den Hals gelegt, so können sie nicht entrinnen; und diese Fesseln gehen ihnen bis zum Kinn, so dass sie den Kopf krampfhaft hochhalten und in ihrer Bewegung gehemmt sind. Dies ist ein Gleichnis und ein Bild für den Zustand der Götzendiener, die sich auf dem Irrweg befinden: Dies ist ein Gleichnis, welches zeigen soll, dass die Götzendiener sich nicht dem Erhabenen unterwerfen und nicht demütig ihre Häupter vor Ihm neigen. (Sab) Ergänzung und Vervollständigung des Gleichnisses mit der folgenden Bedeutung: Und Wir haben vor ihnen und hinter ihnen gewaltige Hindernisse, die ihre Blicke versperren, so dass sie nichts sehen können, da sie zwischen den zwei gewaltigen Wallen eingeschlossen sind. Dies zeigt das ganze schreckliche Ausmaß ihres Zustandes: Sie sind eingesperrt im Gefängnis der Unwissenheit und des Irrtums, und sie sind unfähig, die Zeichen und Hinweise wahrzunehmen. (Sab) (vgl. 17:45-46 und die Anmerkung dazu). 36:10-11 - Bei ihnen ist es gleichgültig, ob du sie warnst oder nicht; sie werden sowieso keine Gläubigen werden. Siehe, du, o <em>Muḥ</em> ammad, kannst nur denjenigen warnen, der der Ermahnung folgt und den Erbarmer im Verborgenen fürchtet. Diesem verkünde, dass ihm Vergebung und edler Lohn zukommen wird. D.h. die Ungläubigen haben tote Herzen, und diese rühren sich nicht bei Ermahnungen. Vielmehr wird das lebendige Herz den Glauben aufnehmen und durch die Ermahnung aufgerüttelt. Dies soll ein Trost für den Propheten, <em>Allā</em> hs Segen und Friede auf ihm, sein, und es deckt auf, was die Götzendiener in Wahrheit an Maßlosigkeit in ihren Herzen verbergen, d.h. deine Warnungen, o <em>Muḥ</em> ammad, nutzen nur demjenigen, der glaubt und den Erbarmer im Verborgenen fürchtet, obwohl er Ihn nicht sieht; <strong>\"im Verborgenen\"</strong> drückt eine Eigenschaft des rechtschaffenen Menschen aus, der damit gekennzeichnet wird: Er fürchtet <em>Allā</em> h, wenn er allein mit Ihm ist und nicht von den anderen Menschen gesehen wird. Diesem verkunde, dann Vergebung und edlen Lohn: Verkunde diesem, o <em>Muḥ</em> ammad, dass <em>Allā</em> h ihm großzügig seine Sünden vergeben wird, und dass er einen edlen Lohn im Jenseits in den Gärten der Wonne erhalten wird. (Sab) vorausgeschickt und was sie an Spuren hinterlassen haben. Sämtliche Dinge haben Wir in einem deutlichen Buch registriert. Nachdem <em>Allā</em> h (t) die Angelegenheit der Botschaft des Propheten <em>Muḥ</em> ammad, <em>Allā</em> hs Segen und Friede auf ihm, erwähnt hat, geht Er nun dazu über, von der Auferstehung zu berichten: Wir erwecken die Toten aus ihren Gräbern zur Abrechnung und Vergeltung entweder mit Gutem im Paradies oder mit einer gewaltigen Strafe im Hollenfeuer. Und Wir schreiben auf, was sie an Taten vorausgeschickt und was sie an Spuren hinterlassen haben. D.h. Wir schreiben auf, was sie an Gutem und Schlechtem im irdischen Leben getan haben, und Wir schreiben die Spuren ihrer Schritte auf, wenn sie z.B. zu einer Moschee gehen. In einem von Muslim überlieferten <em>Ḥ</em> adīṯ berichtet <em>Ǧābir</em>, <em>Allā</em> hs Wohlgefallen auf ihm: ”Die Familie Salama wollte in die Nähe der Moschee ziehen, und zwar an eine Stelle, die noch nicht bebaut oder sonst irgendwie belegt war. Davon erfuhr der Prophet, <em>Allā</em> hs Segen und Friede auf</p>\n<p><em>Tafsīr</em> Al-Qur’<em>ān</em> <em>Al-Karīm</em> ihm, worauf er zu ihnen sprach: »O Familie Salama, bleibt in euren Häusern, damit eure Schritte zur Moschee euch als gute Taten aufgeschrieben werden« und er wiederholte den Satz. Darauf sagten sie: »Wären wir umgezogen, wären wir bestimmt nicht froh darüber gewesen.«“ Sämtliche Dinge haben Wir in einem deutlichen Buch registriert, d.h. sämtliche Angelegenheiten haben Wir in einem Buch aufgeschrieben und festgehalten, wie <em>Allā</em> h (t) dies in 17:71 sagt. (Gal, Kat, Sab, Tab) Und präge ihnen das Gleichnis von den Leuten der Stadt, als die Abgesandten zu ihr kamen. (36:13) Als Wir zwei zu ihnen schickten und sie von ihnen für Lügner gehalten wurden, da stärkten Wir (sie) durch einen dritten, und sie sagten: ”Wir sind zu euch entsandt worden.“ (36:14) Jene sagten: ”Ihr seid nur Menschen wie wir; und der Allerbarmer hat nichts herabgesandt. Ihr sprecht nichts als Lügen.“ (36:15) Sie sagten: ”Unser Herr weiß, dass wir wahrlich Abgesandte zu euch sind. (36:16) Und uns obliegt nur die klare Verkündigung.“ (36:17) 36:13-17 - <em>Allā</em> h (t) teilt den Götzendienern die Geschichte von den Bewohnern der Stadt mit, welche die Gesandten der Lüge bezichtigten, worauf <em>Allā</em> h eine Strafe vom Himmel herabschickte, mit der Er sie vernichtete: Und erwähne, o <em>Muḥ</em> ammad, gegenüber deinem Volk, das dich der Lüge bezichtigt, die Geschichte der Bewohner der Stadt Antiochia (arab. Antakya, eine Sadt in der heutigen Türkei). Im Text ist nicht der Name der Stadt erwähnt, sondern es wird nur von den <strong>\"Bewohnern der Stadt\"</strong> gesprochen. Trotzdem wusste man jedoch sofort, dass damit die Stadt Antiochia gemeint ist, da deren Geschichte so bekannt war, dass man nur eine Andeutung machen brauchte, damit jeder gleich wusste, von wem die Rede ist; Unsere Gesandten haben Wir zu ihrer Rechtleitung geschickt. <em>Al-Qurṭ</em> ubyy schreibt: <strong>\"Zu dieser Stadt hat <em>Allā</em> h (t) die drei Gesandten <em>Ṣādiq</em>, <em>Maṣ</em> d <em>ū</em> q und Š am‘<em>ū</em> n gesandt. <em>Muḥ</em> ammad, <em>Allā</em> hs Segen und Friede auf ihm, wird hier aufgefordert, die Götzendiener seines Volkes davor zu warnen, dass mit ihnen das gleiche geschehen könnte wie mit den Bewohnern der genannten Stadt, zu der die drei Gesandten geschickt wurden. Es wird gesagt, dass die drei Gesandten Botschafter waren, die Jesus (a.s.) enstandt hat.'' Als Wir zwei Gesandte zu ihnen schickten, bezichtigten sie beide sogleich der Lüge, so dass Wir sie mit einem dritten stärkten, d.h. da standen Wir ihnen mit einem dritten Gesandten bei. Und sie sprachen: \"</strong>Seht, wir wurden zu euch gesandt. Die Bewohner der Stadt sprachen: <strong>\"Ihr seid nur Menschen wie wir\"</strong>, d.h. <strong>\"Ihr habt keinen Vorzug gegenüber uns, und ihr seid nur Menschen wie wir; wie soll also <em>Allā</em> h ausschließlich euch etwas offenbart haben, und nicht auch uns? Ihr seid nichts als Lügner\"</strong>. Die Gesandten erwiderten: <strong>\"Unser Herr weiß, dass wir gewisslich zu euch entsandt wurden.\"</strong> D.h.: <strong>\"Würden wir lügen, so würde <em>Allā</em> h uns dies mit der härtesten Strafe vergelten. Wir haben nichts anderes vor, als euch die Botschaft <em>Allā</em> hs in einer klaren und deutlichen Weise zu übermitteln. Wenn ihr daraufhin Gläubige werdet, so wird euch Glück beschieden sein, solltet ihr aber die Botschaft leugnen, so werdet ihr dem Leiden ausgesetzt sein.\"</strong> Die Antwort der Stadtbewohner lautete: <strong>\"Wir sehen ein schlechtes Vorzeichen in euch.\"</strong> Die Tatsache, dass sie in den Gesandten ein schlechtes Vorzeichen sahen, zeigt, dass sie zu einer anderen Religion gehörten als der, zu der sie aufgefordert wurden, so dass sie die Religion der Gesandten für unannehmbar hielten. Sodann drohten sie den Gesandten: Bei <em>Allā</em> h (t), wenn ihr nicht aufhört mit eurem Gerede und damit, uns zum Glaube an einen einzigen Gott und der Verwerfung unserer eigenen Religion einzuladen, so werden wir euch bis zum Tode steinigen. (Sab) (vgl. unten 36:18-19).</p>\n<p><em>Tafsīr</em> Al-Qur’<em>ān</em> <em>Al-Karīm</em> Sie sagten: ”Wir ahnen Böses von euch. Wenn ihr (davon) nicht ablasst, so werden wir euch gewiss steinigen, und euch wird sicher unsere schmerzliche Strafe treffen.“ (36:18) Sie sagten: ”Euer Unheil liegt bei euch selbst. Liegt es daran, dass ihr ermahnt werdet? Nein, ihr seid Leute, die das Maß überschreiten.“ (36:19) 36:18-19: s. oben 36:13-17 und die Anmerkung dazu. Und es kam vom entferntsten Teil der Stadt ein Mann angelaufen. Er sagte: ”O meine Leute, folgt den Gesandten! (36:20) Folgt denen, die keinen Lohn von euch fordern und die rechtgeleitet sind. (36:21) Und warum sollte ich nicht Dem dienen, Der mich erschaffen hat und zu Dem ihr zurückgebracht werdet? (36:22) Soll ich etwa andere außer Ihm zu Göttern nehmen? Wenn der Allerbarmer mir ein Leid zufügen will, so wird ihre Fürsprache mir nichts nützen, noch können sie mich retten. (36:23) Dann befände ich mich wahrlich in einem offenkundigen Irrtum. (36:24) Ich glaube an euren Herrn; darum hört mich an.“ (36:25) 36:20-25 - Die Gesandten sprachen zu ihnen: <strong>\"Der Grund eures aufziehenden Unheils liegt nicht bei uns, sondern bei euch und eurem Unglauben, sowie eurer Widerspenstigkeit und eurem schlechten Handeln. Liegt es etwa daran, dass wir euch ermahnen und warnen und euch zum Glauben an den einen Gott aufrufen? Ahnt ihr deswegen von uns Böses, und droht uns an, uns zu steinigen und zu bestrafen. Die Gesandten tadeln sie und weisen sie vorwurfsvoll so: Die Tatsachen liegen nicht so, wie ihr es behauptet; ihr seid vielmehr Leute, deren Gewohnheit es ist, maßlos in Widerspenstigkeit und im Begehren von Verbrechen und Schandtaten zu sein. Und es kam vom äußersten Ende der Stadt ein Mann mit eiligen Schritten. Sein Name bei den Qur’<em>ā</em> n- Exgeten ist \"</strong><em>Ḥ</em> <em>abī</em> b <em>An-Naǧǧār</em><strong>\". Diese Aussage wird von Ibn ‘<em>Abbā</em> s bei Ibn Kaṯīr bestätigt. Als sein Volk beabsichtigte, die Gesandten zu töten, kam er eilends zu seinem Volk gelaufen und sprach zu seinem Volk die Worte, wie sie im Qur’<em>ā</em> n wiedergegeben sind: Folgt denen, die keinen Lohn von euch fordern, und die rechtgeleitet sind, d.h. folgt diesen wahrhaften und aufrichtigen Gesandten, die von euch keine Gebühr für den Glauben verlangen, und die rechtgeleitet sind und Einsicht besitzen in Bezug auf den Glauben an den Einen und Einzigen Gott, zu Dem sie euch einladen. Er fügt hinzu: \"</strong>Und warum sollte ich nicht einem dienen, Der mich erschaffen hat, und zu Dem ihr zurückgebracht werdet?\" In seinem Aufruf an sein Volk liegt Freundlichkeit und Liebenswürdigkeit. Es ist so, als ob er sich selbst zum Guten raten würde; er wünscht für sie dasselbe, was er sich selbst wünscht. In dem Aufruf liegt aber auch ein Unterton des Tadels, weil sie von der Anbetung ihres Schöpfers abgelassen haben. Nachdem er seinem Volk zum Guten geraten und es ermahnt hatte, gab er öffentlich seine Annahmme des Glaubens bekannt: Ich glaube an euren Herrn, der euch erschaffen hat, so hört euch meine Worte an und handelt nach dem, wozu ich euch geraten habe. (Sab) (vgl. dazu 7:130-131). Da wurde (zu ihm) gesprochen: ”Geh in das Paradies ein.“ Er sagte: ”O wenn doch meine Leute wüssten (36:26), wie mein Herr mir vergeben und mich zu einem der Geehrten gemacht hat!“ (36:27) Und nach ihm sandten Wir gegen seine Leute kein Heer vom Himmel herab, noch pflegten Wir (eins) zu senden. (36:28) Es war nur ein einziger Schrei, und siehe, sie lagen reglos da. (36:29) 36:26-29 - Als er ihnen dies gesagt und geraten hat und sich offentlich zum Glauben bekannte,</p>\n<p><em>Tafsīr</em> Al-Qur’<em>ān</em> <em>Al-Karīm</em> stürzten sie sich wie ein einziger Mann auf ihn und töteten ihn. (vgl. oben 36:20-25). Ibn ‘<em>Abbā</em> s sagte: <strong>\"Er riet seinem Volk zum Guten, während er lebte, und er riet ihnen nach seinem Tode.\"</strong> In diesem Vers liegt ein Hinweis auf die <em>Banū</em> Quraiš , dem Stamm, dem <em>Muḥ</em> ammad, <em>Allā</em> hs Segen und Friede auf ihm, gehört. Nachdem <em>Allā</em> h (t) den Zustand der Ungläubigen Makkas mit dem der Bewohner der Stadt Antiochia verglichen hat, tadelt Er die Götzendiener, weil sie keine Lehre aus dem ziehen, was mit denen geschehen ist, die vor ihnen gelebt haben. <em>Abū</em> <em>Ḥ</em> <em>ayyā</em> n sagt: <strong>\"<em>Allā</em> h bringt diese Worte, nachdem Er von ihrer Vernichtung berichtet hat, um zu verdeutlichen, dass Er die Vernichteten keineswegs in Ruhe lässt, vielmehr werden sie nach ihrer Vernichtung versammelt und zur Rechenschaft gezogen werden; und dann wird es Vergeltung und Bestrafung geben.\"</strong> (Sab) (vgl. 37:11-19 und die Anmerkung dazu). Wehe den Menschen! Kein Gesandter kommt zu ihnen, den sie nicht verspotteten. (36:30) Haben sie nicht gesehen, wie viele Geschlechter Wir schon vor ihnen vernichtet haben (und) dass sie nicht zu ihnen zurückkehren. (36:31) Jedoch sie alle, allesamt versammelt, werden sicher vor Uns gebracht werden. (36:32) 36:30-32: s. oben 36:26-29 und die Anmerkung dazu. Und ein Zeichen ist ihnen die tote Erde. Wir beleben sie und bringen aus ihr Korn hervor, von dem sie essen. (36:33) Und Wir haben auf ihr Gärten mit Dattelpalmen und Beeren angelegt, und Wir ließen Quellen aus ihr entspringen (36:34), damit sie von ihren Früchten essen; und ihre Hände schufen sie nicht. Wollen sie da nicht dankbar sein? (36:35) Preis (sei) Ihm, Der die Arten alle paarweise erschaffen hat von dem, was die Erde sprießen lässt, und von ihnen selber und von dem, was sie nicht kennen. (36:36) 36:33-36 - Zu den offenkundigen Anzeichen, die auf die Allmacht <em>Allā</em> hs hinweisen, gehört die leblose Erde. Der Tod der Erde ist ihr unfruchtbarer Zustand; durch den Regen wird sie zum Leben erweckt; denn wenn <em>Allā</em> h (t) auf sie das Wasser herabsendet, dann regt sie sich, schwillt an und lässt prächtige Arten paarweise hervorsprießen. Er ist <em>Allā</em> h der Allerhöchste und Erhabene, Der alle möglichen Arten erschaffen hat, die sich in Farbe, Geschmack und Aussehen unterscheiden. (vgl. dazu 51:49) Und ein Zeichen ist ihnen die Nacht. Wir entziehen ihr das Tageslicht, und siehe, sie sind in Finsternis. (36:37) Und die Sonne eilt dem ihr gesetzten Ziel zu. Das ist die Anordnung des Erhabenen, des Allwissenden. (36:38) Und für den Mond haben Wir Stationen bestimmt, bis er wie der alte Dattelrispenstiel wiederkehrt. (36:39) Weder hat die Sonne den Mond einzuholen, noch eilt die Nacht dem Tage voraus; und alle schweben auf einer Umlaufbahn. (36:40) 36:37-40 - Ein weiteres Zeichen für sie ist die Sonne, die mit Hilfe der Allmacht <em>Allā</em> hs für eine bestimmte Zeit auf einer festen Bahn wandert, die sie nicht verlässt, bis diese Bewegung bei Ihm zu einem bestimmten Zeitpunkt endet und dies geschieht am Tag der Auferstehung, wenn das Ende der Welt kommt - dann findet auch ihre Bewegung ein Ende. Diese Bewegung ist eine Kombination aus Vorwärtsbewegung und Rotationsbewegung; sie geht mit Genauigkeit nach der Bestimmung <em>Allā</em> hs. Dieses feste Ziel, dem die Sonne entgegen eilt, kennt nur Er, gepriesen sei Seine Majestät und Größe. Nachdem der Mond so wie ein alter, krummer Dattelrispenstiel</p>\n<p><em>Tafsīr</em> Al-Qur’<em>ān</em> <em>Al-Karīm</em> geworden ist, beginnt er wieder am Ersten des Monats von neuem an zu wachsen. Es steht der Sonne nicht zu, den Mond einzuholen. Dies bedeutet, dass es für die Sonne nicht zulässig ist, den Mond zu erreichen, so dass ihre Leuchtkraft dessen Licht überstrahlt und ihn so unsichtbar macht, und es folglich zu allen Zeiten Tag und niemals Nacht wäre. Auch der Nacht steht es nicht zu, dem Tag nachzueilen, bis sie ihn erreicht und sein Licht hinfortnimmt, so dass es dann zu allen Zeiten Nacht wäre; denn jedes schwebt in einer Himmelssphäre. <em>Qatā</em> da hat gesagt: <strong>\"Ein jeder hat seine Grenze, die er nicht überschreitet\"</strong>, bis schließlich der festgesetzte Termin mit der Zerstörung der Welt eintritt. (Sab) (vgl. 75:9). Und ein Zeichen ist es ihnen, dass Wir ihre Nachkommenschaft in dem beladenen Schiff trugen. (36:41) Und Wir schufen ihnen etwas von gleicher Art, worauf sie fahren. (36:42) Und wenn Wir wollten, so könnten Wir sie ertrinken lassen; dann würden sie weder Helfer haben, noch könnten sie gerettet werden (36:43) außer durch Unsere Barmherzigkeit und zu einem Nießbrauch auf gewisse Zeit. (36:44) 36:41-44 - Und ein weiteres offenkundiges Zeichen, das auf Unsere vollkommene Allmacht hinweist, ist, dass Wir ihre Vorväter, die Nachkommen Adams, in dem Schiff Noahs trugen. Und Wir haben für sie die gewaltigen Schiffe nach Art des Schiffs von Noah erschaffen, die sie besteigen, und mit denen sie die entferntesten Länder erreichen. Deren Erschaffung geht naturlich auf <em>Allā</em> h (t) zurück, da sie mit Hilfe des Wissens erbaut wurden, das <em>Allā</em> h (t) dem Menschen zukommen ließ. Ibn ‘<em>Abbā</em> s sagte: <strong>\"Gemeint sind die Kamele und die übrigen Reittiere; denn sie sind Transportmittel zu Lande wie die Schiffe Transportmittel zu Wasser sind.\"</strong> <em>Allā</em> h (t) zeigt hier auf, dass die Schifffahrt zu Wasser zu den gewaltigen Zeichen gehört; denn das Fortbewegen des mit Menschen und Lasten beladenen Schiffs ist wirklich ein offenkundiges Zeichen, das auf die Allmacht <em>Allā</em> hs hinweist. Sie werden getragen mit Hilfe <em>Allā</em> hs und Seiner Naturgesetze, die das Universum verwalten, und zwar mit Hilfe der speziellen Eigenschaften der Schiffe, des Wassers und des Windes. All dies geschieht auf Befehl <em>Allā</em> hs und ist von Ihm so bestimmt. (Sab) Und wenn zu ihnen gesprochen wird: ”Hütet euch vor dem, was vor euch ist und was hinter euch ist, auf dass ihr Erbarmen finden möget“, (so beachten sie die Warnung nicht). (36:45) Und es kommt kein Zeichen von den Zeichen ihres Herrn zu ihnen, ohne dass sie sich davon abwenden. (36:46) Und wenn zu ihnen gesprochen wird: ”Spendet von dem, was <em>Allāh</em> euch gegeben hat“, sagen die Ungläubigen zu den Gläubigen: ”Sollen wir einen speisen, den <em>Allāh</em> hätte speisen können, wenn Er es gewollt hätte? Ihr befindet euch da zweifellos in einem offenkundigen Irrtum.“ (36:47) 36:45-47 - Nachdem <em>Allā</em> h (t) sie an die Anzeichen Seiner Allmacht und die Auswirkungen Seiner Barmherzigkeit erinnert hat, verweist Er hier auf ihre Blindheit gegenüber der Wahrheit und auf ihre Widerspenstigkeit gegenüber der Rechtleitung und dem Glauben. Ibn ‘<em>Abbā</em> s sagte: ”Es gab damals in Makka Ketzer, die, wenn sie aufgefordert wurden, für Bedürftige zu spenden, sagten: »Nein, bei <em>Allā</em> h, das werden wir nicht tun. Sollen wir sie etwa ernähren, wo doch <em>Allā</em> h sie arm sein lässt!«“ Dies hat <em>Allā</em> h gemacht, um die Menschen zu prüfen. So hat Er also die irdischen Güter den Armen nicht aus Geiz vorenthalten und die Reichen nicht zum Spenden aufgefordert, weil Er deren Geld braucht, sondern lediglich, um sie damit zu prüfen. Und <em>Allā</em> h (t) macht, was Er will, ohne dabei irgend jemanden bezüglich Seinen Entscheidungen und Seines Willen ein Einspruchsrecht zu gewähren: Er wird nicht befragt nach dem, was Er tut; aber sie</p>\n<p><em>Tafsīr</em> Al-Qur’<em>ān</em> <em>Al-Karīm</em> werden befragt nach dem, was sie tun (vgl. 21:23). (Sab). Und sie sagen: ”Wann wird diese Verheißung (in Erfüllung gehen), wenn ihr die Wahrheit sagt?“ (36:48) Sie warten nur auf einen einzigen Schrei, der sie erfassen wird, während sie noch streiten. (36:49) Und sie werden weder imstande sein, ein Vermächtnis zu treffen, noch werden sie zu ihren Angehörigen zurückkehren. (36:50) 36:48-50 - Ibn Kaṯīr schreibt: Während die Menschen noch auf den Märkten und in ihrem Alltagsleben miteinander auf ihre gewohnte Art und Weise streiten und zanken, gibt <em>Allā</em> h (t) dem Engel <em>Isrā</em> f <em>ī</em> l den Befehl, und dieser macht einen langen und ausgedehnten Stoß in das Horn, in Folge dessen keiner mehr auf der Erde übrig bleibt, der nicht seinen Kopf zum Himmel gedreht hat und dem Ton lauscht, der vom Himmel herab kommt.\" Weil sie der Schrei so plötzlich überkommt, haben sie keine Zeit mehr, sich gegenseitig etwas aufzutragen und auch nicht, zu ihren Familien und Wohnungen zurückzukehren. Der Gesandte <em>Allā</em> hs, <em>Allā</em> hs Segen und Friede auf ihm, hat gesagt: ”Die Stunde wird eintreffen, während zwei Männer gerade ein Kleidungsstück zum Verkauf ausgebreitet haben, und es kommt nicht zum Verkauf und es wird auch nicht mehr zusammengelegt. Und die Stunde wird eintreffen, während jemand gerade sein Wasserbecken mit Lehm ausbessert, und er wird es nicht mehr mit Wasser füllen. Und die Stunde wird eintreffen, während jemand gerade etwas zum Essen in seinen Mund stecken will, und er wird es nicht mehr essen.“ Daraufhin ertönt der zweite Hornstoß, bei dem alle Lebewesen sterben, außer <em>Allā</em> h, dem Ewiglebenden. Danach ertönt der dritte Hornstoß, bei dem die Menschen aus ihren Gräbern heraus kommen. (Sab) (vgl. unten 36:51; ferner 37:11-19 und die Anmerkung dazu). Und in den <em>Ṣūr</em> wird gestoßen, und siehe, sie eilen aus ihren Gräbern zu ihrem Herrn hervor. (36:51) Sie werden sagen: ”O wehe uns! Wer hat uns von unserer Liegestelle erweckt? Das ist es, was der Allerbarmer (uns) verheißen hatte, und die Gesandten sagten doch die Wahrheit.“ (36:52) Es wird nur ein einziger Schrei sein, und siehe, sie werden alle vor Uns gebracht werden. (36:53) Nun, heute wird keine Seele im Geringsten ein Unrecht erleiden; und ihr sollt nur für das entlohnt werden, was ihr zu tun pflegtet. (36:54) 36:51-54 - Und an diesem Tag - also am Tag der Auferstehung - wird keiner Seele auch nur das geringste Unrecht geschehen, ganz gleich ob diese Seele rechtschaffen oder sündig gewesen ist; und kein Mensch wird mit der Last eines anderen beladen werden, sondern jedem wird nur gemäß seiner eigenen Taten vergolten werden (s. oben 36:48-50 und die Anmerkung dazu). Wahrlich, die Bewohner des Paradieses sind heute beschäftigt und erfreuen sich am Genuss. (36:55) Sie und ihre Gattinnen liegen im Schatten auf Ruhebetten gestützt. (36:56) Früchte werden sie darin haben, und sie werden bekommen, was immer sie (auch) begehren. (36:57) ”Frieden!“ - (dies ist) eine Botschaft von einem Sich Erbarmenden Herrn. (36:58) 36:55-58 - Nachdem <em>Allā</em> h (t) über den Zustand der Übeltäter berichtet hat, zeigt Er nun den Zustand der Rechtschaffenen, Gottesfürchtigen, auf: Die Paradiesbewohner werden an diesem Tag - am Tag der Vergeltung - zu beschäftigt sein mit den Freuden und Gnadenfüllen, in denen sie sich befinden, um an die Bewohner des Feuers zu denken. Sie erfreuen sich an den großäugigen Paradiesjungfrauen und genießen das Essen und Trinken und das Hören der Musik.</p>\n<p><em>Tafsīr</em> Al-Qur’<em>ān</em> <em>Al-Karīm</em> In den ausgedehnten Schatten der Gärten, wo es keine brennende Sonne und keine schneidende Kälte gibt, liegen sie und ihre Ehefrauen auf Ruhebetten gelehnt, die mit Tüchern und Vorhängen geschmückt sind. Sie werden im Paradies haben, was sie sich immer wünschen und begehren, wie es in einem anderen Vers heißt: <strong>\"In ihm ist, was die Seele begehrt, und an was sich die Augen erfreuen...“ (s. 43:71). Sie bekommen einen Friedensgruß von ihrem Herrn, dem Barmherzigen. Im <em>Ḥ</em> adīṯ heißt es: ”Während sich die Bewohner des Paradieses in ihren Gnadenfüllen befinden, die ihnen beschert wurden, strahlt auf sie ein Licht herab, worauf sie ihre Köpfe heben. Der Erhabene blickt auf sie herab und spricht: »Der Friede sei auf euch, ihr Bewohner des Paradieses!« Und dies ist die Bedeutung des Qur’<em>ā</em> n-Verses: \"</strong>Frieden! ein Wort von einem Barmherzigen Herrn<strong>\". So blickt Er sie an und sie blicken Ihn an, und sie wenden nicht den Blick zur Seite auf irgendetwas von den Gnadenfüllen senken, sondern blicken solange zu Ihm, bis Er sich wieder vor ihnen verbirgt, und Sein Licht und Sein Segen bleiben auf ihnen, während sie in ihren Wohnungen sind.“ (Kat, Sab) (vgl. 10:9-10; 37:11-19 und die Anmerkung dazu). Und (es wird gesprochen): ”Sondert euch heute ab, o ihr Schuldigen. (36:59) Habe Ich euch, ihr Kinder Adams, nicht geboten, nicht Satan zu dienen - denn er ist euer offenkundiger Feind (36:60), sondern Mir allein zu dienen? Das ist der gerade Weg. (36:61) Und doch hat er eine große Menge von euch irregeführt. Hattet ihr denn keinen Verstand? (36:62) 36:59-62 - Nachdem <em>Allāh</em> (t) vom Zustand der Rechtschaffenen berichtet hat und von dem, was sie im Paradies an ewigwährenden Freuden haben, berichtet Er daraufhin vom Zustand der elenden Schuldigen und der Schande, die sie zu erleiden haben. Er berichtet dies in der gewohnten Weise des Qur’<em>ān</em>, nämlich zum Ansporn, gläubig und rechtschaffen zu sein und zur Abschreckung davor, sündig zu sein und die Taten des Unglaubens zu begehen. Schließlich beendet <em>Allāh</em> (t) die Sura mit einer Darlegung von Hinweisen, die auf die Auferstehung nach dem Tode und die Abrechnung hinweisen. Es wird berichtet, dass Ubaiyy Ibn Ḫalaf, einer der Führer der Ungläubigen im Stamm der Quraiš, zum Propheten, <em>Allāhs</em> Segen und Friede auf ihm, mit einem halbverwesten Knochen kam, ihn mit der Hand zerbröselte und daraufhin sagte: \"</strong>Behauptest du etwa, dass <em>Allāh</em> (t) diesen Knochen hier wiederbelebt, nachdem er morsch und faul geworden ist?<strong>\" Der Prophet, <em>Allāhs</em> Segen und Friede auf ihm, antwortete ihm: \"</strong>Ja, Er wird ihn wieder beleben, und dann wird Er dich auferstehen und ins Feuer eintreten lassen<strong>\" (s. 44:49) (Sab). Das ist <em>Ǧ</em> ahannam, die euch angedroht wurde (36:63); brennt heute in ihr dafür, dass ihr ungläubig wart.“ (36:64) Heute versiegeln Wir ihre Münder, jedoch ihre Hände werden zu Uns sprechen, und ihre Füße werden all das bezeugen, was sie erworben haben. (36:65) Und hätten Wir gewollt, hätten Wir ihr Augenlicht auslöschen können; dann würden sie versuchen, möglichst schnell auf den Weg zu kommen. Aber wie hätten sie etwas sehen können? (36:66) Und hätten Wir gewollt, hätten Wir sie verwandeln können, wo sie waren; dann wären sie nicht imstande gewesen, vorwärts oder rückwärts zu gehen. (36:67) 36:63-67 - vgl. oben 36:59-62 und die Anmerkung dazu. <em>Aṭ</em> - <em>Ṭ</em> abaryy berichtet von <em>Abū</em> <em>Mū</em> s <em>ā</em> Al- A š ‘aryy, dass dieser gesagt hat: \"</strong>Der Ungläubige und der Heuchler werden am Tag der Auferstehung zur Abrechnung aufgerufen; sodann legt ihm sein Herr seine Taten vor, worauf er diese abstreitet und sagt: <strong>\"Mein Herr, ich schwöre bei Deiner Allmacht! Dieser Engel hat etwas über mich aufgeschrieben, was ich gar nicht getan habe\"</strong>, worauf der Engel sagt: \"Hast du dies</p>\n<p><em>Tafsīr</em> Al-Qur’<em>ān</em> <em>Al-Karīm</em> nicht an jenem Tage und an jenem Ort getan?<strong>\", worauf er, d.h. der Ungläubige bzw. der Heuchler, antwortet: \"</strong>Nein, mein Herr, ich schwöre bei Deiner Allmacht, dies habe ich nicht getan.<strong>\" Wenn er dies gemacht hat, wird sein Mund versiegelt und seine Glieder beginnen zu sprechen.\"</strong> In einer Überlieferung vom Gesandten <em>Allā</em> hs, <em>Allā</em> hs Segen und Friede auf ihm, heißt es: ”Der Knecht sagt: <strong>\"Mein Herr, hast Du mich nicht vor ungerechter Behandlung bewahrt?\"</strong> Er antwortet: <strong>\"Doch!\"</strong> Da sagt der Knecht: <strong>\"Dann will ich nur einen Zeugen von mir selbst akzeptieren, der meine Taten bezeugt\"</strong>, worauf Er spricht: <strong>\"Heute genügst du selbst als Zeuge gegen dich!\"</strong> Dann wird sein Mund versiegelt und zu seinen Körpergliedern wird gesagt: <strong>\"Sprecht!\"</strong>, worauf sie seine Taten aussagen. Sodann wird es ihm wieder möglich gemacht zu sprechen. Da sagt er: <strong>\"Hinfort mit euch, um euretwillen habe ich dies doch getan und bin für euch eingetreten!\"</strong>“ Und wenn Wir es wollten, dann hätten Wir sie blind gemacht, dann würden sie ihrer Gewohnheit gemäß auf ihrem Weg dahineilen; aber wie könnten sie dann etwas sehen? Ibn ‘<em>Abbā</em> s hat gesagt: ”Gemeint ist damit: Und hätten Wir es gewollt, dann hätten Wir sie blind gemacht gegenüber der Rechtleitung, und dann würden sie niemals zum Weg der Wahrheit finden.“ Dies ist eine Drohung an die Quraiš . Wenn Wir es gewollt hätten, dann hätten Wir sie derart verwandelt, dass sie an ihrem Platz sitzen blieben. Dies ist eine weitere Drohung, die an die nicht-gottergebenen Sünder gerichtet ist. Hierauf erwähnt <em>Allā</em> h (t) als Anzeichen, welches darauf hinweist, dass Er dazu fähig ist, die Ungläubigen zu verwandeln, das Phänomen der Alterung: Wessen Leben Wir lang machen, den lassen Wir in andere Phasen des Lebens zurückfallen, so dass Er wieder wie ein Kind wird, dass nichts weiß. Begreifen sie denn nicht, dass derjenige, der fähig ist, dies zu tun, auch in der Lage ist, sie blind zu machen oder sie zu verwandeln? (Sab) Und den, dem Wir ein langes Leben geben, setzen wir körperlichem Verfall aus. Wollen sie es denn nicht begreifen? (36:68) Und Wir haben ihn nicht die Dichtung gelehrt, noch ziemte sie sich für ihn. Dies ist nichts als eine Ermahnung und ein deutlicher Qur’<em>ā</em> n (36:69), auf dass er jeden warne, der am Leben ist und auf dass das Wort gegen die Ungläubigen in Erfüllung gehe. (36:70) 36:68-70 - s. oben 36:63-67. Man nannte den Gesandten <em>Allā</em> hs einen Dichter, und zwar ist überliefert, dass der makkaner ‘Uqba Ibn <em>Abī</em> Mu‘<em>aiṭ</em> das getan hat. (vgl. 26:221-227 und die Anmerkung dazu). <em>Al-Qurṭ</em> ubyy schreibt: \"Dies ist eine Antwort auf die Behauptung der Ungläubigen, dass er ein Dichter sei. Was <em>Muḥ</em> ammad (a.s.s.) rezitiert, ist nichts anders als Warnung und Ermahnung von <em>Allā</em> h (t), Dem Herrn der Welten an Seine Diener; und ein klarer und deutlicher Qur’<em>ā</em> n, der nirgends stellenweise mit Dichtung vermischt. Mit diesem Qur’<em>ā</em> n sind diejenigen zu warnen, deren Herzen lebendig sind, und die einen aufgeklärten Einblick in die Wahrheit haben, und das sind die Gläubigen, weil sie aus dem Qur’<em>ā</em> n Nutzen ziehen, d.h. dass die Strafe für die Ungläubigen fällig werde, weil sie, als ob sie Tote wären, nicht begreifen, womit sie angesprochen werden. Sehen sie denn nicht mit einem nachdenkenden Blick, und denken sie denn nicht nach darüber, was Unsere Hände erschaffen haben unmittelbar, ohne Teilhaber und ohne jeden Helfer, was Wir für sie erschaffen haben an Tieren und damit sind die Kamele, Kühe und Schafe gemeint? Und über das sie frei verfügen können wie ein Eigentumer über sein Hab und Gut. Das bedeutet, dass <em>Allā</em> h (t) das Vieh für sie unterwürfig und fügsam gemacht hat, ohne dass es sich ihnen verweigert. Wenn ein kleiner Junge zu einem Kamel kommt, kann er es niederknien und aufstehen lassen, es vor sich hertreiben, und es wird sich unterwürfig von ihm führen lassen; und genauso ist es bei einer Karawane von hundert Kamelen, sie alle folgen in ihrer Bewegung dem Jungen. Darum sei Der gepriesen, Der dies Seinen Dienern dienstbar gemacht</p>\n<p><em>Tafsīr</em> Al-Qur’<em>ān</em> <em>Al-Karīm</em> hat! (vgl. ferner unten 36:71-73). Haben sie nicht gesehen, dass Wir von den Dingen, die Unsere Hände gemacht haben, für sie das Vieh erschufen, dessen Besitzer sie geworden sind? (36:71) Und Wir haben es ihnen dienstbar gemacht, so dass manche von ihnen zum Reiten dienen und manche Nahrung geben. (36:72) Und sie haben an ihnen noch (anderen) Nutzen und (auch) Trank. Wollen sie also nicht dankbar sein? (36:73) 36:71-73 - Von diesen Tieren gibt es welche, die sie als Reit- und Lasttiere auf ihren Reisen benutzen, wie etwa die Kamele, und von anderen wieder essen sie das Fleisch, wie etwa von den Kühen und den Schafen (vgl. dazu oben 36:68-70). Sie haben von ihnen neben dem Essen und der Benutzung als Reittiere weitere Nutzen, wie z.B. Leder, Wolle, Haar und Fell; und sie haben auch zu Trinken von ihnen: Wir geben euch zu trinken von dem, was in ihren Bäuchen ist, zwischen Mageninhalt und Blut reine Milch, wohlschmeckend für die Trinkenden (vgl. 16:66). Sind sie denn nicht ihrem Herrn dankbar für diese großen Gaben? Der Sinn der Verse ist, von den Gaben <em>Allāhs</em> aufzuzählen und den Götzendienern eine Beweisführung darzulegen. (Sab) (vgl. 26:221-227 und die Anmerkung dazu). Und sie haben sich statt <em>Allāh</em> Götter genommen, damit ihnen geholfen würde. (36:74) Sie vermögen ihnen nicht zu helfen; vielmehr sind sie selbst als eine Heerschar für sie im Einsatz (36:75); so lass dich daher von ihrer Rede nicht betrüben. Wir wissen, was sie verbergen und was sie offenkundig tun. (36:76) 36:74-76 - Dann tadelt <em>Allā</em> h (t) sie und weist sie zurecht, weil sie dem Schlimmsten an Fehlverhalten und Abweichen vom geraden Weg nachgehen: Diese Götzendiener sind wie ein dienstbereites Heer für ihre Götzenbilder. So sei nicht traurig darüber, o <em>Muḥ</em> ammad, dass sie dich der Lüge zeihen und dich beschuldigen, ein Dichter oder Zauberer zu sein. Dies ist eine Tröstung für den Propheten (a.s.s.). (Sab) Weiß der Mensch denn nicht, dass Wir ihn aus einem Samentropfen erschufen? Und siehe da, er ist ein offenkundiger Widersacher! (36:77) Und er prägt Uns Gleichnisse und vergisst seine eigene Erschaffung. Er sagt: ”Wer kann die Gebeine beleben, wenn sie morsch geworden sind?“ (36:78) Sprich: ”Er, Der sie das erstemal erschuf - Er wird sie beleben; denn Er kennt jegliche Schöpfung. (36:79) Er, Der für euch Feuer aus den grünen Bäumen hervorbringt; und siehe, davon habt ihr dann Brennmaterial. (36:80) 36:77-80: vgl. 16:3- 4 und die Anmerkung dazu. Ist Er, Der die Himmel und die Erde erschuf, nicht imstande, ihresgleichen zu erschaffen?“ Doch, und Er ist der Erschaffer, der Allwissende. (36:81) Wenn Er twas will, spricht Er zu ihm nur: ”Sei!“ - und es ist. (36:82) Also gepriesen sei Der, in Dessen Hand die Herrschaft über alle Dinge ruht und zu Dem ihr zurückgebracht werdet! (36:83) das den Menschen, wenn man sie an den Himmeln und der Erde misst, in seiner Kleinheit und Verächtlichkeit gleicht. Oder: Er lässt die Menschen wiederkehren; denn das Wiedergekehrte</p>\n<p><em>Tafsīr</em> Al-Qur’<em>ān</em> <em>Al-Karīm</em> gleicht zwar dem Ursprünglichen, ist aber nicht mit ihm identisch. (Zam, Gät) 36:82-83 - Der mit Seiner Allmacht für euch aus den grünen Bäumen Feuer machte, das wiederum Bäume verbrennen kann. Denn manche grünen Bäume und Wüstensträucher enthalten etherische Substanzen, die entflammbar sind, auch dann wenn sie grün sind, d.h. wenn sie Feuchtigkeit enthalten. Man kann auch sagen, dass der Mensch von grünen Bäumen Feuer machen kann, wenn diese durch das Naturgesetz <em>Allāhs</em> durch Sonnenstrahlen, die auch von Ihm gemacht sind, ausgetrocknet sind. So macht <em>Allāh</em>, was Er will; und ebenso kann Er die verwesten Knochen beleben und zu einer neuen Schöpfung zusammenfügen. Siehst du nicht, dass das Wasser das Feuer löscht, und trotzdem kommt das Feuer aus etwas hervor, was Wasser enthält. Die Beduinen entzünden das Feuer, indem sie das Holz von zwei Baumarten, Marḫ und ‘<em>Ufār</em>, gegeneinander reiben. Und in einem ihrer Sprichworter heißt es: In jedem Ding liegt Feuer, aber im Marḫ und ‘<em>Ufār</em> liegt mehr davon. Die Vereinigung des Gegensätzlichen gehört zu den Geheimnissen Seiner Allmacht, In den Wolken ist Wasser und Feuer zugleich. Ist nicht Der, Der die Himmel und die Erde mit ihren gewaltigen und großartigen Beschaffenheiten und ihren überdimensionalen Massen erschaffen hat, fähig, die Körper der Kinder Adams neu zu erschaffen, nachdem sie schon vergangen sind? Doch, Er ist Derjenige, Der fähig dazu ist; denn Er ist schließlich der perfekte und beste Schöpfer und Former Seiner Schöpfung und Der, Der über alles Bescheid weiß. Sein Befehl ist nur ein einziges Wort; wenn Er etwas erschaffen will: <strong>\"Sei!\"</strong>, und es ist. Also gepriesen ist Der, in Dessen Hand die Herrchaft über alle Dinge ruht. Er ist Der, in Dessen Hand das große Reich ist, und Der die vollkommene Allmacht über alle Dinge besitzt. Zu Ihm allein ist die Heimkehr der Geschöpfe zur Abrechnung und Belohnung bzw. Bestrafung. <em>Allāh</em> (t) beendet diese edle Sura mit diesem wunderbaren Abschluss, der auf die vollkommene Allmacht und die hocherhabene Majestät der Herrschaftsgewalt hinweist, die einzig und allein Ihm, Dem Schöpfer des Universums, gehört. (Sab) Ende der Sura 36 (37) Sura <em>Aṣ-Ṣāffāt</em> (Die Sich-Reihenden) (offenbart zu Makka) 182 <em>Ā</em> y <em>ā</em> t Der Kampf zwischen Gut und Böse hat angedauert. <em>Allā</em> h (t) schmückte den unteren Himmel mit den Sternen, um auch die Himmelsregion gegen jeden starren, widerspenstigen Satan zu schützen. Gutes und Schlechtes wird am Tage des Jüngsten Gerichts abgesondert, wenn das Gute das Böse besiegt. Frieden und Sieg überkamen Noah, Abraham, Moses, Elias und Lot in ihrem Kampf gegen den Unglauben. Als <em>Allā</em> h (t) Jonas aus dem Bauch des Fisches herausholte, erzielte auch er Frieden und Sieg. Der Fisch warf ihn ans nackte Ufer. Später predigte er unter einer Menschenmasse. <em>Allā</em> h und Seine Propheten sind immer siegreich.</p>\n<p><em>Tafsīr</em> Al-Qur’<em>ān</em> <em>Al-Karīm</em> Im Namen <em>Allāhs</em>, des Allerbarmers, des Barmherzigen! Bei den Sich-Reihenden in Reihen (37:1) und denen, die grob zurechtweisen (37:2) und denen, die Ermahnung verlesen! (37:3) Wahrlich, euer Gott ist Einzig (37:4), Herr der Himmel und der Erde und all dessen, was zwischen beiden ist, und der Herr aller Orte der Aufgänge (von Sonne, Mond und Sternen). (37:5)</p>",
    "timestamp": "2025-12-20T14:27:52.303336+00:00",
    "version": "1.0",
    "copyright": {
      "author": "Muhammad Ibn Ahmad Ibn Rassoul",
      "publisher": "IB Verlag Islamische Bibliothek",
      "edition": "41. Auflage",
      "title": "Tafsīr Al-Qur'ān Al-Karīm"
    }
  }
]