[
  {
    "key": "de_tafsir-al-azhar",
    "verse_key": "73:1",
    "verses": [
      "73:1"
    ],
    "text": "<h2>Sura Al-Muzzammil (Der Verhüllte)</h2>\n<p><em>(offenbart zu Makka)</em></p>\n<p><em>0 Āyāt</em></p>\n<p>(offenbart zu Makka) 20 <em>Ā</em> y <em>ā</em> t Gebet und Demut sind wichtig, wenn jemand ein gutes Leben führen möchte. Widme dich <em>Allā</em> h, Ihm zu dienen, und bete in der Stille der Nacht. <em>Allā</em> h (t) wird die Missetäter bald bestrafen. <em>Allā</em> h (t) will die Angelegenheiten leicht machen. Sei gläubig, aufrichtig, gedenke <em>Allā</em> hs und suche Seine Gnadenfülle. Im Namen <em>Allāhs</em>, des Allerbarmers, des Barmherzigen! O du Verhüllter! (73:1) Verbringe die Nacht stehend (im Gebet) bis auf wenige Zeit davon (73:2), die Hälfte von ihr, oder verringere sie ein wenig (73:3), oder füge ein wenig hinzu - und trage den Qur’<em>ā</em> n mit <em>Tartī</em> l vor. (73:4) Wahrlich, Wir werden dir ein gewichtiges Wort zukommen lassen. (73:5) Wahrlich, der Anbruch der Nacht ist die beste Zeit zur Selbstzucht und zur Erfassung des wahren Sinnes der rezitierten Worte (des Qur’<em>ā</em> n). (73:6) Du hast ja gewiss während des Tages eine lange Beschäftigung. (73:7) Und gedenke des Namens deines Herrn und wende dich Ihm von ganzem Herzen zu. (73:8) (Er ist) der Herr des Ostens und des Westens - es ist kein Gott außer Ihm; darum nimm Ihn zum Beschützer. (73:9)</p>\n<p>Al-Muzzammil (Der Verhüllte) ist einer der Titel des Propheten <em>Muḥammad</em> (a.s.s.), nach dem diese Sura und die Sura 47 genannt sind. Dieser Titel kam zustande als ihm seine Berufung zum Prophetentum so schwer fiel, dass er zu seiner Frau Ḫadīǧa ging und sie bat, ihn warm zu bedecken und einzuhüllen. <em>Allāh</em> (t) benutzt diesen Rufnamen, um Seinen Diener zu beruhigen und ihm Vertrauen einzuflößen. (vgl. den Bericht im Titel <strong>\"Auszüge aus dem <em>Ṣaḥīḥ</em> Al-Buḫāryy\"</strong>, Islamische Bibliothek; ferner 74:1-4 und die Anmerkung dazu). 73:2-9 - Das Gebet in der Nacht (arab.: <em>Tahaǧǧud</em>) darf nicht mit dem Nachtgebet (arab.: ‘Išā’) verwechselt werden, das zu den fünf Pflichtgebeten gehört. Während das <em>Tahaǧǧud-Gebet</em> eine völlig freie Leistung für die Muslime darstellt, war es nach diesen Worten für den Propheten (a.s.s.) verbindlich. (vgl. dazu den Titel: <strong>\"<em>Aṣ</em> - <em>Ṣ</em> <em>alā</em> h - das Gebet im Islam\"</strong>, Islamische Bibliothek; ferner 17:79; 25:32; 59:21). Das nächtliche Aufstehen, um das Gebet zu verrichten fällt dem Menschen deshalb so schwer, weil er sich zu dieser Zeit nach Ruhe sehnt. Dennoch ist dies ein effektives Mittel, Seele und Körper zu läutern und Willen und Entschlossenheit zu stärken. Außerdem gibt es kaum eine passendere Zeit als die Nacht, wo Stille und Ruhe zur Andacht herrschen. Ibn ‘<em>Abbā</em> s sagte dazu: ”Die Nachtzeit ist am besten geeignet, um über den Qur’<em>ā</em> n nachzudenken.“ Zu anderen Zeiten im Laufe des Tages gibt es genug Möglichkeiten für anderweitige Beschäftigungen. <em>Allā</em> h (t), Herr aller Orte, regiert Seine Schöpfung mit göttlicher Weisheit, so soll man Ihn zum Beschützer nehmen und sich auf Seine Gerechtigkeit vertrauen. Und ertrage in Geduld alles, was sie reden; und halte dich von ihnen in angenehmer Weise zurück. (73:10) Und überlass Mir diejenigen, die (die Wahrheit) leugnen und sich des</p>\n<p><em>Tafsīr</em> Al-Qur’<em>ān</em> <em>Al-Karīm</em> Wohllebens erfreuen; und gewähre ihnen eine kurze Frist. (73:11) Bei Uns sind wahrlich Fesseln und <em>Al-Ǧ</em> a <em>ḥīm</em> (73:12) und erstickende Speise und schmerzliche Strafe (73:13) an dem Tage, da die Erde und die Berge erbeben und die Berge ein Haufen zusammengesunkener Dünen sein werden. (73:14) Wahrlich, Wir haben euch einen Gesandten geschickt, der euer Zeuge ist, wie Wir zu Pharao einen Gesandten geschickt hatten. (73:15) Doch Pharao widersetzte sich dem Gesandten; darum erfassten Wir ihn mit einem schrecklichen Strafgericht. (73:16) Wie wollt ihr euch, wenn ihr ungläubig seid, wohl vor einem Tag schützen, der Kinder zu Greisen macht? (73:17) Der Himmel wird sich an ihm spalten! Seine Verheißung muss in Erfüllung gehen. (73:18)</p>",
    "timestamp": "2025-12-20T14:27:52.303336+00:00",
    "version": "1.0",
    "copyright": {
      "author": "Muhammad Ibn Ahmad Ibn Rassoul",
      "publisher": "IB Verlag Islamische Bibliothek",
      "edition": "41. Auflage",
      "title": "Tafsīr Al-Qur'ān Al-Karīm"
    }
  },
  {
    "key": "de_tafsir-al-azhar",
    "verse_key": "73:10",
    "verses": [
      "73:10"
    ],
    "text": "<p>Diese Anrede gilt sowohl dem Propheten (a.s.s.) als auch jedem Muslim zu allen Orten und Zeiten. Dies bedeutet auf jeden Fall nicht, dass wir alle Beziehungen zu den Mitmenschen abbrechen und aufhören sollen, sie zum Guten zu ermahnen (vgl. oben 73:2-9; ferner unten 74:11). 73:11-13 - Die Frist ist trotzdem eine kurze, wenn sie an der Ewigkeit gemessen ist. (vgl. 16:77; 22:19-22 und die Anmerkung dazu).</p>",
    "timestamp": "2025-12-20T14:27:52.303336+00:00",
    "version": "1.0",
    "copyright": {
      "author": "Muhammad Ibn Ahmad Ibn Rassoul",
      "publisher": "IB Verlag Islamische Bibliothek",
      "edition": "41. Auflage",
      "title": "Tafsīr Al-Qur'ān Al-Karīm"
    }
  },
  {
    "key": "de_tafsir-al-azhar",
    "verse_key": "73:14",
    "verses": [
      "73:14"
    ],
    "text": "<p>Wenn am Tage des Weltuntergangs, an dem sich die massiven Berge in zusammengesunkene <strong>\"weiche\"</strong> Dünen verwandelt haben, dann werden die Schuldigen die Existenz des Allmächtigen nicht mehr leugnen können (vgl. dazu 14:48; 20:105-107). 73:15-16 - Dies richtet sich in erster Linie an die makkanischen Götzendiener, die den Propheten (a.s.s.) unnachgiebig verfolgten. Der Prophet sollte die Menschen seiner Zeit warnen, zur Umkehr vom Unrecht bewegen und ein Zeuge für die Rechtschaffenen und gegen das Böse sein, wie es Moses (a.s.) zu seiner Zeit tat (ÜB) (vgl. dazu 3:19; 10:75-92).</p>",
    "timestamp": "2025-12-20T14:27:52.303336+00:00",
    "version": "1.0",
    "copyright": {
      "author": "Muhammad Ibn Ahmad Ibn Rassoul",
      "publisher": "IB Verlag Islamische Bibliothek",
      "edition": "41. Auflage",
      "title": "Tafsīr Al-Qur'ān Al-Karīm"
    }
  },
  {
    "key": "de_tafsir-al-azhar",
    "verse_key": "73:17",
    "verses": [
      "73:17"
    ],
    "text": "<p>Der Tag des Weltuntergangs (vgl. oben 73:14) wird für die Menschen durch seine Heftigkeit so unerträglich, dass sogar die verspielten Kinder, die in der Regel keine Schuldgefühle haben und oft die Ernsthaftigkeit der Dinge nicht wahrnehmen, graue Haare bekommen und wie Greise aussehen werden (vgl. dazu 82:1).</p>",
    "timestamp": "2025-12-20T14:27:52.303336+00:00",
    "version": "1.0",
    "copyright": {
      "author": "Muhammad Ibn Ahmad Ibn Rassoul",
      "publisher": "IB Verlag Islamische Bibliothek",
      "edition": "41. Auflage",
      "title": "Tafsīr Al-Qur'ān Al-Karīm"
    }
  },
  {
    "key": "de_tafsir-al-azhar",
    "verse_key": "73:18",
    "verses": [
      "73:18"
    ],
    "text": "<p>Dieser Vers verrät uns die Bauweise des Himmels; denn wenn er sich spaltet, verliert er seine Festigkeit und seine Form als <strong>\"Gewölbe\"</strong> über uns. Durch die Spaltung unseres ersten Himmels werden die Menschen dann in das zweite Himmel durchschauen können und sich von der gewaltigen Dimension des Universums überzeugen. Hier dann geht die Verheißung <em>Allā</em> hs in Erfüllung (vgl. 55:37; 69:16; 84:1). Dies ist wahrlich eine Ermahnung. So nehme nun, wer da will, den Weg zu seinem Herrn. (73:19) Dein Herr weiß wahrlich, dass du (im Gebet etwas) weniger als zwei Drittel der Nacht stehst und (manchmal) eine Hälfte oder ein Drittel (der Nacht), und ein Teil derer, die mit dir sind, (tut desgleichen). Und <em>Allāh</em> bestimmt das Maß der Nacht und des Tages. Er weiß, dass ihr sie (die Ausdauer) nicht (immer) werdet aufbringen können. Darum hat Er Sich euch mit Nachsicht zugewandt. So tragt denn so viel vom Qur’<em>ā</em> n vor, wie es (euch) leicht fällt. Er weiß, dass einige unter euch krank sein werden, und andere, die im Lande umherreisen - nach <em>Allāhs</em> Gnadenfülle strebend, und wieder andere, die für <em>Allāhs</em> Sache</p>\n<p><em>Tafsīr</em> Al-Qur’<em>ān</em> <em>Al-Karīm</em> kämpfen. So tragt von ihm das vor, was (euch) leicht fällt, und verrichtet das Gebet und entrichtet die <em>Zakā</em> h und gebt <em>Allāh</em> ein gutes Darlehen. Und das, was ihr an Gutem für eure Seelen vorausschickt, werdet ihr bei <em>Allāh</em> als besseren und größeren Lohn finden. Und bittet <em>Allāh</em> um Vergebung. Wahrlich, <em>Allāh</em> ist Allvergebend, Barmherzig. (73:20)</p>",
    "timestamp": "2025-12-20T14:27:52.303336+00:00",
    "version": "1.0",
    "copyright": {
      "author": "Muhammad Ibn Ahmad Ibn Rassoul",
      "publisher": "IB Verlag Islamische Bibliothek",
      "edition": "41. Auflage",
      "title": "Tafsīr Al-Qur'ān Al-Karīm"
    }
  },
  {
    "key": "de_tafsir-al-azhar",
    "verse_key": "73:19",
    "verses": [
      "73:19"
    ],
    "text": "<p>Diese Ermahnung richtet sich an alle Menschen zu allen Orten und Zeiten und betont die Universalität dieser Botschaft, die den Weg der Reue und Vergebung für alle weitöffnet.</p>",
    "timestamp": "2025-12-20T14:27:52.303336+00:00",
    "version": "1.0",
    "copyright": {
      "author": "Muhammad Ibn Ahmad Ibn Rassoul",
      "publisher": "IB Verlag Islamische Bibliothek",
      "edition": "41. Auflage",
      "title": "Tafsīr Al-Qur'ān Al-Karīm"
    }
  },
  {
    "key": "de_tafsir-al-azhar",
    "verse_key": "72:28",
    "verses": [
      "72:28"
    ],
    "text": "<p>Mit diesem herrlichen Vers kommt diese wunderbare Sura zu ihrem Ende. <em>Allā</em> h (t) umfasst alles in Seiner Schöpfung. Mit anderen Worten heißt es: Nichts von allem, was wir begehen, bleibt Ihm verborgen. Hier liegt der Schlüssel der wahren Gottesfurcht, die unser Prophet (a.s.s.) so beschrieb: ”Die Gottesfurcht ist, dass du etwas tust, als ob du <em>Allā</em> h sähst, und wenn du Ihn nicht sehen kannst, so sieht Er dich doch!“ Alles Lob gebührt Ihm, Dem Herrn der Himmel und Erde. Ende der Sura 72 <em>Allāh</em> ist es, Der euch erschaffen hat, und dann hat Er euch versorgt; dann wird Er euch sterben lassen, und dann wird Er euch wieder lebendig machen. Ist etwa unter euren Göttern einer, der davon etwas vollbringen könnte? Gepriesen sei Er und Hocherhaben über das, was sie anbeten! (30) Sura <em>Ar-Rūm</em> (Die Byzantiner), Vers 40</p>\n<p><em>Tafsīr</em> Al-Qur’<em>ān</em> <em>Al-Karīm</em> (73) Sura Al-Muzzammil (Der Verhüllte) (offenbart zu Makka) 20 <em>Ā</em> y <em>ā</em> t Gebet und Demut sind wichtig, wenn jemand ein gutes Leben führen möchte. Widme dich <em>Allā</em> h, Ihm zu dienen, und bete in der Stille der Nacht. <em>Allā</em> h (t) wird die Missetäter bald bestrafen. <em>Allā</em> h (t) will die Angelegenheiten leicht machen. Sei gläubig, aufrichtig, gedenke <em>Allā</em> hs und suche Seine Gnadenfülle. Im Namen <em>Allāhs</em>, des Allerbarmers, des Barmherzigen! O du Verhüllter! (73:1) Verbringe die Nacht stehend (im Gebet) bis auf wenige Zeit davon (73:2), die Hälfte von ihr, oder verringere sie ein wenig (73:3), oder füge ein wenig hinzu - und trage den Qur’<em>ā</em> n mit <em>Tartī</em> l vor. (73:4) Wahrlich, Wir werden dir ein gewichtiges Wort zukommen lassen. (73:5) Wahrlich, der Anbruch der Nacht ist die beste Zeit zur Selbstzucht und zur Erfassung des wahren Sinnes der rezitierten Worte (des Qur’<em>ā</em> n). (73:6) Du hast ja gewiss während des Tages eine lange Beschäftigung. (73:7) Und gedenke des Namens deines Herrn und wende dich Ihm von ganzem Herzen zu. (73:8) (Er ist) der Herr des Ostens und des Westens - es ist kein Gott außer Ihm; darum nimm Ihn zum Beschützer. (73:9)</p>",
    "timestamp": "2025-12-20T14:27:52.303336+00:00",
    "version": "1.0",
    "copyright": {
      "author": "Muhammad Ibn Ahmad Ibn Rassoul",
      "publisher": "IB Verlag Islamische Bibliothek",
      "edition": "41. Auflage",
      "title": "Tafsīr Al-Qur'ān Al-Karīm"
    }
  }
]