[
  {
    "key": "de_tafsir-al-azhar",
    "verse_key": "25:1",
    "verses": [
      "25:1"
    ],
    "text": "<h2>Sura Al-Furqā n (Die Unterscheidung)</h2>\n<p><em>(offenbart zu Makka)</em></p>\n<p><em>0 Āyāt</em></p>\n<p>(offenbart zu Makka) 77 <em>Ā</em> y <em>ā</em> t Dies ist eine frühe makkanische Sura. Sie behandelt den Unterschied zwischen Licht und Finsternis, zeigt auch den Unterschied zwischen Wissen und Unwissen, rechtem Handeln und Frevelhaftigkeit, geistigem Fortschritt und Verminderung der moralischen Werte. Schließlich erklärt sie die Taten, durch welche gute Menschen in dieser Welt erkannt werden können. Eines der größten Gaben <em>Allāhs</em> an die Menschen ist der Qur’<em>ān</em>, welcher das Kriterium ist, nach dem wir über das Richtige und das Falsche entscheiden können, zwischen Anbetung von falschen Göttern neben <em>Allāh</em> und der wahren Anbetung <em>Allāhs</em>, des Schöpfers von Himmel und Erde, zwischen <em>Allāhs</em> wahrer Botschaft und den falschen Beschuldigungen durch die Ungläubigen, zwischen der wirklichen Belohnung, die die Guten erwarten, verglichen mit den Freuden dieses kurzen Lebens. Alle Propheten sind Menschen, die wie gewöhnliche Menschen lebten und die anderen auf den Rechten Pfad leiteten. Die Ungläubigen bringen zwei Fragen vor, die auch zwei Gründe nennen, warum sie den Islam nicht annehmen. Diese sind: Warum werden die Engel nicht zu uns herabgesandt? D.h. mit <em>Allāhs</em> Botschaft warum soll ein gewöhnlicher Mann auserwählt sein? Und warum sehen wir unseren Herrn nicht? <em>Allāh</em> (t) erwidert, dass am Tage des Jüngsten Gerichts ist es möglich, die Engel zu sehen, doch für die Frevler wird es keine Freude geben. Die Schuldigen werden zwar die Wahrheit erkennen, aber nur, wenn es zu spät ist. Zu diesem Zeitpunkt wird <em>Allāhs</em> Strafe über sie kommen. An diesem Tag wird der Prophet gegen seine eigenen Leute Zeugnis ablegen, indem er sagen wird: O mein Herr! Wahrhaftig, meine Leute hielten den Qur’<em>ān</em> nur für ein leeres Gerede. Der Qur’<em>ān</em> wurde in Abschnitten offenbart, um spezielle Anliegen der Menschen zu behandeln, die im Laufe der Zeit in Abständen auftraten. Die Leute des Pharao, ebenso wie die Leute von Noah, die ‘<em>Ād</em>, die Ṯamūd, die Gefährten des Brunnens und andere gingen zugrunde, weil sie frevelhaft waren. Diejenigen, die den Propheten verspotten, sind ebenso ihrem Verhängnis gewiss. Die Zeichen <em>Allāhs</em> sind überall: zwischen dem Wechsel von Sonne und Schatten, Tag und Nacht, Leben und Tod, und Wind und Regen, zu erkennen. Die Rechtschaffenen schätzen <em>Allāhs</em> Fürsorge um die Menschen, indem sie Seine Schöpfung studieren; sie verhalten sich demütig, grüßen jeden, beten nachts nur <em>Allāh</em> (t) an und bitten Ihn um Vergebung; sie geben von ihrem Besitz aus und sind dabei nicht verschwenderich; sie töten nicht und begehen keine Unzucht. Im Namen <em>Allāhs</em>, des Allerbarmers, des Barmherzigen! Voller Segen ist Er, Der die Unterscheidung zu Seinem Diener herabgesandt hat, auf dass er ein Warner für die Welten sei. (25:1) Er (ist es), Dessen das Königreich der Himmel und der Erde ist, Der Sich keinen Sohn genommen hat und Der keinen Partner im Königreich hat und Der jegliches Ding erschaffen und ihm das rechte Maß gegeben hat. (25:2)</p>\n<p><em>Tafsīr</em> Al-Qur’<em>ān</em> <em>Al-Karīm</em></p>\n<p>Der volle Segen gebührt <em>Allā</em> h, Dem Herrn der Welten, Der den Qur’<em>ā</em> n als Unterscheidung zwischen Richtigkeit und Falschheit, Wissen und Unwissen, Glauben und Unglauben, Licht und Finsterniss, herabgesandt hat. Empfänger dieser Botschaft ist <em>Muḥ</em> ammad, der <strong>\"Diener <em>Allā</em> hs\"</strong> (als Ehrentitel verwendet) (vgl. 17:1; 18:1) und Sein Prophet, dessen Aufgabe in erster Linie daraus besteht, dass er alle Welten warnt. Die <strong>\"Welten\"</strong> als Mehrzahl schließt sowohl alle Völker dieser Erde als auch andere Welten, wie z.B. die Welt der <em>Ǧ</em> inn (vgl. 72:1), ein. Der Vers verkündet die Universalität der Botschaft und die globale Gültigkeit des Islam für die ganze Menschheit. Unser Prophet (a.s.s.) sagte: ”Vor mir wurden Propheten nur zu ihren eigenen Völkern gesandt, aber ich bin zur ganzen Menschheit gesandt worden, und ich bin der letzte aller Propheten.“ (ÜB)</p>",
    "timestamp": "2025-12-20T14:27:52.303336+00:00",
    "version": "1.0",
    "copyright": {
      "author": "Muhammad Ibn Ahmad Ibn Rassoul",
      "publisher": "IB Verlag Islamische Bibliothek",
      "edition": "41. Auflage",
      "title": "Tafsīr Al-Qur'ān Al-Karīm"
    }
  },
  {
    "key": "de_tafsir-al-azhar",
    "verse_key": "25:2",
    "verses": [
      "25:2"
    ],
    "text": "<p>Die weltlichen Könige auf dieser Erde werden nach dem Sprachgebrauch als solche genannt. <em>Allā</em> h (t) aber ist der wahre König, Dem das Königreich der Himmel und der Erde gehört und neben ihm gibt es weder Partner noch andere Machthaber - ja nicht einmal einen Sohn, wie manche behaupten (vgl. 9:30). Somit ist <em>Allā</em> h der absolute Herrcher der ganzen Schöpfung, deren Maß kein Augenmaß, sondern eine göttliche Perfektion ist. (vgl. 17:111 und die Anmerkung dazu). Und doch haben sie sich Götter außer Ihm genommen, die nichts erschaffen haben, sondern selbst erschaffen worden sind, die weder für sich selber Macht über Schaden und Nutzen noch Macht über Tod und Leben und Auferweckung haben. (25:3)</p>",
    "timestamp": "2025-12-20T14:27:52.303336+00:00",
    "version": "1.0",
    "copyright": {
      "author": "Muhammad Ibn Ahmad Ibn Rassoul",
      "publisher": "IB Verlag Islamische Bibliothek",
      "edition": "41. Auflage",
      "title": "Tafsīr Al-Qur'ān Al-Karīm"
    }
  },
  {
    "key": "de_tafsir-al-azhar",
    "verse_key": "25:3",
    "verses": [
      "25:3"
    ],
    "text": "<p>Nun folgt die Belehrung über ein Kriterium der Unterscheidung, das im Vordergrund aller Falschheiten steht (vgl. oben 25:1), nämlich die Verehrung falscher Götter. Und jene, die ungläubig sind, sagen: ”Dies ist ja nichts als eine Lüge, die er erdichtet hat; und andere Leute haben ihm dabei geholfen.“ Wahrlich, sie haben da Ungerechtigkeiten und Lügen vorgebracht. (25:4) Und sie sagen: ”(Das sind) Fabeln der Früheren: er hat sie aufschreiben lassen, und sie werden ihm am Morgen und am Abend diktiert.“ (25:5) Sprich: ”Er, Der das Verborgene von Himmel und Erde kennt, hat ihn herabgesandt. Er ist wahrlich Allverzeihend, Barmherzig.“ (25:6) 25:4-6 - Ein weiters Kriterium der Unterscheidung, das zum Katalog der Falschheiten gehört (vgl. 25:3), besteht im Vorwurf der Ungläubigen gegenüber dem Propheten <em>Muḥ</em> ammad (a.s.s.), dem Gesandten <em>Allā</em> hs und Seinem Diener (vgl. oben 25:1); sie verleugnen sowohl die Offenbarung als auch sein Prophetentum. Dieser Vorwurf wird immer wieder - bis heute noch - von Juden und Christen erhoben. Inhaltlich besagt dieser Vorwurf: Der Qur’<em>ā</em> n oder zumindest der größte Teil davon basiere auf jüdisch-christlichen Lehren, die angeblich durch ungenannte Fremde dem Propheten nahegebracht wurden (vgl. 16:103), oder durch verschiedene Araber, die zum Judentum oder Christentum konvertiert waren; darüber hinaus wurde dem Propheten vorgeworfen, er habe sich getäuscht, den Qur’<em>ā</em> n für göttliche Offenbarung zu halten, oder er habe ihn absichtlich - in Bewusstsein, dass dies nicht der Fall sei - <em>Allā</em> h (t) zugeschrieben. Der Vorwurf war schon damals zur Zeit des Propheten nicht haltbar; denn jeder kannte die angeblichen <strong>\"Helfer\"</strong> und ihre Gelehrsamkeit und wusste, dass sie für eine solche Anschuldigung nicht in Betracht kamen; alle angeblichen <strong>\"Helfer\"</strong> nahmen später den Islam an, was sicher nicht der Fall gewesen wäre, wenn sie sich an einem Betrug dieser Art beteiligt hätten. (ÜB) (vgl. 8:31-</p>\n<p><em>Tafsīr</em> Al-Qur’<em>ān</em> <em>Al-Karīm</em> 33 und die Anmerkung dazu). Und sie sagen: ”Was ist mit diesem Gesandten, dass er Speise isst und auf den Märkten umhergeht? Warum ist kein Engel zu ihm herabgesandt worden, um als Warner bei ihm zu sein? (25:7) Oder (warum ist) ihm kein Schatz herabgeworfen oder kein Garten gegeben worden, wovon er essen könnte?“ Und die Ungerechten sagen: ”Ihr folgt nur einem Mann, der einem Zauber zum Opfer gefallen ist.“ (25:8) Schau, wie sie dir Gleichnisse prägen! Sie sind irregegangen und können keinen Ausweg finden. (25:9) Voller Segen ist Er, Der, wenn Er will, dir Besseres als all dies gewähren wird - Gärten, durch die Bäche fließen - und dir (auch) Paläste geben wird. (25:10) Nein, sie leugnen die Stunde; und denen, welche die Stunde leugnen, haben Wir einen Höllenbrand bereitet. (25:11) Wenn er sie aus der Ferne wahrnimmt, werden sie hören, wie er grollt und laut aufheult. (25:12) Und wenn sie zusammengekettet in den engen Raum (des Feuers) geworfen werden, dann werden sie dort die Vernichtung wünschen. (25:13) ”Wünscht heute nicht nur einmal die Vernichtung, sondern wünscht die Vernichtung mehrere Male!“ (25:14)</p>",
    "timestamp": "2025-12-20T14:27:52.303336+00:00",
    "version": "1.0",
    "copyright": {
      "author": "Muhammad Ibn Ahmad Ibn Rassoul",
      "publisher": "IB Verlag Islamische Bibliothek",
      "edition": "41. Auflage",
      "title": "Tafsīr Al-Qur'ān Al-Karīm"
    }
  },
  {
    "key": "de_tafsir-al-azhar",
    "verse_key": "25:7",
    "verses": [
      "25:7"
    ],
    "text": "<p>In dieser Ausdrucksweise liegen Verachtung und Hohn. Speise zu sich nimmt, wie wir es tun, und auf den Straßen umhergeht, um seinen Lebensunterhalt zu suchen, wie wir es tun. Gemeint ist: Wenn es richtig ist, was er behauptet, wie kommt es dann, dass er sich in keinem anderen Zustand befindet als wir? Dies sagten die Ungläubigen, weil sie verwirrt waren und ihre Sicht auf die sinnlich wahrnehmbaren Merkmale seiner Person beschränkten. Tatsächlich unterscheiden sich ja die Gesandten von den anderen Menschen nicht durch körperliche Merkmale, sondern durch ihren Seelenzustand, worauf denn auch <em>Allā</em> h (t) mit Seinem Wort in 18:110 hingewiesen hat. (Baid, Gät) 25:8-9 - In diesem Zusammenhang muss eine Versammlung der <em>Banū</em> Quraiš erwähnt werden, die sie mit dem Propheten (a.s.s.) hatten. Dabei hatte ihm ‘Utba Ibn <em>Rabī</em> ‘a und andere Vornehmen von Makka die Führerschaft über sie angeboten, oder - falls ihm Reichtum lieber wäre - würden sie für ihn aus ihren reichlichen Mitteln sammeln. Als er beides ablehnte, gingen sie zum Protest über. So bemängelten sie an ihm, dass er ein normaler Esser sei und kein Engel, und dass er sich auf den Märkten unter sie mischte, während die Kaiser und Könige sich dafür zu erhaben fühlten. (ÜB) (vgl. 5:69, 75; 13:38; 17:47; 21:7-8 und die Anmerkung dazu).</p>",
    "timestamp": "2025-12-20T14:27:52.303336+00:00",
    "version": "1.0",
    "copyright": {
      "author": "Muhammad Ibn Ahmad Ibn Rassoul",
      "publisher": "IB Verlag Islamische Bibliothek",
      "edition": "41. Auflage",
      "title": "Tafsīr Al-Qur'ān Al-Karīm"
    }
  },
  {
    "key": "de_tafsir-al-azhar",
    "verse_key": "25:10",
    "verses": [
      "25:10"
    ],
    "text": "<p>Der volle Segen ist ab Vers 25:1 Charakterstik für diese Sura. Der Wille des Erhabenen besteht darin, dass Er dem Propheten (a.s.s.) etwas Besseres als Gärten und Paläste zu geben.</p>",
    "timestamp": "2025-12-20T14:27:52.303336+00:00",
    "version": "1.0",
    "copyright": {
      "author": "Muhammad Ibn Ahmad Ibn Rassoul",
      "publisher": "IB Verlag Islamische Bibliothek",
      "edition": "41. Auflage",
      "title": "Tafsīr Al-Qur'ān Al-Karīm"
    }
  },
  {
    "key": "de_tafsir-al-azhar",
    "verse_key": "25:11",
    "verses": [
      "25:11"
    ],
    "text": "<p>Wer die Botschaft und den Propheten leugnet, leugnet auch inbegriffen die Stunde, die Auferstehung und die Rechenschaft. Wer an diese Punkte nicht glaubt, braucht nicht zu überlegen, was recht und was unrecht ist. (vgl. dazu den Titel: <strong>\"Was ist Islam?\"</strong>, Islamische Bibliothek). 25:12-14 - Das Höllenfeuer wütet voller Zorn über die Ungläubigen. Gerade jetzt, wo ihre Herzen erbeben, sind sie mit ihresgleichen zusammengebunden und werden in die brüllenden Flammen geworfen. Ihnen wird keine Vernichtung gewährt. (vgl. 14:49; ferner 11:106 und die Anmerkung dazu). Sprich: ”Ist dies nun besser oder das Paradies der Ewigkeit, das den Gerechten verheißen</p>\n<p><em>Tafsīr</em> Al-Qur’<em>ān</em> <em>Al-Karīm</em> wurde? Es wird ihre Belohnung und Bestimmung sein.“ (25:15) Darin werden sie haben, was immer sie begehren, (und sie werden) auf ewig (darin) verweilen. Dies ist eine Verheißung, die bindend für deinen Herrn ist. (25:16) 25:15-16 - Diese Frage sollte als Schelte verstanden werden, d.h.: Ist dieses furchtbare Leiden besser oder die Gärten, die <em>Allā</em> h (t) den Gottesfürchtigen versprochen hat? Und an dem Tage, da Er sie und jene, die sie an <em>Allāhs</em> Statt verehren, versammeln wird, da wird Er fragen: ”Wart ihr es, die Meine Diener irregeführt habt, oder sind sie (von) selbst von dem Weg abgeirrt?“ (25:17) Sie werden sagen: ”Gepriesen bist Du! Es geziemte uns nicht, andere Beschützer als Dich anzunehmen; Du aber beschertest ihnen und ihren Vätern die guten Dinge (dieses Lebens), bis sie die Ermahnung vergaßen und ein verlorenes Volk wurden.“ (25:18) Nun haben sie euch für das, was ihr sagtet, der Lüge bezichtigt, und ihr könnt weder (die Strafe) abwenden noch (euch) helfen. Und den, der von euch Unrecht tut, werden Wir eine große Strafe kosten lassen. (25:19) 25:17-19 - Diese Frage ist wie eine Gegenüberstellung bzw. Zeugenanhörung. <em>Allā</em> h (t) stellt sie ihnen, obwohl Er um alles weiß. Die Antwort auf diese Frage kann nur eine Abkehr von diesen Götzen und eine Hinwendung zum Allmächtigen sein. Wenn die Götzenanbeter sich darauf berufen, sie seien von ihren Verehrungsobjekten verleitet worden, werden letztere ihnen gegenübergestellt und widerlegen ihre Aussage. Keine Hilfe ist von ihnen zu erwarten, und nichts wendet die Strafe ab. (vgl. 5:116-117 ; 34:40-41 und die Anmerkung dazu). Auch vor dir schickten Wir keine Gesandten, ohne dass sie Speise aßen oder auf den Märkten umhergingen. Und Wir machen die einen unter euch zur Prüfung für die anderen. Wollt ihr also geduldig sein? Und dein Herr ist Allsehend. (25:20)</p>",
    "timestamp": "2025-12-20T14:27:52.303336+00:00",
    "version": "1.0",
    "copyright": {
      "author": "Muhammad Ibn Ahmad Ibn Rassoul",
      "publisher": "IB Verlag Islamische Bibliothek",
      "edition": "41. Auflage",
      "title": "Tafsīr Al-Qur'ān Al-Karīm"
    }
  },
  {
    "key": "de_tafsir-al-azhar",
    "verse_key": "25:20",
    "verses": [
      "25:20"
    ],
    "text": "<p>Nachdem <em>Allā</em> h (t) in den letzten Versen die Lügen der Ungläubigen aufgezeigt hat, wendet Er sich nun dem Propheten <em>Muḥ</em> ammad (a.s.s.) tröstend und beruhigend zu mit der Feststellung, dass er kein Novum unter den Gesandten <em>Allā</em> hs darstellt (vgl. oben 25:8-9). Denn alle waren darin gleich, dass sie Speise zu sich nahmen und umhergingen. Mit dem Ausdruck <strong>\"Wir machen die einen unter euch zur Prüfung für die anderen\"</strong> berührt die Unterschiedlichkeit unter Menschen bezüglich Begabung, Fähigkeiten, Armut und Reichtum. Wenn jemand z.B. arm ist, sollten die rechtschaffenen Reichen ihn nicht deshalb verachten oder vernachlässigen; denn es kann sehr wohl sein, dass er eine Prüfung für ihr Gefühl des Mitleids und der Brüderlichkeit ist usw. Und diejenigen, die nicht mit Unserer Begegnung rechnen, sagen: ”Warum werden keine Engel zu uns herniedergesandt? Oder (warum) sollten wir (nicht) unseren Herrn schauen?“ Wahrlich, sie denken zu hoch von sich und haben die Schranken arg überschritten. (25:21) Am Tage, wenn sie die Engel sehen: Keine frohe Botschaft (sei) für die Schuldigen an diesem Tage! Und sie (die Engel) werden (zu ihnen) sagen: ”Das ist euch verwehrt, verboten!“ (25:22) Und Wir werden Uns den Werken zuwenden, die sie gewirkt haben, und werden sie wie verwehte Stäubchen zunichte machen. (25:23) Die Bewohner des Paradieses werden an jenem Tage die bessere Wohnstatt und den würdigeren Ruheplatz haben. (25:24)</p>\n<p><em>Tafsīr</em> Al-Qur’<em>ān</em> <em>Al-Karīm</em></p>",
    "timestamp": "2025-12-20T14:27:52.303336+00:00",
    "version": "1.0",
    "copyright": {
      "author": "Muhammad Ibn Ahmad Ibn Rassoul",
      "publisher": "IB Verlag Islamische Bibliothek",
      "edition": "41. Auflage",
      "title": "Tafsīr Al-Qur'ān Al-Karīm"
    }
  },
  {
    "key": "de_tafsir-al-azhar",
    "verse_key": "25:21",
    "verses": [
      "25:21"
    ],
    "text": "<p>Die Götzendiener hoffen nicht auf die Begegnung mit <em>Allā</em> h (t), d.h. sie erwarten kein solches Zusammentreffen mit Ihm und ziehen dies nicht in Betracht. Auch ihr Leben und ihre Handlungen sind nicht auf dieser Grundlage gebaut. Dennoch betrachteten einige von ihnen die Engel als eine Art Untergottheiten (vgl. 6:124). Auch die Kinder Israels zu Moses' Zeit verlangten, <em>Allā</em> h (t) zu sehen. Sie wurden jedoch von Donner und Blitz erschlagen, als sie hinschauten (vgl. 2:55).</p>",
    "timestamp": "2025-12-20T14:27:52.303336+00:00",
    "version": "1.0",
    "copyright": {
      "author": "Muhammad Ibn Ahmad Ibn Rassoul",
      "publisher": "IB Verlag Islamische Bibliothek",
      "edition": "41. Auflage",
      "title": "Tafsīr Al-Qur'ān Al-Karīm"
    }
  },
  {
    "key": "de_tafsir-al-azhar",
    "verse_key": "25:22",
    "verses": [
      "25:22"
    ],
    "text": "<p>Es handelt sich hier um eine Szene am Tag des Jüngsten Gerichts, an dem ihre Forderung erfüllt wird, die Engel zu sehen; dann wird für sie kein Anlass zur Freude sein, sondern des Leides. Ihnen wird verwehrt und untersagt, was den Gottesfürchtigen an herrlichen Lohn zuteil wird. (vgl. 6:8; 15:7-8, 51-64; 17:90-95 und die Anmerkung dazu).</p>",
    "timestamp": "2025-12-20T14:27:52.303336+00:00",
    "version": "1.0",
    "copyright": {
      "author": "Muhammad Ibn Ahmad Ibn Rassoul",
      "publisher": "IB Verlag Islamische Bibliothek",
      "edition": "41. Auflage",
      "title": "Tafsīr Al-Qur'ān Al-Karīm"
    }
  },
  {
    "key": "de_tafsir-al-azhar",
    "verse_key": "25:23",
    "verses": [
      "25:23"
    ],
    "text": "<p>Ihre Taten, die sie für gut hielten, sind wertlos; denn diese waren nicht zum Gefallen <em>Allā</em> hs. (vgl. 40:16 und die Anmerkung dazu).</p>",
    "timestamp": "2025-12-20T14:27:52.303336+00:00",
    "version": "1.0",
    "copyright": {
      "author": "Muhammad Ibn Ahmad Ibn Rassoul",
      "publisher": "IB Verlag Islamische Bibliothek",
      "edition": "41. Auflage",
      "title": "Tafsīr Al-Qur'ān Al-Karīm"
    }
  },
  {
    "key": "de_tafsir-al-azhar",
    "verse_key": "25:24",
    "verses": [
      "25:24"
    ],
    "text": "<p>Nun wendet sich der Qur’<em>ā</em> n den Bewohnern des Paradieses zu. Und an dem Tage wird sich der Himmel mitsamt den Wolken spalten und die Engel werden ununterbrochen herabgesandt. (25:25) Das Königreich, das wahrhaftige - an jenem Tage wird es des Allerbarmers sein; und ein Tag soll es sein, (der) schwer für die Ungläubigen (ist). (25:26) Am Tage, da der Ungerechte sich in die Hände beißen wird, wird er sagen: ”O wäre ich doch den Weg mit dem Gesandten gegangen! (25:27) O wehe mir! Hätte ich doch nimmermehr den Soundso zum Freund genommen! (25:28) Wahrlich, er führte mich irre, hinweg von der Ermahnung, nachdem sie zu mir gekommen war.“ Und Satan lässt den Menschen im Stich. (25:29) 25:25-26 - Der Himmel, der vor unseren Augen wie eine geschlossene Glocke erscheint, wird geöffnet. In vielen Versen des Qur’<em>ā</em> n werden derartige Ereignisse geschildert. (vgl. 40:16 und die Anmerkung dazu). 25:27-29 - Er beißt sich in beide Hände als Ausdruck seiner Reue. Die Gelehrten meinen, dass es sich hier um einen gewissen ‘Uqba handelt, der sich zum Islam bekehrte, dann jedoch von einem seiner irdischen Freunde zu Unglauben und Gotteslästerung verleitet wurde. Er fand schließlich ein schlechtes Ende. Der Begriff <strong>\"Gesandten\"</strong> bezieht sich auf jeden Gesandten in der Offenbarungsgeschichte. Der Ausdruck <strong>\"Soundso\"</strong> bezeichnet jede Person, die für die Irreführung eines Menschen verantwortlich ist. (vgl. 14:22; 15:17 und die Anmerkung dazu). Und der Gesandte sagte: ”O mein Herr, mein Volk hat wirklich diesen Qur’<em>ā</em> n von sich gewiesen.“ (25:30) Und so gaben Wir jedem Propheten einen Feind aus den Reihen der Sünder; doch dein Herr genügt als Führer und als Helfer. (25:31)</p>",
    "timestamp": "2025-12-20T14:27:52.303336+00:00",
    "version": "1.0",
    "copyright": {
      "author": "Muhammad Ibn Ahmad Ibn Rassoul",
      "publisher": "IB Verlag Islamische Bibliothek",
      "edition": "41. Auflage",
      "title": "Tafsīr Al-Qur'ān Al-Karīm"
    }
  },
  {
    "key": "de_tafsir-al-azhar",
    "verse_key": "25:30",
    "verses": [
      "25:30"
    ],
    "text": "<p>Damit ist der Prophet <em>Muḥ</em> ammad (a.s.s.) gemeint, der um sein Volk besorgt war. Es handelt sich um den Stamm des Propheten - die <em>Banū</em> Quraiš . Denn sein Volk hatte sich geweigert, den Qur’<em>ā</em> n anzuhören. Wenn der Qur’<em>ā</em> n rezitiert wurde, pflegten sie laut zu reden und zu lärmen, um ihn zu übertönen. Als der Islam endlich siegte und die Oberhand über die arabische Halbinsel gewann, verschwanden sie von der Szene der Weltgeschichte.</p>\n<p><em>Tafsīr</em> Al-Qur’<em>ān</em> <em>Al-Karīm</em></p>",
    "timestamp": "2025-12-20T14:27:52.303336+00:00",
    "version": "1.0",
    "copyright": {
      "author": "Muhammad Ibn Ahmad Ibn Rassoul",
      "publisher": "IB Verlag Islamische Bibliothek",
      "edition": "41. Auflage",
      "title": "Tafsīr Al-Qur'ān Al-Karīm"
    }
  },
  {
    "key": "de_tafsir-al-azhar",
    "verse_key": "25:31",
    "verses": [
      "25:31"
    ],
    "text": "<p>Es ist eine Verfahrensweise <em>Allā</em> hs, die Seiner Erhabenheit entspringt; denn weder Ihm noch Seinem Propheten werden die Feinde aus den Reihen der Sünder einen Schaden verursachen können. (vgl. 6:112 und die Anmerkung dazu). Und jene, die ungläubig sind, sagen: ”Warum ist ihm der Qur’<em>ā</em> n nicht in einem Zuge herabgesandt worden?“ Dies (geschieht), weil Wir dein Herz dadurch stärken wollen, und Wir haben seine Anordnung recht gut gemacht. (25:32) Und sie kommen mit keinem Gleichnis zu dir, ohne dass Wir die Wahrheit und die schönste Erklärung brächten. (25:33) Diejenigen, die auf ihren Gesichtern in <em>Ǧ</em> ahannam versammelt werden - sie werden in der schlimmsten Lage und vom Weg am weitesten abgeirrt sein. (25:34)</p>",
    "timestamp": "2025-12-20T14:27:52.303336+00:00",
    "version": "1.0",
    "copyright": {
      "author": "Muhammad Ibn Ahmad Ibn Rassoul",
      "publisher": "IB Verlag Islamische Bibliothek",
      "edition": "41. Auflage",
      "title": "Tafsīr Al-Qur'ān Al-Karīm"
    }
  },
  {
    "key": "de_tafsir-al-azhar",
    "verse_key": "25:32",
    "verses": [
      "25:32"
    ],
    "text": "<p>Der Qur’<em>ā</em> n wurde allmählich und abschnittweise entsprechend den jeweiligen Anläßen der Gesellschaft offenbart und nach dreiundzwanzig Jahren - kurz vor dem Tod des Propheten (a.s.s.) als ganzes abgeschlossen. Die Gegner des Propheten glaubten, hierin ein weiteres Argument für ihre Unterstellung gefunden zu haben. (vgl. 20:113-114 und die Anmerkung dazu).</p>",
    "timestamp": "2025-12-20T14:27:52.303336+00:00",
    "version": "1.0",
    "copyright": {
      "author": "Muhammad Ibn Ahmad Ibn Rassoul",
      "publisher": "IB Verlag Islamische Bibliothek",
      "edition": "41. Auflage",
      "title": "Tafsīr Al-Qur'ān Al-Karīm"
    }
  },
  {
    "key": "de_tafsir-al-azhar",
    "verse_key": "25:33",
    "verses": [
      "25:33"
    ],
    "text": "<p>Das in den Versen 30-34 gebrauchte Personalpronomen <strong>\"du\"</strong> bezieht sich nicht nur auf den Propheten, sondern auf alle Gläubigen durch alle Zeiten.</p>",
    "timestamp": "2025-12-20T14:27:52.303336+00:00",
    "version": "1.0",
    "copyright": {
      "author": "Muhammad Ibn Ahmad Ibn Rassoul",
      "publisher": "IB Verlag Islamische Bibliothek",
      "edition": "41. Auflage",
      "title": "Tafsīr Al-Qur'ān Al-Karīm"
    }
  },
  {
    "key": "de_tafsir-al-azhar",
    "verse_key": "25:34",
    "verses": [
      "25:34"
    ],
    "text": "<p>In äußerster Erniedrigung und in Schmach werden die Ungläubigen in das Höllenfeuer getrieben. Diese Worte wurden den Ungläubigen vorgelesen als Warnung vor dem, was sie erwartet, um ihren Hochmut zu brechen. Ibn Anas berichtete, dass ein Mann den Propheten (a.s.s.) wie folgt gefragt hat: ”Wie wird <em>Allā</em> h die Ungläubigen auf ihren Gesichtern in das Höllenfeuer versammeln?“ Der Prophet (a.s.s.) sagte: ”Derjenige, Der sie auf Füßen hat gehen lassen, hat auch die Macht, sie auf ihren Gesichtern laufen zu lassen.“ (ÜB) Dieser Vers kann mit dem obigen Vers 25:24 verglichen werden. (vgl. 17:72 und die Anmerkung dazu). Und wahrlich, Wir gaben Moses die Schrift, und zugleich haben Wir (ihm) seinen Bruder Aaron als Helfer zur Seite gestellt. (25:35) Dann sprachen Wir: ”Geht beide zum Volk, das Unsere Zeichen verworfen hat!“ Dann zerstörten Wir sie alle vollständig. (25:36) Und das Volk Noahs: Als sie die Gesandten verleugneten, ertränkten Wir sie und machten sie zu einem Zeichen für die Menschen. Und Wir haben für die Ungerechten eine schmerzliche Strafe bereitet. (25:37) Und so auch (für) die ‘<em>Ād</em>, die Ṯamūd und die Leute vom Brunnen und (für) so viele der Geschlechter zwischen ihnen. (25:38) Ihnen allen prägten Wir Gleichnisse; und sie alle zerstörten Wir vollständig. (25:39) Und wahrlich, sie kamen vorüber an der Stadt, auf die ein Unheilsregen niederging. Haben sie sie denn nicht gesehen? Nein, sie rechnen nicht mit der Auferstehung. (25:40) 25:35-36 - Mit der <strong>\"Schrift\"</strong> ist hier die Thora gemeint. (vgl. 7:142; 20:29 und die Anmerkung dazu). 25:37-39 - Die Geschichten von Noah und den Propheten der Völker ‘<em>Ād</em>, Ṯamūd und der Leute vom Brunnen werden in 26:106-159 erwähnt. (vgl. 11:84-95; 26:105-110 und die ausführliche Anmerkung bei ÜB).</p>",
    "timestamp": "2025-12-20T14:27:52.303336+00:00",
    "version": "1.0",
    "copyright": {
      "author": "Muhammad Ibn Ahmad Ibn Rassoul",
      "publisher": "IB Verlag Islamische Bibliothek",
      "edition": "41. Auflage",
      "title": "Tafsīr Al-Qur'ān Al-Karīm"
    }
  },
  {
    "key": "de_tafsir-al-azhar",
    "verse_key": "25:40",
    "verses": [
      "25:40"
    ],
    "text": "<p>Dies bezieht sich auf die Geschichte von Lot und der Vernichtung von Sodom und</p>\n<p><em>Tafsīr</em> Al-Qur’<em>ān</em> <em>Al-Karīm</em> Gomorrha in der Ebene des Toten Meeres (vgl. 15:74-75). Die Worte <strong>\"Haben sie sie denn nicht gesehen?\"</strong> beziehen sich sowohl auf die Zeitgenossen des Propheten (a.s.s.), als auch auf Menschen aller Zeiten. Und wenn sie dich sehen, treiben sie nur Spott mit dir: ”Ist das der, den <em>Allāh</em> als Gesandten erweckt hat? (25:41) Wahrlich, er hätte uns beinahe irregeführt, hinweg von unseren Göttern, hätten wir nicht geduldig an ihnen festgehalten.“ Und sie werden erfahren, wenn sie die Strafe sehen, wer weiter vom Weg abgeirrt ist. (25:42) Hast du den gesehen, der seine persönliche Neigung zu seinem Gott macht? Könntest du wohl sein Wächter sein? (25:43) Meinst du etwa, dass die meisten von ihnen hörten oder verständen? Sie sind nur wie das Vieh - nein, sie sind noch weiter vom Weg abgeirrt. (25:44) 25:41-43 - Der Prophet hatte, vor seiner Sendung eine hohe Stellung in seinem Volk genossen. Doch als er ihnen den Qur’<em>ā</em> n übermittelte, änderte sich ihre Haltung. So fingen sie an, sich mit diesen Worten über ihn lustig zu machen. Waren sie wirklich davon überzeugt, dass seine Person oder das, was er ihnen überbrachte, diesen Spott verdiente? Ibn <em>Isḥāq</em> berichtet, dass einige Führer der <em>Banū</em> Quraiš sich bei <em>Al-Walī</em> d Ibn Al-Muġīra versammelten, als es Zeit für die Pilgerfahrt war. Und der sprach zu ihnen: ”Die Zeit der Pilgerfahrt ist gekommen, und die Vertreter der arabischen Stämme kommen zu euch, und werden auch von diesem Eurem Gefährten gehört haben. Darum findet einen Konsens in euren Ansichten über ihn, damit nicht der eine von euch dem anderen mit seiner Meinung in den Rücken fällt.“ Sie erwiderten: ”Sag uns deine Meinung, die wir dann befolgen wollen.“ Er sagte: ”Nein, sagt ihr eure Meinung, und ich höre erst einmal zu.“ Sie sagten: ”Wir sagen, dass er ein Wahrsager ist.“ Darauf entgegnete er: ”Nein, bei <em>Allā</em> h (t), das ist er nicht; denn er hat weder das Murmeln noch die gereimte Redeweise eines Wahrsagers, das wir kennen.“ ”Dann sagen wir, dass er besessen sei.“, meinten sie. ”Nein, das ist er nicht“, sagte er, ”wir haben Besessenheit gesehen und kennen sie, aber bei ihm gibt es keine solchen Anfälle und kein solch ersticktes Flüstern.“ ”Dann sagen wir, dass er ein Dichter sei“, schlugen sie vor. ”Das ist er nicht“, entgegnete er, ”denn wir kennen doch Dichtung mit all ihren Formen. Und es ist keine Dichtung, was er spricht.“ ”Dann sagen wir, er sei ein Magier“, überlegten sie. ”Das ist er auch nicht“, wandte er ein, ”wir haben die Zauberer und ihre Zauber gesehen. Er aber spuckt weder in etwas noch knotet er etwas.“ ”Dann sag du uns, was wir sagen sollen.“ Er erwiderte: ”Bei <em>Allā</em> h (t), seine Äußerung ist schön, seine Wurzel ist die einer Palme, und seine Zweige tragen reife Früchte. Und wenn ihr etwas von dem erwähnt, was ihr vorher gesagt habt, dann wird es sofort als falsch zurückgewiesen. Das einzige, was ihr sagen könnt, ist, dass er ein Magier ist mit einer Botschaft, durch die er einen Mann von seinem Vater oder seinem Bruder oder seiner Frau oder seiner Familie trennt.“ In den beiden letzten Versen 25:43-44 ist der Prophet (a.s.s.) angesprochen. (ÜB) Hast du nicht gesehen, wie dein Herr den Schatten verlängert? Und hätte Er gewollt, hätte Er ihn stillstehen lassen. Dann machten Wir die Sonne zu seinem Wegweiser. (25:45) Dann ziehen Wir ihn sachte zu Uns. (25:46) Und Er ist es, Der euch die Nacht zu einer Verhüllung und den Schlaf zur Ruhe und den Tag zur Regsamkeit gemacht hat. (25:47) 25:45-46 - Wir Menschen werden in diesem Versblock auf die schöpferische Macht <em>Allā</em> hs aufmerksam gemacht. Die Erschaffung der Sonne zum Wohl der Erde führt dazu, dass der Schatten sich verändert. Und wäre die Erde unbeweglich, so würde sich der Schatten darauf weder</p>\n<p><em>Tafsīr</em> Al-Qur’<em>ān</em> <em>Al-Karīm</em> ausdehnen noch zurückziehen. Die Sonne ist also eine Art Lotse für den Schatten; denn seine Bewegungen hängen vom Aufstieg und Niedergang der Sonne ab. Und wenn sie mittags den Zenit erreicht, so gibt es keinen Schatten. Wohin verschwindet dieser? Er war nur ein Schatten, der von einem Gegenstand geworfen wurde und zu dem Gegenstand zurückkehrt, der ihn verursacht hat (vgl. 16:48).</p>",
    "timestamp": "2025-12-20T14:27:52.303336+00:00",
    "version": "1.0",
    "copyright": {
      "author": "Muhammad Ibn Ahmad Ibn Rassoul",
      "publisher": "IB Verlag Islamische Bibliothek",
      "edition": "41. Auflage",
      "title": "Tafsīr Al-Qur'ān Al-Karīm"
    }
  },
  {
    "key": "de_tafsir-al-azhar",
    "verse_key": "25:47",
    "verses": [
      "25:47"
    ],
    "text": "<p>Die <strong>\"Verhüllung\"</strong> durch die Nacht geschieht durch die Dunkelheit, die alle Gegenstände und Lebewesen wie ein Mantel bedeckt. Der Schlaf dient der Erhaltung des Körpers und ist ein zuverlässiges Barometer für sein weiteres Schicksal. (vgl. dazu 78:9). Und Er ist es, Der die Winde als Freudenboten Seiner Barmherzigkeit herabsendet; und Wir senden reines Wasser aus den Wolken nieder (25:48), auf dass Wir damit ein totes Land lebendig machen und auf dass Wir damit Unserer Schöpfung zu trinken geben - dem Vieh und den Menschen in großer Zahl. (25:49) Und Wir haben es (das Wasser) unter ihnen verteilt, auf dass sie darüber nachdenken mögen. Die meisten Menschen jedoch lehnen alles ab, nur nicht den Unglauben. (25:50) 25:48-50 - Die Winde sorgen für die Fruchtbarkeit der Pflanzen und bewegen die Wolken von Ort zu Ort, um den Regen zu einer bestimmten Stelle zu bringen, und dies gehört zur Barmherzigkeit unseres Gütigen Schöpfers für Getier und Menschen zugleich. Dieser Vers soll uns einprägen, dass das wunderbare System des Regens schon in sich ein Beweis für <em>Allā</em> hs Existenz ist. Seine wunderbare Verteilung zeigt uns, dass es von einem weisen Schöpfer geplant ist. Aber die Ungläubigen wollen daraus keine Lehre ziehen und beharren in ihrer Undankbarkeit. Der Vers verweist auch auf das Leben nach dem Tod; denn jeder sieht, wie der Regen jedes Jahr abgestorbenes Land neu belebt. Dies weist eindeutig darauf hin, dass <em>Allā</em> h (t) die Macht hat, die Toten wieder zum Leben zu erwecken. (ÜB) (vgl. 7:57; 8:11; 24:45; 27:63; 30:46, 51 und die Anmerkung dazu). Hätten Wir es gewollt, hätten Wir gewiss in jeder Stadt einen Warner erwecken können. (25:51) So gehorche nicht den Ungläubigen, sondern eifere mit ihm (dem Qur’<em>ā</em> n) in großem Eifer gegen sie. (25:52) Und Er ist es, Der den beiden Gewässern freien Lauf gelassen hat zu fließen - das eine (ist) wohlschmeckend, süß, und das andere salzig, bitter; und zwischen ihnen hat Er eine Scheidewand und eine sichere Schranke gemacht (25:53), und Er ist es, Der den Menschen aus Wasser erschaffen hat und ihm Blutsverwandtschaft und Schwägerschaft gab; und Allmächtig ist dein Herr. (25:54)</p>",
    "timestamp": "2025-12-20T14:27:52.303336+00:00",
    "version": "1.0",
    "copyright": {
      "author": "Muhammad Ibn Ahmad Ibn Rassoul",
      "publisher": "IB Verlag Islamische Bibliothek",
      "edition": "41. Auflage",
      "title": "Tafsīr Al-Qur'ān Al-Karīm"
    }
  },
  {
    "key": "de_tafsir-al-azhar",
    "verse_key": "25:51",
    "verses": [
      "25:51"
    ],
    "text": "<p>Wenn <em>Allā</em> h (t) einen Warner für jede Stadt geschickt hätte, so wäre die Mühe verteilt und somit die Aufgabe erleichtert worden. Aber <em>Allā</em> h schickte nur einen Propheten mit der Aufgabe, alle Menschen zu warnen, damit die letzte Botschaft vereinheitlicht wurde. (ÜB)</p>",
    "timestamp": "2025-12-20T14:27:52.303336+00:00",
    "version": "1.0",
    "copyright": {
      "author": "Muhammad Ibn Ahmad Ibn Rassoul",
      "publisher": "IB Verlag Islamische Bibliothek",
      "edition": "41. Auflage",
      "title": "Tafsīr Al-Qur'ān Al-Karīm"
    }
  },
  {
    "key": "de_tafsir-al-azhar",
    "verse_key": "25:52",
    "verses": [
      "25:52"
    ],
    "text": "<p>Im Qur’<em>ā</em> n liegt eine tiefe Einflussnahme, die die Herzen der <em>Banū</em> Quraiš erzittern und ihre Seelen erbeben ließ. Deshalb sagten sie ihrem Volk: Hört nicht auf diesen Qur’<em>ā</em> n und übertönt ihm, damit ihr den Sieg davontragt. (ÜB)</p>",
    "timestamp": "2025-12-20T14:27:52.303336+00:00",
    "version": "1.0",
    "copyright": {
      "author": "Muhammad Ibn Ahmad Ibn Rassoul",
      "publisher": "IB Verlag Islamische Bibliothek",
      "edition": "41. Auflage",
      "title": "Tafsīr Al-Qur'ān Al-Karīm"
    }
  },
  {
    "key": "de_tafsir-al-azhar",
    "verse_key": "25:53",
    "verses": [
      "25:53"
    ],
    "text": "<p>Vielerorts ist festzustellen, dass Süßwasser und Salzwasser auf dem Land und im Meer nebeneinander existieren. Der türkische Admiral Syedi Ali Ra'is erwähnte in seinem Buch eine</p>\n<p><em>Tafsīr</em> Al-Qur’<em>ān</em> <em>Al-Karīm</em> Stelle im Persischen Golf, wo mitten im salzigen Meereswasser Süßwasserquellen sind, denen er Trinkwasser fir seine Flotte entnehmen konnte. Aus denselben Quellen schöpfte die American Oil Company, bevor sie zur Trinkwasserversorgung in der Nähe von Dahran Brunnen bohren konnte. (ÜB) (vgl. 11:37; 18:60; 21:30; 23:99-100; 24:45; 25:53; 27:61; 35:12; 42:32-34; 55:19; 77:25-26 und die Anmerkung dazu).</p>",
    "timestamp": "2025-12-20T14:27:52.303336+00:00",
    "version": "1.0",
    "copyright": {
      "author": "Muhammad Ibn Ahmad Ibn Rassoul",
      "publisher": "IB Verlag Islamische Bibliothek",
      "edition": "41. Auflage",
      "title": "Tafsīr Al-Qur'ān Al-Karīm"
    }
  },
  {
    "key": "de_tafsir-al-azhar",
    "verse_key": "25:54",
    "verses": [
      "25:54"
    ],
    "text": "<p>Während <em>Allā</em> h (t) für die beiden Arten von Gewässern (süß und salzig) bestimmt hat, dass sie sich nicht mit einander mischen (vgl. oben 25:53), lässt Er zu, dass Mann und Frau sich durch Heirat - ohne Schranke und Scheidewand - mischen und von den beiden eine Verwandtschaftsbande entsteht, obwohl beide aus Wasser erschaffen sind. D.h., dass alle Schöpfungsarten vom Willen des Schöpfers abhängig sind, auch dann, wenn die Grundsubstanz <strong>\"Wasser\"</strong> diesselbe ist. (vgl. 11:37; 18:60; 21:30; 23:99-100; 24:45; 25:53; 27:61; 35:12; 42:32- 34; 55:19; 77:25-26 und die Anmerkung dazu). Dennoch verehren sie statt <em>Allāh</em> das, was ihnen weder nützen noch schaden kann. Der Ungläubige ist ein Helfer gegen seinen Herrn. (25:55) Und Wir haben dich nur als Bringer froher Botschaft und als Warner gesandt. (25:56) Sprich: ”Ich verlange von euch keinen Lohn dafür, nur (das eine:) dass jeder, der will, den Weg zu seinem Herrn einschlage.“ (25:57) Und vertraue auf den Ewiglebenden, Der nicht stirbt, und preise Seine Lobenswürdigkeit. Es genügt, dass Er gegenüber den Sünden Seiner Diener Wohlwissend ist. (25:58) Er, Der die Himmel und die Erde und das, was zwischen beiden ist, in sechs Tagen erschuf, wandte Sich alsdann Seinem Reich zu. Der Allerbarmer: Befrage über Ihn einen, der Kenntnis (von Ihm) hat. (25:59) Und wenn zu ihnen gesprochen wird: ”Fallt vor dem Allerbarmer in Anbetung nieder!“, sagen sie: ”Und was ist der Allerbarmer? Sollen wir vor irgendetwas in Anbetung niederfallen, nur weil du es uns befiehlst?“ Und es verstärkt nur ihren Widerwillen. (25:60)</p>",
    "timestamp": "2025-12-20T14:27:52.303336+00:00",
    "version": "1.0",
    "copyright": {
      "author": "Muhammad Ibn Ahmad Ibn Rassoul",
      "publisher": "IB Verlag Islamische Bibliothek",
      "edition": "41. Auflage",
      "title": "Tafsīr Al-Qur'ān Al-Karīm"
    }
  },
  {
    "key": "de_tafsir-al-azhar",
    "verse_key": "25:55",
    "verses": [
      "25:55"
    ],
    "text": "<p>D.h.: Sind die aufgeführten Zeichen und Beispiele (vgl. oben 25:53, 54) nicht überzeugend genug, dass die Menschen <em>Allā</em> h (t), den Einzigen Gott, allein verehren?</p>",
    "timestamp": "2025-12-20T14:27:52.303336+00:00",
    "version": "1.0",
    "copyright": {
      "author": "Muhammad Ibn Ahmad Ibn Rassoul",
      "publisher": "IB Verlag Islamische Bibliothek",
      "edition": "41. Auflage",
      "title": "Tafsīr Al-Qur'ān Al-Karīm"
    }
  },
  {
    "key": "de_tafsir-al-azhar",
    "verse_key": "25:56",
    "verses": [
      "25:56"
    ],
    "text": "<p>Manchmal wird irrtümlich aus dem Wortlaut des Verses die Schlussfolgerung gezogen, es sei die einzige Pflicht eines Propheten, seine Botschaft zu verkünden. Dabei vergisst man, dass der Qur’<em>ā</em> n selbst immer wieder betont, dass der Prophet nicht nur ein Verkünder froher Botschaft und ein Warner ist, sondern auch ein Lehrer, Gesetzgeber, Richter und Führer der Menschen, der ihr Verhalten läutert und ein Vorbild für sie ist. (ÜB)</p>",
    "timestamp": "2025-12-20T14:27:52.303336+00:00",
    "version": "1.0",
    "copyright": {
      "author": "Muhammad Ibn Ahmad Ibn Rassoul",
      "publisher": "IB Verlag Islamische Bibliothek",
      "edition": "41. Auflage",
      "title": "Tafsīr Al-Qur'ān Al-Karīm"
    }
  },
  {
    "key": "de_tafsir-al-azhar",
    "verse_key": "25:57",
    "verses": [
      "25:57"
    ],
    "text": "<p>Unser Prophet (a.s.s.) verlangte weder Geld noch irgendwelche irdischen Vorteile von denen, die den Islam annahmen. Nach diesem Vorbild soll jeder Muslim, der zum Islam auffordert, sich genauso verhalten. Die gelehrten gehen davon aus, dass es keine Sünde ist, wenn ein Muslim seinen Lebensunterhalt als Lehrer gegen Entgeld arbeitet. (vgl. 23:72-74; 34:47 und die Anmerkung dazu).</p>",
    "timestamp": "2025-12-20T14:27:52.303336+00:00",
    "version": "1.0",
    "copyright": {
      "author": "Muhammad Ibn Ahmad Ibn Rassoul",
      "publisher": "IB Verlag Islamische Bibliothek",
      "edition": "41. Auflage",
      "title": "Tafsīr Al-Qur'ān Al-Karīm"
    }
  },
  {
    "key": "de_tafsir-al-azhar",
    "verse_key": "25:58",
    "verses": [
      "25:58"
    ],
    "text": "<p>D.h.: Vertraue nicht auf sterbliche und vergängliche Gottheiten, sondern auf <strong>\"den Ewiglebenden, Der nicht stirbt\"</strong> und des Lobes würdig ist. Du sollst Seine Erhabenheit über das verkünden, was die Götzendiener Ihm zuzuschreiben versuchen.</p>\n<p><em>Tafsīr</em> Al-Qur’<em>ān</em> <em>Al-Karīm</em></p>",
    "timestamp": "2025-12-20T14:27:52.303336+00:00",
    "version": "1.0",
    "copyright": {
      "author": "Muhammad Ibn Ahmad Ibn Rassoul",
      "publisher": "IB Verlag Islamische Bibliothek",
      "edition": "41. Auflage",
      "title": "Tafsīr Al-Qur'ān Al-Karīm"
    }
  },
  {
    "key": "de_tafsir-al-azhar",
    "verse_key": "25:59",
    "verses": [
      "25:59"
    ],
    "text": "<p>Sind die <strong>\"Tage\"</strong>, in denen <em>Allā</em> h (t) Himmel und Erde erschuf, identisch mit unserer irdischen Zeitrechnung, die aus der Rotation der Erde und des Sonnensystems entstanden ist? (vgl. 7:54; 10:3 und die Anmerkung dazu).</p>",
    "timestamp": "2025-12-20T14:27:52.303336+00:00",
    "version": "1.0",
    "copyright": {
      "author": "Muhammad Ibn Ahmad Ibn Rassoul",
      "publisher": "IB Verlag Islamische Bibliothek",
      "edition": "41. Auflage",
      "title": "Tafsīr Al-Qur'ān Al-Karīm"
    }
  },
  {
    "key": "de_tafsir-al-azhar",
    "verse_key": "24:62",
    "verses": [
      "24:62"
    ],
    "text": "<p>Hier folgen abschließende Anweisungen, die die Disziplin der muslimischen Gemeinschaft verstärken sollen, so dass sie besser organisiert ist. Auch dies ist eine gute Sitte, in der <em>Allā</em> h (t) Seine gläubigen Diener unterweist. Wie Er ihnen zuvor geboten hat, beim Eintreten um Einlass zu bitten, so befiehlt Er ihnen auch, beim Aufbruch um Erlaubnis zu bitten, insbesondere, wenn sie sich zusammen mit dem Propheten in einer Versammlung, wie Freitagsgebet, gemeinschaftlichem Fest oder in einer Ratsversammlung befanden. Sie dürfen die Versammlung nicht verlassen, bevor sie seine Einwilligung, seinen Rat eingeholt haben. Diese Verse beinhalten die inneren und äußeren organisatorischen Regeln zwischen der Gemeinschaft und ihrem Führer. In den gemeinschaftlich wichtigen Sachen, in denen die Teilnahme aller erforderlich ist, wie Entscheidungen, im Kriegsfall oder wenn es sich um Tätigkeiten für das Allgemeinwohl handelt. Das Personalpronomen <strong>\"bei ihm\"</strong> bezieht sich auf den Propheten und analog dazu auf jeden legitimen Führer (<em>Imā</em> m) der muslimischen Gemeinschaft, der in Übereinstimmung mit dem Qur’<em>ā</em> n und dem Lebensbeispiel des Propheten (a.s.s.) handelt. (ÜB) (vgl. unten 24:62-64 und die Anmerkung dazu). Erachtet nicht den Ruf des Gesandten unter euch als dem Ruf des einen oder anderen von euch gleichrangig. <em>Allāh</em> kennt diejenigen unter euch, die sich hinwegstehlen, indem sie sich verstecken. So mögen sich die, die sich seinem Befehl widersetzen, (davor) hüten, dass sie nicht Drangsal befalle oder eine schmerzliche Strafe treffe. (24:63) Ist es nicht so, dass <em>Allāhs</em> ist, was in den Himmeln und auf der Erde ist? Er kennt euren Zustand wohl. Und an dem Tage, wo sie zu Ihm zurückgebracht werden, da wird Er ihnen verkünden, was sie getan haben! Und <em>Allāh</em> weiß alle Dinge wohl. (24:64) 24:62-64 – Mit diesen letzten Versen endet diese sgensreiche Sura für die Gläubigen. Die <em>Banū</em> Quraiš freuten sich über die Worte der Juden, nahmen eilfertig den Gedanken vom Krieg gegen <em>Muḥammad</em> (a.s.s.), wozu die Juden sie aufgefordert hatten, an, sammelten sich und trafen ihre Absprachen. Um diesen Versblock richtig zu verstehen, müssen wir uns mit der Geschichte der Grabenschlacht (Ġazwatu-l-Ḫandaq) befassen (vgl. 4:51-55; ferner den Titel: \"<em>Muḥammad</em>,</p>\n<p><em>Tafsīr</em> Al-Qur’<em>ān</em> <em>Al-Karīm</em> Prophet der Barmherzigkeit\", Islamische Bibliothek). Ende der Sura 24 (25) Sura <em>Al-Furqā</em> n (Die Unterscheidung) (offenbart zu Makka) 77 <em>Ā</em> y <em>ā</em> t Dies ist eine frühe makkanische Sura. Sie behandelt den Unterschied zwischen Licht und Finsternis, zeigt auch den Unterschied zwischen Wissen und Unwissen, rechtem Handeln und Frevelhaftigkeit, geistigem Fortschritt und Verminderung der moralischen Werte. Schließlich erklärt sie die Taten, durch welche gute Menschen in dieser Welt erkannt werden können. Eines der größten Gaben <em>Allāhs</em> an die Menschen ist der Qur’<em>ān</em>, welcher das Kriterium ist, nach dem wir über das Richtige und das Falsche entscheiden können, zwischen Anbetung von falschen Göttern neben <em>Allāh</em> und der wahren Anbetung <em>Allāhs</em>, des Schöpfers von Himmel und Erde, zwischen <em>Allāhs</em> wahrer Botschaft und den falschen Beschuldigungen durch die Ungläubigen, zwischen der wirklichen Belohnung, die die Guten erwarten, verglichen mit den Freuden dieses kurzen Lebens. Alle Propheten sind Menschen, die wie gewöhnliche Menschen lebten und die anderen auf den Rechten Pfad leiteten. Die Ungläubigen bringen zwei Fragen vor, die auch zwei Gründe nennen, warum sie den Islam nicht annehmen. Diese sind: Warum werden die Engel nicht zu uns herabgesandt? D.h. mit <em>Allāhs</em> Botschaft warum soll ein gewöhnlicher Mann auserwählt sein? Und warum sehen wir unseren Herrn nicht? <em>Allāh</em> (t) erwidert, dass am Tage des Jüngsten Gerichts ist es möglich, die Engel zu sehen, doch für die Frevler wird es keine Freude geben. Die Schuldigen werden zwar die Wahrheit erkennen, aber nur, wenn es zu spät ist. Zu diesem Zeitpunkt wird <em>Allāhs</em> Strafe über sie kommen. An diesem Tag wird der Prophet gegen seine eigenen Leute Zeugnis ablegen, indem er sagen wird: O mein Herr! Wahrhaftig, meine Leute hielten den Qur’<em>ān</em> nur für ein leeres Gerede. Der Qur’<em>ān</em> wurde in Abschnitten offenbart, um spezielle Anliegen der Menschen zu behandeln, die im Laufe der Zeit in Abständen auftraten. Die Leute des Pharao, ebenso wie die Leute von Noah, die ‘<em>Ād</em>, die Ṯamūd, die Gefährten des Brunnens und andere gingen zugrunde, weil sie frevelhaft waren. Diejenigen, die den Propheten verspotten, sind ebenso ihrem Verhängnis gewiss. Die Zeichen <em>Allāhs</em> sind überall: zwischen dem Wechsel von Sonne und Schatten, Tag und Nacht, Leben und Tod, und Wind und Regen, zu erkennen. Die Rechtschaffenen schätzen <em>Allāhs</em> Fürsorge um die Menschen, indem sie Seine Schöpfung studieren; sie verhalten sich demütig, grüßen jeden, beten nachts nur <em>Allāh</em> (t) an und bitten Ihn um Vergebung; sie geben von ihrem Besitz aus und sind dabei nicht verschwenderich; sie töten nicht und begehen keine Unzucht. Im Namen <em>Allāhs</em>, des Allerbarmers, des Barmherzigen! Voller Segen ist Er, Der die Unterscheidung zu Seinem Diener herabgesandt hat, auf dass er ein Warner für die Welten sei. (25:1) Er (ist es), Dessen das Königreich der Himmel und der Erde ist, Der Sich keinen Sohn genommen hat und Der keinen Partner im Königreich hat und Der jegliches Ding erschaffen und ihm das rechte Maß gegeben hat. (25:2)</p>\n<p><em>Tafsīr</em> Al-Qur’<em>ān</em> <em>Al-Karīm</em></p>",
    "timestamp": "2025-12-20T14:27:52.303336+00:00",
    "version": "1.0",
    "copyright": {
      "author": "Muhammad Ibn Ahmad Ibn Rassoul",
      "publisher": "IB Verlag Islamische Bibliothek",
      "edition": "41. Auflage",
      "title": "Tafsīr Al-Qur'ān Al-Karīm"
    }
  }
]