[
  {
    "key": "de_tafsir-al-azhar",
    "verse_key": "79:14",
    "verses": [
      "79:14"
    ],
    "text": "<h2>Sura An-Nā zi‘ā t (Die Entreißenden)</h2>\n<p><em>(offenbart zu Makka)</em></p>\n<p><em>0 Āyāt</em></p>\n<p>(offenbart zu Makka) 46 <em>Ā</em> y <em>ā</em> t Das Böse kann nicht lange andauern. <em>Allā</em> hs Engel sind jederzeit bereit, die Ungläubigen auf <em>Allā</em> hs Geheiß zu tilgen. Denke an die Geschichte des überheblichen Pharaos, der den Anspruch erhob, er sei der Menschen Höchster Herr. Er lehnte <em>Allā</em> hs Botschaft ab und ging durch <em>Allā</em> hs Strafe zugrunde. So werden alle überheblichen Ablehner am Tgae des Jüngsten Gerichts erniedrigt. Schaue auf <em>Allā</em> hs Schöpfung und nehme Seine Botschaft an. Im Namen <em>Allāhs</em>, des Allerbarmers, des Barmherzigen! Bei den (Engeln, die die Seelen der Ungläubigen) heftig entreißen (79:1); und bei denen, (die die Seelen der Gläubigen) leicht emporheben (79:2); und bei denen, (die auf Geheiß <em>Allāhs</em> zwischen Himmel und Erde) einher schweben (79:3); dann bei denen, (die mit den Seelen der Gläubigen ins Paradies) eifrig voraneilen (79:4); dann bei denen, die jegliche Angelegenheit (des irdischen Lebens) lenken! (79:5) Eines Tages wird die Dröhnende dröhnen (79:6), gefolgt von der Darauffolgenden. (79:7) Herzen werden an jenem Tage zittern (79:8), und ihre Augen werden niedergeschlagen sein. (79:9) Sie sagen: ”Sollen wir wirklich in unseren früheren Zustand zurückgebracht werden? (79:10) Wie? Selbst wenn wir verwestes Gebein geworden sind?“ (79:11) Sie sagen: ”Das wäre dann eine verlustreiche Wiederkehr.“ (79:12) Es wird nur ein einziger Schreckenslaut sein (79:13), und siehe, sie sind dann auf der Erdoberfläche. (79:14) 79:1-5 - Es handelt sich um einen Schwur <em>Allā</em> hs, der Ihm allein zusteht. Es handelt sich hier um eine Szene am Todeszeitpunkt, die jedem Menschen bevorsteht. Die Entreißenden, nach denen diese Sura genannt ist, sind die Engel, die die Seelen der Ungläubigen heftig entreißen, und unsanft mit ihnen umgehen, weil diese sich mit ihrem Schöpfer verfeindet haben. Dagegen gehen sie behutsam um mit den Seelen der Gläubigen, denen ein herrlicher Lohn im Paradies erwartet. Diese Behandlungsart zeigt im Voraus das Schicksal des Einzelnen. 79:6-10 - Der Tag des Weltuntergangs wird bestimmt folgen. An ihm wird alles durch unaufhörliche dröhnende Erschütterungen - eine nach der anderen - heftig gerüttelt. Bei einer solchen Szene werden die Herzen aller Menschen unruhig und vor dieser Gewalt erbeben. Die Blicke der Schuldigen werden vor Scham, Demütigung und Furcht zu Boden gerichtet sein. (ÜB)</p>\n<p><em>Tafsīr</em> Al-Qur’<em>ān</em> <em>Al-Karīm</em> 79:11-13 - Dies sagen die Ungläubigen voll beißendem Spott. Aber es wird tatsächlich eine Rechenschaft abzulegen und für sie wird das ein furchtbarer Verlust sein; denn sie werden dem Verderben anheimfallen. Mit einer Wiederkehr haben sie nicht gerechnet und sich in keiner Weise darauf vorbereitet. (ÜB)</p>\n<p>Das Jüngste Gericht wird durch einen großen Schreckenslaut, dem niemand standzuhalten vermag, eingeleitet werden. Davor waren die Menschen gleichsam wie im Schlaf. Wenn die Auferstehung kommt, werden sie hellwach in der dann entstandenen neuen Welt versammelt, während Erde und Himmel in ihrer früheren Form vergangen sein werden. (ÜB) Ist die Geschichte von Moses zu dir gedrungen? (79:15) Damals rief ihn sein Herr im heiligen Tal W <em>ā</em> di <em>Ṭ</em> <em>uwā</em> (79:16): ”Geh hin zu Pharao; denn er hat das Maß überschritten. (79:17) Sprich dann (zu ihm): »Willst du dich nicht reinigen? (79:18) Und ich werde dich zu deinem Herrn führen, auf dass du dich fürchten mögest!«“ (79:19) So zeigte er ihm das große Wunder. (79:20) Er aber leugnete und blieb ungehorsam. (79:21) Dann kehrte er den Rücken und lief weg (79:22), versammelte alsdann (sein Volk) und rief aus (79:23), indem er sagte: ”Ich bin euer höchster Herr.“ (79:24) Da erfasste ihn <em>Allāh</em> zur Strafe für jene und diese Tat. (79:25) Hierin ist wahrlich eine Lehre für den, der fürchtet. (79:26)</p>",
    "timestamp": "2025-12-20T14:27:52.303336+00:00",
    "version": "1.0",
    "copyright": {
      "author": "Muhammad Ibn Ahmad Ibn Rassoul",
      "publisher": "IB Verlag Islamische Bibliothek",
      "edition": "41. Auflage",
      "title": "Tafsīr Al-Qur'ān Al-Karīm"
    }
  },
  {
    "key": "de_tafsir-al-azhar",
    "verse_key": "79:15",
    "verses": [
      "79:15"
    ],
    "text": "<p>Die Frage ist sowohl an unseren Propheten (a.s.s.) als auch an alle Menschen zu allen Orten und Zeiten gestellt. (vgl. 6:131; 10:9-79; 20:9-10, 17-21, 22-35; 28:38-42; 79:17 und die Anmerkung dazu). Seid ihr denn schwerer zu erschaffen oder der Himmel, den Er gebaut hat? (79:27) Er hat seine Höhe gehoben und ihn dann vollkommen gemacht. (79:28) Und Er machte seine Nacht finster und ließ sein Tageslicht hervorgehen. (79:29) Und Er breitete hernach die Erde aus. (79:30) Aus ihr brachte Er ihr Wasser und ihr Weideland hervor. (79:31) Und Er festigte die Berge (79:32); (dies alles) als eine Versorgung für euch und für euer Vieh. (79:33)</p>",
    "timestamp": "2025-12-20T14:27:52.303336+00:00",
    "version": "1.0",
    "copyright": {
      "author": "Muhammad Ibn Ahmad Ibn Rassoul",
      "publisher": "IB Verlag Islamische Bibliothek",
      "edition": "41. Auflage",
      "title": "Tafsīr Al-Qur'ān Al-Karīm"
    }
  },
  {
    "key": "de_tafsir-al-azhar",
    "verse_key": "79:27",
    "verses": [
      "79:27"
    ],
    "text": "<p>Die Frage ist an alle Menschen zu allen Orten und Zeiten gestellt (vgl. dazu 40:56-57).</p>",
    "timestamp": "2025-12-20T14:27:52.303336+00:00",
    "version": "1.0",
    "copyright": {
      "author": "Muhammad Ibn Ahmad Ibn Rassoul",
      "publisher": "IB Verlag Islamische Bibliothek",
      "edition": "41. Auflage",
      "title": "Tafsīr Al-Qur'ān Al-Karīm"
    }
  },
  {
    "key": "de_tafsir-al-azhar",
    "verse_key": "79:28",
    "verses": [
      "79:28"
    ],
    "text": "<p><em>Allā</em> h (t) ist Der, Der den Himmel in vollkommener Weise erschuf, seine Höhe bestimmte und als festen Bau gemacht, unter dem wir uns sicher fühlen.</p>",
    "timestamp": "2025-12-20T14:27:52.303336+00:00",
    "version": "1.0",
    "copyright": {
      "author": "Muhammad Ibn Ahmad Ibn Rassoul",
      "publisher": "IB Verlag Islamische Bibliothek",
      "edition": "41. Auflage",
      "title": "Tafsīr Al-Qur'ān Al-Karīm"
    }
  },
  {
    "key": "de_tafsir-al-azhar",
    "verse_key": "79:29",
    "verses": [
      "79:29"
    ],
    "text": "<p>Die Aufeinanderfolge von der nächtlichen Finsternis und dem Licht des Morgens ist eine Naturerscheinung, die wir alle kennen, doch übersehen wir sie oft, weil wir schon so sehr daran gewöhnt sind. Der Qur’<em>ā</em> n erinnert uns hier daran, dass es sich dabei doch stets wieder um ein ganz neues Ereignis handelt, das sich zwar täglich wiederholt und auch dieselben Auswirkungen mit sich bringt, uns aber in seiner Präzision gerade heutzutage bei unseren ständig anwachsenden wissenschaftlichen Erkenntnissen immer wieder in Erstaunen versetzt und uns Bewunderung abverlangt. (ÜB) 79:30-33 - Der Planet Erde selbst blickt auf eine lange Geschichte zurück. An der Erforschung der Erdgeschichte und der Entwicklung des Lebens auf der Erde sind die Astronomie, die Geologie, die Paläontologie, die Biologie in umfassendem Sinne und andere wissenschaftliche Disziplinen beteiligt. Die Kugelgestalt der Erde ist bereits Pythagoras (580-496 v.u.Z.) bekannt. Infolge der</p>\n<p><em>Tafsīr</em> Al-Qur’<em>ān</em> <em>Al-Karīm</em> Abplattung an den Polen ist die Erde als Rotationsellipsoid zu bezeichnen. Genaue Vermessungen ergeben für die Abplattung das Verhältnis 1:298,3. Für den Durchmesser des Äquators 12756,490km; für den Durchmesser zwischeu den Polen 12713,726 km; für den Umfang am Äquator 40076,600 km. Die Erdoberfläche beträgt 510100933,5 km2 , davon sind 149 Mill. km2 (29%) Festland, 361 Mill. km2 (71%) Wasserfläche. Das Erdvolumen erreicht 1083119780000 km3 . Die Masse der Erde wird auf 5,98 Quadrillionen kg errechnet. Die Dichte der Gesteinshülle beträgt 2,7 g/cm3 , während die mittlere Dichte, bezogen auf die Masse des Rauminhaltes der Erde, mit 5,517 g/cm3 angegeben wird. Man unterscheidet das Sternzeitalter und das geologische Zeitalter der Erde. Über die Entstehung der Erde, die sich um die Sonne als drittnächster Planet in einer Ellipsenbahn in 365 Tagen 5 Stunden 48 Minuten 46 Sekunden bewegt, gibt es verschiedene Hypothesen. (WGD) Doch wenn das größte Unheil kommt (79:34) an jenem Tag, da der Mensch sich (all) das ins Gedächtnis zurückrufen wird, was er erstrebt hat (79:35), und die <em>Al-Ǧ</em> a <em>ḥīm</em> vor Augen gestellt wird für den, der sieht. (79:36) Was aber denjenigen angeht, der aufsässig war (79:37) und das irdische Leben vorzog (79:38), so wird wahrlich die <em>Al-Ǧ</em> a <em>ḥīm</em> (seine) Herberge sein. (79:39) Wer aber das Stehen vor seinem Herrn gefürchtet hatte und die eigene Seele von niedrem Gelüst abhielt (79:40) - so wird das Paradies sicherlich (seine) Herberge sein. (79:41) Sie befragen dich wegen der Stunde: ”Wann wird ihr Termin wohl sein?“ (79:42) Was weißt du von ihr zu sagen! (79:43) Das endgültige Wissen darum ist allein deinem Herrn (vorbehalten). (79:44) Du bist nur ein Warner für den, der sie fürchtet. (79:45) An jenem Tage, an dem sie sie schauen, werden sie meinen, sie hätten (auf der Erde) nicht länger geweilt als einen Abend oder den Morgen darauf. (79:46) 79:34-35 - Das größte Unheil ist der Weltuntergang, an dem wir alles verlieren und nichts mehr retten können. Das angeblich herrliche Leben auf Erden wird nur im Gedächtnis haftend bleiben. Der Mensch wird sich dann all dessen erinnern, wenn ihm diese Erinnerung nichts als Kummer und Leid bringt, weil er nun begreift, welches schreckliche Ende ihm bevorsteht. (ÜB) 79:36-41 - Wenn das Höllenfeuer, die <em>Al-Ǧ</em> a <em>ḥīm</em>, vor Augen geführt wird - das ist eine besonders eindrucksvolle Beschreibung, durch die das Ereignis so lebendig wird, dass wir es schon jetzt unmittelbar vor uns zu sehen meinen. (ÜB) 79:42-45 - Die Rede ist an unseren Propheten (a.s.s.) gerichtet, der vom Verborgenen keine Kenntnis besitzt. <em>Allā</em> h (t) Selbst ist der Herr über alles, was mit der <strong>\"Stunde\"</strong> zusammenhängt.</p>",
    "timestamp": "2025-12-20T14:27:52.303336+00:00",
    "version": "1.0",
    "copyright": {
      "author": "Muhammad Ibn Ahmad Ibn Rassoul",
      "publisher": "IB Verlag Islamische Bibliothek",
      "edition": "41. Auflage",
      "title": "Tafsīr Al-Qur'ān Al-Karīm"
    }
  },
  {
    "key": "de_tafsir-al-azhar",
    "verse_key": "78:38",
    "verses": [
      "78:38"
    ],
    "text": "<p>Der Engel Gabriel und mit ihm die anderen Engel werden am Tage des Jüngsten Gerichts in Reihen da stehen. Es herrscht dann Stille und Respekt vor einer gewaltigen Szene, an der das Reden und Argumentieren nicht mehr gestattet sein wird; es sei denn <em>Allā</em> h (t) erlaubt es. 78:39-40 - Diese Ermahnung in diesem Versblock am Ende dieser herzergreifenden Sura beweist</p>\n<p><em>Tafsīr</em> Al-Qur’<em>ān</em> <em>Al-Karīm</em> den Charakter der göttlichen Offenbarung als Warnung und frohe Botschaft, die der Bramherzigkeit unseres Erhabenen Schöpfers entspringen. Darum sollten wir uns Menschen <em>Allā</em> h (t) in Reue zuwenden und um Seine Vergebung bitten, und zwar bevor es zu spät ist; denn der Tod kann uns zu jedem Zeitpunkt ereilen. Gepriesen sei <em>Allā</em> h, Der Ewige Gott. (vgl. dazu 70:4). Ende der Sura 78 (79) Sura <em>An-Nā</em> zi‘<em>ā</em> t (Die Entreißenden) (offenbart zu Makka) 46 <em>Ā</em> y <em>ā</em> t Das Böse kann nicht lange andauern. <em>Allā</em> hs Engel sind jederzeit bereit, die Ungläubigen auf <em>Allā</em> hs Geheiß zu tilgen. Denke an die Geschichte des überheblichen Pharaos, der den Anspruch erhob, er sei der Menschen Höchster Herr. Er lehnte <em>Allā</em> hs Botschaft ab und ging durch <em>Allā</em> hs Strafe zugrunde. So werden alle überheblichen Ablehner am Tgae des Jüngsten Gerichts erniedrigt. Schaue auf <em>Allā</em> hs Schöpfung und nehme Seine Botschaft an. Im Namen <em>Allāhs</em>, des Allerbarmers, des Barmherzigen! Bei den (Engeln, die die Seelen der Ungläubigen) heftig entreißen (79:1); und bei denen, (die die Seelen der Gläubigen) leicht emporheben (79:2); und bei denen, (die auf Geheiß <em>Allāhs</em> zwischen Himmel und Erde) einher schweben (79:3); dann bei denen, (die mit den Seelen der Gläubigen ins Paradies) eifrig voraneilen (79:4); dann bei denen, die jegliche Angelegenheit (des irdischen Lebens) lenken! (79:5) Eines Tages wird die Dröhnende dröhnen (79:6), gefolgt von der Darauffolgenden. (79:7) Herzen werden an jenem Tage zittern (79:8), und ihre Augen werden niedergeschlagen sein. (79:9) Sie sagen: ”Sollen wir wirklich in unseren früheren Zustand zurückgebracht werden? (79:10) Wie? Selbst wenn wir verwestes Gebein geworden sind?“ (79:11) Sie sagen: ”Das wäre dann eine verlustreiche Wiederkehr.“ (79:12) Es wird nur ein einziger Schreckenslaut sein (79:13), und siehe, sie sind dann auf der Erdoberfläche. (79:14) 79:1-5 - Es handelt sich um einen Schwur <em>Allā</em> hs, der Ihm allein zusteht. Es handelt sich hier um eine Szene am Todeszeitpunkt, die jedem Menschen bevorsteht. Die Entreißenden, nach denen diese Sura genannt ist, sind die Engel, die die Seelen der Ungläubigen heftig entreißen, und unsanft mit ihnen umgehen, weil diese sich mit ihrem Schöpfer verfeindet haben. Dagegen gehen sie behutsam um mit den Seelen der Gläubigen, denen ein herrlicher Lohn im Paradies erwartet. Diese Behandlungsart zeigt im Voraus das Schicksal des Einzelnen. 79:6-10 - Der Tag des Weltuntergangs wird bestimmt folgen. An ihm wird alles durch unaufhörliche dröhnende Erschütterungen - eine nach der anderen - heftig gerüttelt. Bei einer solchen Szene werden die Herzen aller Menschen unruhig und vor dieser Gewalt erbeben. Die Blicke der Schuldigen werden vor Scham, Demütigung und Furcht zu Boden gerichtet sein. (ÜB)</p>\n<p><em>Tafsīr</em> Al-Qur’<em>ān</em> <em>Al-Karīm</em> 79:11-13 - Dies sagen die Ungläubigen voll beißendem Spott. Aber es wird tatsächlich eine Rechenschaft abzulegen und für sie wird das ein furchtbarer Verlust sein; denn sie werden dem Verderben anheimfallen. Mit einer Wiederkehr haben sie nicht gerechnet und sich in keiner Weise darauf vorbereitet. (ÜB)</p>",
    "timestamp": "2025-12-20T14:27:52.303336+00:00",
    "version": "1.0",
    "copyright": {
      "author": "Muhammad Ibn Ahmad Ibn Rassoul",
      "publisher": "IB Verlag Islamische Bibliothek",
      "edition": "41. Auflage",
      "title": "Tafsīr Al-Qur'ān Al-Karīm"
    }
  }
]