[
  {
    "key": "de_tafsir-al-azhar",
    "verse_key": "66:1",
    "verses": [
      "66:1"
    ],
    "text": "<h2>Sura At-Taḥ r ī m (Das Verbot)</h2>\n<p><em>(offenbart zu Unknown)</em></p>\n<p><em>0 Āyāt</em></p>\n<p>(offenbart zu <em>Al-Madī</em> na) 12 <em>Ā</em> y <em>ā</em> t Die Schwächen des schwächeren Geschlechts müssen die Menschen nicht vom gesellschaftlichen Leben abhalten. Harmonie und Vertrauen müssen gelehrt und praktiziert werden, und wenn du versagst, bereue und bessere dich. Der gute Mann sucht gutes für sich und seine Familie. <em>Allā</em> h (t) wird die tugendhaften belohnen, selbst wenn sie notgedrungen mit gottlosen Leuten leben müssen, z.B. die Frau Pharaos und Maria (a.s.). Das Gegenteil gilt im Falle der Missetäter, z.B. die Frau Noahs und die Frau Lots.</p>\n<p><em>Tafsīr</em> Al-Qur’<em>ān</em> <em>Al-Karīm</em> Im Namen <em>Allāhs</em>, des Allerbarmers, des Barmherzigen! O Prophet! Warum verbietest du das, was <em>Allāh</em> dir erlaubt hat, um nach der Zufriedenheit deiner Frauen zu trachten? Und <em>Allāh</em> ist Allvergebend, Barmherzig. (66:1) Wahrlich, <em>Allāh</em> hat für euch die Lösung eurer Eide angeordnet, und <em>Allāh</em> ist euer Beschützer; und Er ist der Allwissende, der Allweise. (66:2) Und als der Prophet sich zu einer seiner Frauen im Vertrauen geäußert hatte und sie es dann kundtat und <em>Allāh</em> ihm davon Kenntnis gab, da ließ er (sie) einen Teil davon wissen und verschwieg einen Teil. Und als er es ihr vorhielt, da sagte sie: ”Wer hat dich davon unterrichtet?“ Er sagte: ”Unterrichtet hat mich der Allwissende, der Allkundige.“ (66:3) Wenn ihr beide (Frauen des Propheten) euch <em>Allāh</em> reumütig zuwendet, so sind eure Herzen bereits (dazu) geneigt. Doch wenn ihr euch gegenseitig gegen ihn unterstützt, wahrlich, dann ist <em>Allāh</em> sein Beschützer; und Gabriel und die Rechtschaffenen unter den Gläubigen (sind ebenso seine Beschützer); und außerdem sind die Engel (seine) Helfer. (66:4) Vielleicht wird sein Herr ihm, wenn er sich von euch scheidet, an eurer Stelle bessere Frauen als euch geben, muslimische, gläubige, gehorsame, reuige, fromme, fastende (Frauen), Ṯaiyibāt und Jungfrauen. (66:5)</p>\n<p>Das ist ein wirkungsvoller und behutsamer Verweis für den Propheten (a.s.s.), dass sein Bemühen darum, seine Frauen zu erfreuen und zufriedenzusstellen nicht so weit gehen darf, dass er sich etwas verbietet, was <em>Allāh</em> (t) ihm erlaubt hat. Und da er das tat, so soll er <em>Allāh</em>, Den Barmherzigen, um Vergebung bitten und seinen Eid lösen. Obwohl im Qur’<em>ān</em> nicht erwähnt wird, was der Prophet sich selbst verboten hatte, erwähnen die Überlieferer und Kommentatoren zwei Ereignisse: Eines davon bezieht sich auf die Koptin Maria (a.s.) und ein anderes darauf, dass er sich selbst das Essen von Honig verbot. Im Falle von Maria (a.s.) geht es darum, dass der Prophet nach dem Vertrag von <em>Al-Ḥudaibiyya</em> Briefe an die Herrscher der benachbarten Länder schickte, von denen auch einer an den Patriarchen von Alexandria gerichtet war. Dieser nahm zwar nicht den Islam an, ernpfing aber den Boten freundlich und schickte dem Propheten zwei Sklavinnen, die auf dem Rückweg gläubig wurden. Eine davon, Maria (a.s.), wurde in den Hausstand des Propheten aufgenommen und gebar ihm im Jahre 8 nach der <em>Hiǧra</em> seinen Sohn <em>Ibrāhīm</em>. Eines Tages befand sich der Prophet im Haus seiner abwesenden Frau <em>Ḥafṣa</em>, und Maria (a.s.) gesellte sich zu ihm. Dies nahm <em>Ḥafṣa</em> ihm übel und beklagte sich bei ihm, woraufhin er schwor, sich der ehelichen Beziehungen zu Maria (a.s.) in Zukunft zu enthalten. Die meisten der diesbezüglichen Überlieferungen gehen auf Nachkommen der Prophetengefährten zurück ohne jedoch direkt auf ihn rückführbar zu sein, und in keiner der sechs authentischen Ḥadīṯ-Sammlungen wird eine einzige Version dieser Geschichte überliefert. Ein anderer Zwischenfall wird bei Al-Buḫāryy, Muslim and anderen berichtet, und zwar von ‘<em>Ā</em>’iša (r) selbst: Nach dem Nachmittagsgebet besuchte der Prophet alle seine Frauen, wobei es einmal geschah, dass er in Zainabs Haus länger als gewöhnlich blieb; denn sie hatte von jemandem Honig bekommen, den der Prophet sehr gern aß. ‘<em>Ā</em>’iša war eifersüchtig und verabredete mit den anderen Frauen, dass sie zu ihm sagen sollten: ”Du riechst nach Maġāfir“ (dies ist eine Blume mit einem unangenehmen Geruch, der auch auf den Honig übergeht, weil die Bienen davon sarnmeln). Sie alle wussten, dass der Prophet eine feine Nase hatte und unangenehme Gerüche verabscheute. Der Streich hatte den gewünschten Erfolg, indem der Prophet versprach, nie wieder bei Zainab Honig zu essen. Namhafte Gelehrte halten diese letztere Geschichte für authentisch. Dadurch, dass der Prophet sich selbst die Sache verbot, könnte ein Ausmaß an Auswirkung erreichen, dass auch seine Anhänger dies für verboten</p>\n<p><em>Tafsīr</em> Al-Qur’<em>ān</em> <em>Al-Karīm</em> gehalten oder gemeint hätten, es wäre nicht schädlich, sich selbst etwas zu verbieten. Die sanften Worte der Ermahnung, die in 33:28-34 an die Frauen des Propheten gerichtet wurden, erläutern die Situation weit besser als irgendein Kommentar. Wäre der Prophet ein gewöhnlicher Ehemann gewesen, dann hätte er zwischen seinen privaten Gefühlen und seinen öffentlichen Pflichten nicht das Gleichgewicht halten können. Er war jedoch kein gewöhnlicher Ehemann und gab seine Enhaltsamkeit auf, als er die höreren Pflichten erkannte, die ihm auferlegt waren und die Versöhnung forderten. Damit wird nicht nur der Prophet selbst getadelt, sondern auch seine Frauen werden darauf aufmerksam gemacht, dass sie in ihrer Eigenschaft als Frauen des Propheten nicht die damit verbundene Verantwortung richtig erkannt hatten. (ÜB)</p>",
    "timestamp": "2025-12-20T14:27:52.303336+00:00",
    "version": "1.0",
    "copyright": {
      "author": "Muhammad Ibn Ahmad Ibn Rassoul",
      "publisher": "IB Verlag Islamische Bibliothek",
      "edition": "41. Auflage",
      "title": "Tafsīr Al-Qur'ān Al-Karīm"
    }
  },
  {
    "key": "de_tafsir-al-azhar",
    "verse_key": "66:2",
    "verses": [
      "66:2"
    ],
    "text": "<p>Die Ablösung von Schwüren dieser Art lautet: Wenn deine Schwüre dich daran hindern, Gutes zu tun oder richtig zu handeln oder zwischen Menschen Frieden zu stiften, dann solltest du für diese Schwüre eine Sühneleistung bringen, dich aber nicht vom Guten abhalten lassen. Unter solchen Umständen muss ein Schwur gebrochen und gesühnt werden (ÜB) (vgl. dazu 2:224). 66:3-5 - Wer diese beiden Frauen waren und welche vertrauliche Angelegenheit sie an die Öffentlichkeit dringen ließen, wird nicht ausdrücklich erwähnt. Nach den authentischen Überlieferungen reagierte der Prophet darauf, indem er seine Frauen so lange mied, dass in der Öffentlichkeit der Eindruck entstand, der Prophet hätte sich von seinen Frauen geschieden. Dies teilte ein Freund ‘Umars in einer Nacht mit. Er klopfte so heftig an ‘Umars Tür, dass dieser erschrak, und ihn fragte, ob die Römer einmarschiert wären. Der Freund sagte, nein, es sei etwas Schlimmes passiert, der Prophet hätte sich von seinen Frauen geschieden. Am nächsten Morgen ging ‘Umar zuerst zu seiner Tochter <em>Ḥafṣa</em>. Sie konnte ihm nicht sagen, ob der Prophet sich von ihr geschieden hatte. Daraufhin versuchte er dreimal hintereinander vergeblich Einlass zum Propheten zu bekommen. Dann bekam er die Erlaubnis. Er fragte ihn, ob er sich von seinen Frauen geschieden habe. Der Prophet verneinte dies. ‘Umar versuchte dann, die Sorge des Propheten zu zerstreuen und ihn etwas aufzuheitern. Er erzählte von den Frauen der <em>Al-Anṣār</em>, die immer ihre Ehemänner dominierten, und wie die Frauen der Auswanderer diese <strong>\"Unsitte\"</strong> von den Frauen der <em>Al-Anṣār</em> lernten. Der Prophet lächelte. Dann erzählte er ihm, wie er seine Tochter davor gewarnt hatte, sich mit ihrer hübschen Nachbarin (gemeint ist ‘<em>Ā</em>’iša) zu messen. Über das neidische Verhalten einiger Gattinnen des Propheten, <em>Allāhs</em> Segen und Friede auf ihm, sagte ‘Umar: ”Vielleicht gibt ihm sein Herr, wenn er sich von euch Frauen scheidet, bessere Frauen!“ Die Entscheidung <em>Allāhs</em> darüber im Qur’<em>ān</em> wurde im 9. Jahr n.H. in <em>Al-Madīna</em> offenbart. (vgl. den Titel: <strong>\"<em>Al-Fārūq</em> ‘Umar Ibn Al-Ḫaṭṭāb\"</strong>, Islamische Bibliothek; ferner 4:34; 9:112; 33:28-30, 35, 56; 42:38). O ihr, die ihr glaubt, rettet euch und die Euren vor einem Feuer, dessen Brennstoff Menschen und Steine sind, worüber strenge, gewaltige Engel gesetzt sind, die <em>Allāh</em> nicht ungehorsam sind in dem, was Er ihnen befiehlt, und die alles vollbringen, was ihnen befohlen wird. (66:6) O ihr, die ihr ungläubig seid, bringt heute keine Entschuldigung vor. Ihr werdet nur für das belohnt, was ihr zu tun pflegtet. (66:7) O ihr, die ihr glaubt, wendet euch in aufrichtiger Reue zu <em>Allāh</em>. Vielleicht wird euer Herr eure Übel von euch nehmen und euch in Gärten führen, durch die Bäche fließen; am Tage, da <em>Allāh</em> den Propheten nicht zuschanden macht, noch jene, die mit ihm glauben. Ihr Licht wird vor ihnen hereilen und auf ihrer Rechten (sein). Sie werden sagen: ”Unser Herr, mache unser Licht für uns vollkommen und vergib uns; denn Du hast Macht über alle Dinge.“ (66:8)</p>\n<p><em>Tafsīr</em> Al-Qur’<em>ān</em> <em>Al-Karīm</em> 66:6-8 - Die muslimischen Männer werden hier vor der drohenden Gefahr des Höllenfeuers gewarnt, um sich selbst, ihre Frauen und Kinder zu retten; denn sie tragen als Oberhäupter ihrer Familien die Verantwortung vor <em>Allā</em> h (t), alles zu unternehmen, um die Ihren zu ihrem Glück im Diesseits und im Jenseits zu erzwingen. Dies ist nur durch die Ausübung ihrer Autorität gegenüber ihren Frauen und durch die Erziehung ihrer Kinder möglich. Alle sollen nach den Geboten <em>Allā</em> hs leben. (vgl. dazu 2:24; 57:12; 74:31). O Prophet! Bekämpfe die Ungläubigen und die Heuchler, und sei streng gegen sie. Ihre Herberge wird <em>Ǧ</em> ahannam sein, und dies ist ein schlimmes Ende! (66:9) <em>Allāh</em> legt denen, die ungläubig sind, das Beispiel von Noahs Frau und von Lots Frau vor: Diese waren unter zwei Unserer rechtschaffenen Diener, doch sie handelten untreu an ihnen. Darum nützten sie ihnen nichts gegen <em>Allāh</em>, und es wurde gesprochen: ”Geht ihr beide ins Feuer ein, zusammen mit denen, die (darin) eingehen!“ (66:10)</p>",
    "timestamp": "2025-12-20T14:27:52.303336+00:00",
    "version": "1.0",
    "copyright": {
      "author": "Muhammad Ibn Ahmad Ibn Rassoul",
      "publisher": "IB Verlag Islamische Bibliothek",
      "edition": "41. Auflage",
      "title": "Tafsīr Al-Qur'ān Al-Karīm"
    }
  },
  {
    "key": "de_tafsir-al-azhar",
    "verse_key": "66:9",
    "verses": [
      "66:9"
    ],
    "text": "<p>Demnach gilt, dass der Prophet (a.s.s.) gegen die Ungläubigen und die Heuchler mit allen Mitteln kämpfen darf. Dazu gehört auch, dass er sie streng und rauh behandelt, sie meidet und aus der Gemeinschaft der Muslime verbannt (vgl. dazu 9:73, 74). Die Heuchler verwenden zwar keine Waffen gegen die Muslime, verwenden aber gefährliche Mittel, um Zwietracht und Verwirrung in ihren Reihen zu stiften. Sie verbreiten darüber hinaus Lügen und schwören dabei, dass sie die Wahrheit sagen. Damit sind sie gefährlicher als die offenkundigen Feinde, die ihr wahres Gesicht nicht verbergen.</p>",
    "timestamp": "2025-12-20T14:27:52.303336+00:00",
    "version": "1.0",
    "copyright": {
      "author": "Muhammad Ibn Ahmad Ibn Rassoul",
      "publisher": "IB Verlag Islamische Bibliothek",
      "edition": "41. Auflage",
      "title": "Tafsīr Al-Qur'ān Al-Karīm"
    }
  },
  {
    "key": "de_tafsir-al-azhar",
    "verse_key": "65:12",
    "verses": [
      "65:12"
    ],
    "text": "<p>Die Zahl der sieben Himmel wird im Qur’<em>ān</em> hier an dieser Stelle und an weiteren sieben Stellen betont (vgl. 2:29; 17:44; 23:17; 23:86; 41:12; 67:3; 71:15). <em>Allāh</em>, Der die Gesetze für Seine Diener zugrunde gelegt hat (wie z.B. hier die Scheidungsvorschriften) verkündet zum Ende dieser segensreichen Sura, dass Er es ist, Der die gewaltigen sieben Himmel erschuf. Zum ersten Mal in der Menscheitsgeschichte erfahren wir durch die Offenbarung des Qur’<em>ān</em> seit mehr als 1400 Jahren, dass unsere Erde in sieben Exemplaren ihrer Art existiert. Demnach haben wir den klaren Hinweis darauf, dass es auch Leben auf anderen Himmelskörpern irgendwo in einem oder mehreren dieser Himmel gibt. (vgl. dazu 23:17; 42:29). So gepriesen sei <em>Allāh</em> der beste Schöpfer und Kenner des Offenbaren und des Verborgenen. Ende der Sura 65 (66) Sura <em>At-Taḥ</em> r <em>ī</em> m (Das Verbot) (offenbart zu <em>Al-Madī</em> na) 12 <em>Ā</em> y <em>ā</em> t Die Schwächen des schwächeren Geschlechts müssen die Menschen nicht vom gesellschaftlichen Leben abhalten. Harmonie und Vertrauen müssen gelehrt und praktiziert werden, und wenn du versagst, bereue und bessere dich. Der gute Mann sucht gutes für sich und seine Familie. <em>Allā</em> h (t) wird die tugendhaften belohnen, selbst wenn sie notgedrungen mit gottlosen Leuten leben müssen, z.B. die Frau Pharaos und Maria (a.s.). Das Gegenteil gilt im Falle der Missetäter, z.B. die Frau Noahs und die Frau Lots.</p>\n<p><em>Tafsīr</em> Al-Qur’<em>ān</em> <em>Al-Karīm</em> Im Namen <em>Allāhs</em>, des Allerbarmers, des Barmherzigen! O Prophet! Warum verbietest du das, was <em>Allāh</em> dir erlaubt hat, um nach der Zufriedenheit deiner Frauen zu trachten? Und <em>Allāh</em> ist Allvergebend, Barmherzig. (66:1) Wahrlich, <em>Allāh</em> hat für euch die Lösung eurer Eide angeordnet, und <em>Allāh</em> ist euer Beschützer; und Er ist der Allwissende, der Allweise. (66:2) Und als der Prophet sich zu einer seiner Frauen im Vertrauen geäußert hatte und sie es dann kundtat und <em>Allāh</em> ihm davon Kenntnis gab, da ließ er (sie) einen Teil davon wissen und verschwieg einen Teil. Und als er es ihr vorhielt, da sagte sie: ”Wer hat dich davon unterrichtet?“ Er sagte: ”Unterrichtet hat mich der Allwissende, der Allkundige.“ (66:3) Wenn ihr beide (Frauen des Propheten) euch <em>Allāh</em> reumütig zuwendet, so sind eure Herzen bereits (dazu) geneigt. Doch wenn ihr euch gegenseitig gegen ihn unterstützt, wahrlich, dann ist <em>Allāh</em> sein Beschützer; und Gabriel und die Rechtschaffenen unter den Gläubigen (sind ebenso seine Beschützer); und außerdem sind die Engel (seine) Helfer. (66:4) Vielleicht wird sein Herr ihm, wenn er sich von euch scheidet, an eurer Stelle bessere Frauen als euch geben, muslimische, gläubige, gehorsame, reuige, fromme, fastende (Frauen), Ṯaiyibāt und Jungfrauen. (66:5)</p>",
    "timestamp": "2025-12-20T14:27:52.303336+00:00",
    "version": "1.0",
    "copyright": {
      "author": "Muhammad Ibn Ahmad Ibn Rassoul",
      "publisher": "IB Verlag Islamische Bibliothek",
      "edition": "41. Auflage",
      "title": "Tafsīr Al-Qur'ān Al-Karīm"
    }
  }
]