[
  {
    "key": "de_tafsir-al-azhar",
    "verse_key": "61:1",
    "verses": [
      "61:1"
    ],
    "text": "<h2>Sura Aṣ - Ṣ aff (Die Einreihung)</h2>\n<p><em>(offenbart zu Unknown)</em></p>\n<p><em>0 Āyāt</em></p>\n<p>(offenbart zu <em>Al-Madī</em> na) 14 <em>Ā</em> y <em>ā</em> t So wie <em>Allā</em> hs Herrlichkeit durch Seine Schöpfung erkennbar ist, so müssen wir unsere Worte durch vereinte Taten unterstützen, um unsseren Glauben zu bestätigen. Beschimpfe nicht die Propheten, so wie es andere Leute in der Vergangenheit taten. Um wirklich erfolgreich zu sein, glaube an <em>Allā</em> h und Seinen Gesandten, <em>Allā</em> hs Segen und Friede auf ihm, und kämpfe so weit du kannst mit allen Mitteln für die Sache <em>Allā</em> hs, mit deinem Vermögen und deinem Leben. Dann wird Hilfe und Sieg von <em>Allā</em> h (t) nahe sein. Im Namen <em>Allāhs</em>, des Allerbarmers, des Barmherzigen! Es preist <em>Allāh</em>, was in den Himmeln und was auf der Erde ist; und Er ist der Erhabene, der Allweise. (61:1) O ihr, die ihr glaubt, warum sagt ihr, was ihr nicht tut? (61:2) Höchst hassenswert ist es vor <em>Allāh</em>, dass ihr sagt, was ihr nicht tut. (61:3) Wahrlich, <em>Allāh</em> liebt diejenigen, die für Seine Sache kämpfen, (in eine Schlachtordnung) gereiht, als wären sie ein festgefügtes Mauerwerk. (61:4)</p>\n<p>vgl. 59:1 und die Anmerkung dazu. 61:2-4 - In diesem Versblock wird Bezug genommen auf die Ereignisse während der Schlcht von U <em>ḥ</em> ud, während derer es unter Muslimen Ungehorsam gegenüber dem Propheten (a.s.s.) gab, und dadurch in ihren Reihen Disziplinlosigkeit entstand. (vgl. dazu 3:121). Im weiteren Sinne bezieht sich dieser Abschnitt auf alle Handlungen der Muslime, die sich nicht mit ihrer Aussage decken, die dem Glauben entspringen. (vgl. dazu 4:77; 47:20). Daraufhin werden die Muslime auf eine Sache aufmerksam gemacht, die <em>Allā</em> h (t) liebt: Die Einreihung (Name dieser Sura) für die Schlachtordnung <strong>\"als wären sie ein festgefügtes Mauerwerk\"</strong> drückt die Stabilität und Entschlossenheit der Kämpfer auf dem Weg <em>Allā</em> hs aus (vgl. dazu 37:1). Und da sagte Moses zu seinem Volk: ”O mein Volk, warum kränkt ihr mich, wo ihr doch wisst, dass ich <em>Allāhs</em> Gesandter bei euch bin?“ Als sie dann (vom Glauben) abschweiften, da ließ <em>Allāh</em> ihre Herzen abschweifen. Und <em>Allāh</em> leitet kein frevelhaftes Volk. (61:5) Und da sagte Jesus, der Sohn der Maria: ”O ihr Kinder Israels, ich bin <em>Allāhs</em> Gesandter bei euch, der Bestätiger dessen, was von der Thora vor mir gewesen ist, und Bringer der frohen Botschaft eines Gesandten, der nach mir kommen wird. Sein Name wird <em>Aḥ</em> mad sein.“ Und als er zu ihnen mit den Beweisen kam, sagten sie: ”Das ist ein offenkundiger Zauber.“ (61:6)</p>",
    "timestamp": "2025-12-20T14:27:52.303336+00:00",
    "version": "1.0",
    "copyright": {
      "author": "Muhammad Ibn Ahmad Ibn Rassoul",
      "publisher": "IB Verlag Islamische Bibliothek",
      "edition": "41. Auflage",
      "title": "Tafsīr Al-Qur'ān Al-Karīm"
    }
  },
  {
    "key": "de_tafsir-al-azhar",
    "verse_key": "61:5",
    "verses": [
      "61:5"
    ],
    "text": "<p>Auf die Aussage des Versblocks 61:2-4 (s. oben und Anmerkung dazu) folgt nunmehr ein Beispiel aus der Verhaltensweise der Kinder Israels, die ihren Propheten Moses und später Jesus kränkten. (vgl. dazu 33:69). Die Muslime sollen daraus lernen, wie sie die Kränkung ihres Propheten vermeiden, indem sie ihm gegenüber nichts sagen, was im Widerspruch zu ihren Handlungen steht. (vgl. dazu 2:7, 67-71; 4:153; 5:20-26; 20:86-98).</p>\n<p><em>Tafsīr</em> Al-Qur’<em>ān</em> <em>Al-Karīm</em></p>",
    "timestamp": "2025-12-20T14:27:52.303336+00:00",
    "version": "1.0",
    "copyright": {
      "author": "Muhammad Ibn Ahmad Ibn Rassoul",
      "publisher": "IB Verlag Islamische Bibliothek",
      "edition": "41. Auflage",
      "title": "Tafsīr Al-Qur'ān Al-Karīm"
    }
  },
  {
    "key": "de_tafsir-al-azhar",
    "verse_key": "61:6",
    "verses": [
      "61:6"
    ],
    "text": "<p>Jesu Auftrag galt seinem eigenen Volk, den Kindern Israels. <em>Aḥ</em> mad bzw. <em>Muḥ</em> ammad (der Gelobte) ist eine fast genaue Übersetzung des griechischen Wortes <strong>\"Periclytos\"</strong>. Im heute vorliegendenden Johannesevangelium (vergleiche Johannes 14:16; 15:26 und 16:7) steht das Wort <strong>\"Tröster\"</strong> für das griechische Wort <strong>\"Paracletos\"</strong>, das wörtlich jemanden bezeichnet, der sich für jemanden einsetzt, jemandem hilft, ihm ein lieber Freund ist. Unsere Gelehrten wandten dagegen ein, dass Paracletos eine Entstellung des Wortes Periclytos ist und in der ursprünglichen Aussage Jesu unser Prophet mit dem Namen <em>Aḥ</em> mad genannt wurde. Aber selbst wenn das Wort Paracletos richtig ist, kann es auf den Propheten <em>Muḥ</em> ammad (a.s.s.) angewendet werden, der eine Barmherzigkeit für die Welten (vgl. 21:107) und für die Gläubigen ist (vgl. 9:128). (ÜB) (vgl. ferner 3:81; 74:24-25). Und wer ist ungerechter als der, der gegen <em>Allāh</em> eine Lüge erdichtet und selbst zum Islam aufgefordert wird? Und <em>Allāh</em> leitet kein ungerechtes Volk. (61:7) Sie wollen <em>Allāhs</em> Licht mit ihren Mündern auslöschen, doch <em>Allāh</em> wird Sein Licht vollenden, auch wenn die Ungläubigen es verwünschen. (61:8) Er ist es, Der Seinen Gesandten mit der Führung und der wahren Religion geschickt hat, auf dass Er sie über alle Religionen siegen lasse, auch wenn die Götzendiener es verwünschen. (61:9) 61:7-9 - Diese Worte warnen ausdrücklich vor Täuschungen und Fälschungen in Glaubensfragen, wie es in Wirklichkeit im Laufe der Zeit geschah. <em>Allā</em> hs Licht durch die Offenbarung des Qur’<em>ā</em> n bleibt trotzdem bestehen und kann nie wie eine Kerze durch Mundblasen ausgelöscht werden. D.h.: <em>Allā</em> h wird die Religion des Islam, die Er Moses, Jesus, Abraham, Noah und anderen Propheten verkündet hat, vollenden, durchsetzen und bewahren, und zwar auch dann, wenn die Götzendiener es verwünschen und den Glauben mit allen Kräften bekämpfen. Ähnliches geschieht in unserer Zeit durch Medien der Ungläubigen. (vgl. dazu 3:19; 9:33, 48:28; ferner den Titel: <strong>\"<em>Allā</em> h vollendet Sein Licht\"</strong>, Islamische Bibliothek). O ihr, die ihr glaubt, soll Ich euch (den Weg) zu einem Handel weisen, der euch vor qualvoller Strafe retten wird? (61:10) Ihr sollt an <em>Allāh</em> und an Seinen Gesandten glauben und euch für <em>Allāhs</em> Sache mit eurem Gut und eurem Blut eifrig einsetzen. Das ist besser für euch, wenn ihr es nur wüsstet. (61:11) Er wird euch eure Sünden vergeben und euch in Gärten führen, durch die Bäche fließen, und in gute Wohnungen in den Gärten von Eden. Das ist die große Glückseligkeit. (61:12) Und noch etwas anderes, das ihr liebt, (wird euch zuteil sein): Hilfe von <em>Allāh</em> und naher Sieg. So verkünde den Gläubigen die frohe Botschaft. (61:13) 61:10-13 - Es ist wirklich ein wunderbares Rezept für einen gewinnträchtigen Handel mit unserem</p>\n<p><em>Tafsīr</em> Al-Qur’<em>ān</em> <em>Al-Karīm</em> Schöpfer. Es lautet: Wenig geben und viel bekommen. (vgl. dazu 9:111; 38:50; ferner den Titel: <strong>\"Der <em>Ǧ</em> <em>ihā</em> d - das Gesetz von Saat und Ernte\"</strong>, Islamische Bibliothek). O ihr, die ihr glaubt, seid <em>Allāhs</em> Helfer wie Jesus, der Sohn der Maria, (als er) zu den Jüngern sagte: ”Wer sind meine Helfer für <em>Allāh</em>?“ Die Jünger sagten: ”Wir sind <em>Allāhs</em> Helfer.“ So glaubte ein Teil der Kinder Israels, während ein Teil ungläubig blieb. Da verliehen Wir denen, die glaubten, Stärke gegen ihren Feind, und sie wurden siegreich. (61:14)</p>",
    "timestamp": "2025-12-20T14:27:52.303336+00:00",
    "version": "1.0",
    "copyright": {
      "author": "Muhammad Ibn Ahmad Ibn Rassoul",
      "publisher": "IB Verlag Islamische Bibliothek",
      "edition": "41. Auflage",
      "title": "Tafsīr Al-Qur'ān Al-Karīm"
    }
  },
  {
    "key": "de_tafsir-al-azhar",
    "verse_key": "60:13",
    "verses": [
      "60:13"
    ],
    "text": "<p>Mit diesen Worten kommt der Qur’<em>ā</em> n zum Thema zurück, mit dem er die Sura begonnen hat, und schließt sie eindrucksvoll ab. (vgl. dazu 58:14). Ende der Sura 60 Unheil ist auf dem Festland und auf dem Meer sichtbar geworden um dessentwillen, was die Hände der Menschen gewirkt haben, auf dass Er sie die (Früchte) so mancher ihrer Handlungen kosten lasse, damit sie sich besännen. (30) Sura <em>Ar-Rū</em> m (Die Byzantiner), Vers 41</p>\n<p><em>Tafsīr</em> Al-Qur’<em>ān</em> <em>Al-Karīm</em> (61) Sura <em>Aṣ</em> - <em>Ṣ</em> aff (Die Einreihung) (offenbart zu <em>Al-Madī</em> na) 14 <em>Ā</em> y <em>ā</em> t So wie <em>Allā</em> hs Herrlichkeit durch Seine Schöpfung erkennbar ist, so müssen wir unsere Worte durch vereinte Taten unterstützen, um unsseren Glauben zu bestätigen. Beschimpfe nicht die Propheten, so wie es andere Leute in der Vergangenheit taten. Um wirklich erfolgreich zu sein, glaube an <em>Allā</em> h und Seinen Gesandten, <em>Allā</em> hs Segen und Friede auf ihm, und kämpfe so weit du kannst mit allen Mitteln für die Sache <em>Allā</em> hs, mit deinem Vermögen und deinem Leben. Dann wird Hilfe und Sieg von <em>Allā</em> h (t) nahe sein. Im Namen <em>Allāhs</em>, des Allerbarmers, des Barmherzigen! Es preist <em>Allāh</em>, was in den Himmeln und was auf der Erde ist; und Er ist der Erhabene, der Allweise. (61:1) O ihr, die ihr glaubt, warum sagt ihr, was ihr nicht tut? (61:2) Höchst hassenswert ist es vor <em>Allāh</em>, dass ihr sagt, was ihr nicht tut. (61:3) Wahrlich, <em>Allāh</em> liebt diejenigen, die für Seine Sache kämpfen, (in eine Schlachtordnung) gereiht, als wären sie ein festgefügtes Mauerwerk. (61:4)</p>",
    "timestamp": "2025-12-20T14:27:52.303336+00:00",
    "version": "1.0",
    "copyright": {
      "author": "Muhammad Ibn Ahmad Ibn Rassoul",
      "publisher": "IB Verlag Islamische Bibliothek",
      "edition": "41. Auflage",
      "title": "Tafsīr Al-Qur'ān Al-Karīm"
    }
  }
]