[
  {
    "key": "de_tafsir-al-azhar",
    "verse_key": "82:1",
    "verses": [
      "82:1"
    ],
    "text": "<h2>Sura Al-Infiṭār (Die Spaltung)</h2>\n<p><em>(offenbart zu Makka)</em></p>\n<p><em>0 Āyāt</em></p>\n<p>(offenbart zu Makka) 19 <em>Ā</em> y <em>ā</em> t Thematisch ist diese Sure mit der letzten verwandt, obwohl manche Kommentatoren meinen, dass sie wesentlich später in der makkanischen Periode offenbart worden ist. Sie bezieht sich in ihrer Argumentation auf das, was in 81:13 gesagt worden ist: 1. über den Tag des Jüngsten Gerichts, 2. über den <strong>\"Tag des kleinen Gerichts\"</strong>, wenn der Mensch stirbt, und 3. über das Aufleuchten des inneren Lichts in der Seele, das jederzeit stattfinden kann und das als Stunde des Ablebens der Falschheiten dieses Lebens und Wiederbelebung der Wirklichkeit angesehen wird. Wie festgefügt ist die Ordnung, die das aus Materie bestehende Universum um uns herum zusammenhält! Und doch muss sie vor jener Wirklichkeit dahinschwinden, in deren Licht der Mensch seine Vergangenheit und Zukunft in der richtigen Perspektive sehen wird. <em>Allā</em> h (t) verdankt er sein Leben und alles Gute, was ihm widerfährt. Will er denn nicht einsehen, dass seine Zukunft auf Recht und Gerechtigkeit gebaut wird? Aufrichtigkeit wird ihren Lohn finden, ebenso wie Uneinigkeit und Auflehnung. Der Tag wird kommen, in dem alle Uneinigkeit aufhört und der Frieden <em>Allā</em> hs und Sein Gebot alles beherrschen wird. (ÜB) Im Namen <em>Allāhs</em>, des Allerbarmers, des Barmherzigen! Wenn der Himmel sich spaltet (82:1), und wenn die Sterne zerstreut sind (82:2), und wenn die Meere über die Ufer treten (82:3), und wenn die Gräber ausgeräumt werden (82:4); dann wird jede Seele wissen, was sie getan und was sie unterlassen hat. (82:5) O du Mensch! Was hat dich hinsichtlich deines Ehrwürdigen Herrn betört (82:6), Der dich erschuf und dich dann ebenmäßig geformt, und in einer geraden Gestalt gemacht hat? (82:7) In solchem</p>\n<p><em>Tafsīr</em> Al-Qur’<em>ān</em> <em>Al-Karīm</em> Bild, das Er immer wollte, hat Er dich zusammengesetzt. (82:8) Seht aber, wie ihr das Gericht leugnet! (82:9) Und über euch sind wahrlich Hüter (82:10), Edle, Schreibende (82:11), die wissen, was ihr tut. (82:12)</p>\n<p>Der erste Himmel, unter dem wir leben, ist wie ein geschlossenes Gewölbe. Wir können zwar die Himmelskörper in ihm betrachten, aber der Durchblick in den zweiten Himmel ist uns verwehrt. Am Tage des Weltuntergangs wird dieser Zustand aber ganz anderes: Unser Himmel öffnet sich und wir können durch die Öffnung in den zweiten Himmel hineinschauen.</p>",
    "timestamp": "2025-12-20T14:27:52.303336+00:00",
    "version": "1.0",
    "copyright": {
      "author": "Muhammad Ibn Ahmad Ibn Rassoul",
      "publisher": "IB Verlag Islamische Bibliothek",
      "edition": "41. Auflage",
      "title": "Tafsīr Al-Qur'ān Al-Karīm"
    }
  },
  {
    "key": "de_tafsir-al-azhar",
    "verse_key": "82:2",
    "verses": [
      "82:2"
    ],
    "text": "<p>Die Sterne, die seit ihrer Erschaffung auf festen Umlaufbahnen befanden, werden am Tage des Weltuntergangs ihre Gesetzmäßigkeit verlieren und außer Kontrolle geraten werden, sodass sie sich in der Schwerelosigkeit des Universums zerstreut bewegen.</p>",
    "timestamp": "2025-12-20T14:27:52.303336+00:00",
    "version": "1.0",
    "copyright": {
      "author": "Muhammad Ibn Ahmad Ibn Rassoul",
      "publisher": "IB Verlag Islamische Bibliothek",
      "edition": "41. Auflage",
      "title": "Tafsīr Al-Qur'ān Al-Karīm"
    }
  },
  {
    "key": "de_tafsir-al-azhar",
    "verse_key": "82:3",
    "verses": [
      "82:3"
    ],
    "text": "<p>Wenn die Meere am Tage des Weltuntergangs über die Ufer treten bedeutet für die Menschen eine gewaltige Überflutung und eine totale Vernichtung ihres <strong>\"Hab und Gut\"</strong> (vgl. 20:105-108 und die Anmerkung dazu). 82:4-5 - Nach dem Weltuntergang, der in 82:1, 2, 3 beschrieben ist, erfolgt die Auferstehung aller Menschen aus den Gräbern, damit sie ihrem Erhabenen Herrn vorstellig sein werden und Rechenschaft darüber abgeben, was sie mit der Gnade ihres Herrn im irdischen Leben getan und was sie von Seinen Geboten unterlassen haben. 82:6-8 - Was hat dich - o du Mensch - so irregeführt, dass du deine Verpflichtungen deinem Herrn gegenüber vernachlässigst, obwohl Er der Herr ist, Der dich reichlich beschenkt hat. Eine dieser Gaben, mit denen Er dich ausstattete, ist deine menschliche Natur, die dich über Seine anderen Geschöpfe erhebt, die dir auch erlaubt zu begreifen und zu unterscheiden zwischen dem, was Ihm gebührt und was Ihm nicht gebührt. <em>Allā</em> h (t) hat den Menschen nicht nur erschaffen, sondern ihn auch in Vollkommenheit geformt, indem Er ihm Fähigkeiten mitgegeben hat, durch die er seiner hohen Bestimmung gerecht zu werden vermag. (ÜB) 82:9-12 - Die Hüter über uns Menschen sind die Engel, die alles von uns überwachen und niederschreiben, was wir tun. Dies stellt die Grundlage für die Rechenschaft am Jüngsten Tag dar. Wahrlich, die Rechtschaffenen werden in der Wonne sein (82:13), und wahrlich, die Unverschämten werden in der <em>Al-Ǧ</em> a <em>ḥīm</em> sein. (82:14) Sie werden dort brennen am Tage des Gerichts. (82:15) Und sie werden nicht imstande sein, daraus zu entrinnen. (82:16) Und was lehrt dich wissen, was der Tag des Gerichts ist? (82:17) Und wiederum, was lehrt dich wissen, was der Tag des Gerichts ist? (82:18) An jenem Tag wird keine Seele etwas für eine andere Seele zu tun vermögen; und der Befehl an jenem Tage steht (einzig) <em>Allāh</em> zu. (82:19) 82:13-17 - In diesem Versblock handelt es sich um die bekannte Parallelität des Qur’<em>ā</em> n. D.h., dass jedesmal, wenn <em>Allā</em> h (t) von der Belohnung der rechtschaffenen Diener im Paradies spricht (vgl. 38:49-54), berichtet Er von der Bestrafung der Ungläubigen, und zwar aus dem Prinzip der Barmherzigkeit und der Gerechtigkeit zugelich, weil die Botschaft stets diese Eigenschaft hat: Als frohe Botschaft und als Warnung.</p>\n<p><em>Tafsīr</em> Al-Qur’<em>ān</em> <em>Al-Karīm</em></p>",
    "timestamp": "2025-12-20T14:27:52.303336+00:00",
    "version": "1.0",
    "copyright": {
      "author": "Muhammad Ibn Ahmad Ibn Rassoul",
      "publisher": "IB Verlag Islamische Bibliothek",
      "edition": "41. Auflage",
      "title": "Tafsīr Al-Qur'ān Al-Karīm"
    }
  },
  {
    "key": "de_tafsir-al-azhar",
    "verse_key": "82:18",
    "verses": [
      "82:18"
    ],
    "text": "<p>Die Wiederholung derselben Frage soll dieses zusätzlich betonen. (ÜB)</p>",
    "timestamp": "2025-12-20T14:27:52.303336+00:00",
    "version": "1.0",
    "copyright": {
      "author": "Muhammad Ibn Ahmad Ibn Rassoul",
      "publisher": "IB Verlag Islamische Bibliothek",
      "edition": "41. Auflage",
      "title": "Tafsīr Al-Qur'ān Al-Karīm"
    }
  },
  {
    "key": "de_tafsir-al-azhar",
    "verse_key": "81:29",
    "verses": [
      "81:29"
    ],
    "text": "<p><em>Allā</em> h, dem Schöpfer der Himmel und Erde, steht jegliche Entscheidung über Sein Königsreich allein zu. Wir Menschen sind zwar von Ihm mit freiem Willen und Denken ausgestattet und über unsere Anliegen entscheiden dürfen, aber bei all unseren Entscheidungen wird die Zustimmung <em>Allā</em> hs in ihren verschiedenen Formen wie z.B. Billigung, Duldung, Zulassung und Vorherbestimmung vorausgesetzt. Deshalb der majestätische Ausdruck zum Ende dieser herrlichen Sura: Und ihr werdet nicht wollen, es sei denn, dass <em>Allā</em> h will, der Herr der Welten. (vgl. oben 76:30 und die anmerkung dazu) Gepriesen sei der Allmächtige Schöpfer. Ende der Sura 81 (82) Sura <em>Al-Infiṭār</em> (Die Spaltung) (offenbart zu Makka) 19 <em>Ā</em> y <em>ā</em> t Thematisch ist diese Sure mit der letzten verwandt, obwohl manche Kommentatoren meinen, dass sie wesentlich später in der makkanischen Periode offenbart worden ist. Sie bezieht sich in ihrer Argumentation auf das, was in 81:13 gesagt worden ist: 1. über den Tag des Jüngsten Gerichts, 2. über den <strong>\"Tag des kleinen Gerichts\"</strong>, wenn der Mensch stirbt, und 3. über das Aufleuchten des inneren Lichts in der Seele, das jederzeit stattfinden kann und das als Stunde des Ablebens der Falschheiten dieses Lebens und Wiederbelebung der Wirklichkeit angesehen wird. Wie festgefügt ist die Ordnung, die das aus Materie bestehende Universum um uns herum zusammenhält! Und doch muss sie vor jener Wirklichkeit dahinschwinden, in deren Licht der Mensch seine Vergangenheit und Zukunft in der richtigen Perspektive sehen wird. <em>Allā</em> h (t) verdankt er sein Leben und alles Gute, was ihm widerfährt. Will er denn nicht einsehen, dass seine Zukunft auf Recht und Gerechtigkeit gebaut wird? Aufrichtigkeit wird ihren Lohn finden, ebenso wie Uneinigkeit und Auflehnung. Der Tag wird kommen, in dem alle Uneinigkeit aufhört und der Frieden <em>Allā</em> hs und Sein Gebot alles beherrschen wird. (ÜB) Im Namen <em>Allāhs</em>, des Allerbarmers, des Barmherzigen! Wenn der Himmel sich spaltet (82:1), und wenn die Sterne zerstreut sind (82:2), und wenn die Meere über die Ufer treten (82:3), und wenn die Gräber ausgeräumt werden (82:4); dann wird jede Seele wissen, was sie getan und was sie unterlassen hat. (82:5) O du Mensch! Was hat dich hinsichtlich deines Ehrwürdigen Herrn betört (82:6), Der dich erschuf und dich dann ebenmäßig geformt, und in einer geraden Gestalt gemacht hat? (82:7) In solchem</p>\n<p><em>Tafsīr</em> Al-Qur’<em>ān</em> <em>Al-Karīm</em> Bild, das Er immer wollte, hat Er dich zusammengesetzt. (82:8) Seht aber, wie ihr das Gericht leugnet! (82:9) Und über euch sind wahrlich Hüter (82:10), Edle, Schreibende (82:11), die wissen, was ihr tut. (82:12)</p>",
    "timestamp": "2025-12-20T14:27:52.303336+00:00",
    "version": "1.0",
    "copyright": {
      "author": "Muhammad Ibn Ahmad Ibn Rassoul",
      "publisher": "IB Verlag Islamische Bibliothek",
      "edition": "41. Auflage",
      "title": "Tafsīr Al-Qur'ān Al-Karīm"
    }
  }
]