[
  {
    "key": "de_tafsir-al-azhar",
    "verse_key": "70:8",
    "verses": [
      "70:8"
    ],
    "text": "<h2>Sura Al-Ma‘ā riǧ (Die Himmelsleiter)</h2>\n<p><em>(offenbart zu Makka)</em></p>\n<p><em>0 Āyāt</em></p>\n<p>(offenbart zu Makka) 44 <em>Ā</em> y <em>ā</em> t Nur Geduld, Gebet, gute Taten, Glaube und die Absicht, <em>Allā</em> h (t) gegenüber wohlgefällig zu handeln, führen uns zu <em>Allā</em> hs Gegenwart, wo nichts Böses hinkommen kann. Gleichgültig wie verlockend das Böse ist, es wird im Jenseits zerstört werden. Im Namen <em>Allāhs</em>, des Allerbarmers, des Barmherzigen! Ein Fragender fragt nach einer Strafe, die hereinbrechen wird (70:1), die für die Ungläubigen unabwendbar ist (70:2): sie ist von <em>Allāh</em>, Der über die Himmelsleiter verfügt. (70:3) Die Engel und Gabriel steigen zu Ihm auf in einem Tage, dessen Ausmaß fünfzigtausend Jahre beträgt. (70:4) Harre darum schön geduldig aus. (70:5) Sie meinen, er sei ferne (70:6); aber Wir sehen, er ist nahe. (70:7) 70:1-2 - Historisch soll es sich hier um <em>An-Nuḍ</em> ar Ibn Al-Ḥāriṯ und <em>Abū</em> <em>Ǧ</em> ahl gehandelt haben, die den Propheten (a.s.s.) herausforderten, die Strafe über sie zu beschleunigen. (vgl. dazu 8:32). Auch an anderen Stellen im Qur’<em>ā</em> n ist von einer solchen Herausforderung die Rede. Die Antwort auf die Frage wird in diesem Vers gegeben (vgl. dazu 43:33; 76:3). 76:3-4 - <em>Allā</em> h (t) erwähnt hier eine Seiner Eigenschaften, durch welche Er die Zugänge zu den höheren Regionen der sieben Himmel verfügt. Die Himmelsleiter sind nämlich die Wege, auf denen Gabriel (a.s.) und die Engel zwischen den Himmeln und der Erde verkehren, um die Befehle und die Botschaften <em>Allā</em> hs zu vermitteln. Ihre diesbezügliche Strecke beträgt fünfzigtausend Jahre nach unserer Zeitrechnung. Wenn man diese Zeit für die Herabsendung des Qur’<em>ā</em> n vor mehr als 1400 Jahren zugrunde legt, so war der Befehl <em>Allā</em> hs an Gabriel (a.s.) vor 51400 Jahren, d.h. lange vor der Erschaffung Adams erlassen worden. (vgl. dazu den Titel <strong>\"Islam International\"</strong>, Islamische Bibliothek). (vgl. dazu 2:97; 15:29; 16:2; 22:47; 26:193; 32:4-5; 78:38; 97:4). 70:5-7 - Die Aufforderung zur Geduld und Standhaftigkeit gehört als wesentlicher Punkt zu jeder Botschaft und gilt für jeden Propheten ebenso wie für alle Gläubigen, die ihm folgen. Sie ist notwendig, um immer die innere Ruhe und Zufriedenheit zu bewahren. Die hier von <em>Allā</em> h (t) an den Propheten (a.s.s.) gerichtete Aufforderung soll gleichzeitig sein Herz festigen gegenüber dem, was ihm von seiten der Leugner begegnet. Wenn ein gottesfürchtiger Mensch verfolgt wird und Schwierigkeiten hat, soll er dennoch Geduld üben - nicht die Art Geduld, die mit unterdrückten Klagen einhergeht, sondern eine Geduld, die mit <em>Allā</em> hs Fügung zufrieden ist; denn er glaubt und weiß, dass sie gut ist. (ÜB) (vgl. 17:49-52 und die Anmerkung dazu). Am Tage, da der Himmel wie geschmolzenes Metall sein wird (70:8), und die Berge wie farbige Wollflocken (70:9), und ein Freund nicht mehr nach einem Freunde fragen wird (70:10), werden sie in Sichtweite zueinander gebracht werden, und der Schuldige würde sich wohl (gern) loskaufen von der Strafe jenes Tages mit seinen Kindern (70:11) und seiner Frau</p>\n<p><em>Tafsīr</em> Al-Qur’<em>ān</em> <em>Al-Karīm</em> und seinem Bruder (70:12) und seiner Verwandtschaft, die ihn beherbergt hat (70:13), und allen, die insgesamt auf Erden sind, wenn es ihn nur retten könnte. (70:14) Nein! Es ist wahrlich eine Feuerflamme (70:15), die die Kopfhaut gänzlich wegbrennt. (70:16) Den wird sie rufen, der (Mir) den Rücken kehrt und sich (von Mir) abwendet (70:17) und (Reichtum) aufhäuft und hortet. (70:18)</p>\n<p>Am Tag des Jüngsten Gerichts wird der Himmel mit geschmolzenem Metall verglichen, weil die brennenden Himmelskörper wie z.B. Sonne und Sterne aus ihren Umlaufbahnen herausgeschleudert werden und zusammenprallen, dass sie wie flüssiges Metall im Weltall herumschweben. Dies gilt als Zeichen der Stunde, das der Qur’<em>ā</em> n aus der Verborgenheit verkündet. (vgl. dazu 18:29; 44:45).</p>",
    "timestamp": "2025-12-20T14:27:52.303336+00:00",
    "version": "1.0",
    "copyright": {
      "author": "Muhammad Ibn Ahmad Ibn Rassoul",
      "publisher": "IB Verlag Islamische Bibliothek",
      "edition": "41. Auflage",
      "title": "Tafsīr Al-Qur'ān Al-Karīm"
    }
  },
  {
    "key": "de_tafsir-al-azhar",
    "verse_key": "70:9",
    "verses": [
      "70:9"
    ],
    "text": "<p>Die Berge haben in ihrem irdischen Dasein verschiedene Farben. Dies gehört zu ihrer Natur, die der Qur’<em>ā</em> n in 35:27 bestätigt. Am Tag des Jüngsten Gerichts werden sie aus der Erde herausgerissen und im Weltall wie farbige Wollflocken durch die Schwerelosigkeit des Universums herumschweben. (vgl. dazu 101:5).</p>",
    "timestamp": "2025-12-20T14:27:52.303336+00:00",
    "version": "1.0",
    "copyright": {
      "author": "Muhammad Ibn Ahmad Ibn Rassoul",
      "publisher": "IB Verlag Islamische Bibliothek",
      "edition": "41. Auflage",
      "title": "Tafsīr Al-Qur'ān Al-Karīm"
    }
  },
  {
    "key": "de_tafsir-al-azhar",
    "verse_key": "70:10",
    "verses": [
      "70:10"
    ],
    "text": "<p>Die Welt, wie wir sie kennen, ist so vollständig vergangen, dass auch die Merkmale im Himmel und auf der Erde verschwunden sind. Darüber hinaus werden die menschlichen Beziehungen so verwandelt werden, dass ein Freund nicht mehr nach einem Freunde fragen wird. 70:11-18 - Der Ungerechte ist bereit, seine Kinder, seine Familie, seine Verwandten, die ihn geschützt und gefördert hatten, ja alles in der Welt als Lösegeld für sich selbst zu geben. (vgl. dazu 69:33-34; 104:7). Wahrlich, der Mensch ist (seiner Natur nach) kleinmütig erschaffen worden. (70:19) Wenn ihn ein Unheil trifft, so gerät er in große Panik (70:20), doch wenn ihm (etwas) Gutes zukommt, ist er geizig. (70:21) Nicht so sind diejenigen, die beten (70:22) und (die Verrichtung) ihrer Gebete einhalten (70:23), und die, in deren Vermögen ein bestimmter Anteil ist (70:24) für den Bittenden und den Unbemittelten (70:25), und die, die an den Tag des Gerichts glauben (70:26), und die, die vor der Strafe ihres Herrn besorgt sind (70:27); wahrlich die Strafe ihres Herrn ist nichts, wovor man sicher sein könnte (70:28); und die, die ihre Scham bewahren (70:29), außer bei ihren Gattinnen oder denen, die sie von Rechts wegen besitzen; denn da sind sie nicht zu tadeln. (70:30) Diejenigen aber, die darüber hinaus etwas suchen, das sind die Übertreter. (70:31) Und die, die mit dem ihnen anvertrauten Gut redlich umgehen und erfüllen, wozu sie sich verpflichtet haben (70:32), und die, die in ihrer Zeugenaussage aufrichtig sind (70:33), und die, die ihr Gebet getreulich verrichten (70:34); diese sind es, die in den Gärten hochgeehrt sein werden. (70:35) 70:19-24 - Wer von uns Menschen - ob gläubig oder nichtgläubig - wird diese seine Natur verleugnen, die unser Schöpfer, Der Seine Geschöpfe gut kennt, im Qur’<em>ā</em> n bestätigt. (vgl. dazu 41:49-50). Während hier gemeinsame Eigenschaften für alle Menschen erwähnt werden, beschreibt der Qur’<em>ā</em> n die Lage der Gläubigen, die ein Spezifikum für sie darstellen: Es sind die, ”die beten und die Verrichtung ihrer Gebete einhalten, und die, in deren Vermögen ein bestimmter Anteil ist für den Bittenden und den Unbemittelten, und die, die an den Tag des Gerichts glauben, und die, die vor der Strafe ihres Herrn besorgt sind.“ D.h., dass der Glaube eine gewisse Korrektur</p>\n<p><em>Tafsīr</em> Al-Qur’<em>ān</em> <em>Al-Karīm</em> im meschlichen Wesen verursacht. 70:25-26 - Dies bezieht sich auf die <em>Zakā</em> h, auf die die Armen ein verbrieftes Anrecht von <em>Allā</em> h haben. (vgl. dazu 51:18; ferner den Titel: <strong>\"Handbuch der <em>Zakā</em> h und der islamischen Wirtschaftslehre\"</strong>, Islamische Bibliothek). 70:27-29 - Der Gesandte <em>Allā</em> hs, <em>Allā</em> hs Segen und Friede auf ihm, sagte im Bezug auf diese Abhängigkeit von <em>Allā</em> hs Gnade: ”Niemand kommt aufgrund seiner Taten ins Paradies.“ Da fragten ihn seine Gefährten: ”Auch du nicht, o Gesandter <em>Allā</em> hs?“ Er antwortete: ”Auch ich nicht, es sei denn, <em>Allā</em> h gewährt mir Seine Barmherzigkeit.“ Wirkliche Gottesfurcht ist die Furcht, gegen Seinen heiligen Willen und Sein Gesetz zu verstoßen, und ist mit Liebe zu <em>Allā</em> h (t) verwandt. Sie stammt aus der Erkenntnis, dass aller Friede und alle innere Ruhe dadurch entsteht, dass wir unseren Willen mit Seinem allumfassenden Willen in Einklang bringen. (ÜB) 70:30-35 - Der Besitz von Sklavinnen darf nur aus rechtmäßigem Grund entstehen (vgl. dazu 4:25; 5:1; 23:5-7; 47:4-5). Die anderen lobenswerten Handlungsweisen gehören zu den Eigenschaften, die den Gläubigen die Absetzung der schmerzhaften Strafe ersparen. Was aber ist mit denen, die ungläubig sind, dass sie auf dich zugelaufen kommen (70:36) von rechts und links, in Gruppen? (70:37) Hofft jeder einzelne von ihnen wohl, den Garten der Wonne zu betreten? (70:38) Niemals! Sie wissen doch, woraus Wir sie erschufen. (70:39) Aber nein! Ich schwöre beim Herrn der Aufgänge und der Untergänge, dass Wir imstande sind (70:40), bessere als sie an ihre Stelle zu setzen, und keiner kann Uns (daran) hindern. (70:41) So lass sie nur plaudern und sich vergnügen, bis sie ihrem Tag begegnen, der ihnen angedroht wird (70:42), dem Tag, an dem sie aus ihren Gräbern eilends hervorkommen, als eilten sie zu ihren Götzenfiguren. (70:43) Ihre Augen werden niedergeschlagen sein; Schmach wird sie bedecken. Das ist der Tag, der ihnen angedroht wurde. (70:44) 70:36-39 - Als der Segen des zukünftigen Lebens geschildert wurde, wie etwa im letzten Versblock, spotteten die Ungläubigen darüber und taten so, als wenn sie dorthin ein Wettrennen veranstalten wollten. Im gleichen Tonfall werden sie hier getaldet. 70:40-43 - <em>Allā</em> h (t) schwört hier bei Sich Selbst als dem Herrn der Aufgänge und der Untergänge aller Himmelskörper, einschließlich Sonne, Mond und Sterne. Es ist nicht Sein Wille, die Ungläubigen in dieser Welt durch Gläubige zu ersetzen; denn ein solcher Austausch würde nicht mit Seinem Plan einer vielfältigen menschlichen Existenz übereinstimmen, in der der Glaube immer durch den Unglauben herausgefordert und geprüft wird und umgekehrt. (ÜB) (vgl. dazu 37:5; 55:17; 56:75; 69:38).</p>",
    "timestamp": "2025-12-20T14:27:52.303336+00:00",
    "version": "1.0",
    "copyright": {
      "author": "Muhammad Ibn Ahmad Ibn Rassoul",
      "publisher": "IB Verlag Islamische Bibliothek",
      "edition": "41. Auflage",
      "title": "Tafsīr Al-Qur'ān Al-Karīm"
    }
  },
  {
    "key": "de_tafsir-al-azhar",
    "verse_key": "69:52",
    "verses": [
      "69:52"
    ],
    "text": "<p>Am Ende dieser schönen Sura schließt der Qur’<em>ā</em> n mit einer wunderbaren Aufforderung, die an alle Menschen gerichtet und auf dem Vorhergegangenen begründet ist. So gepriesen sei <em>Allā</em> h, Dem alle Erhabenheit gehört. Ende der Sura 69 Was <em>Allāh</em> den Menschen an Barmherzigkeit gewährt, das kann keiner zurückhalten; und was Er zurückhält, das kann nach Ihm keiner freigeben; und Er ist der Allmächtige, der Allweise. (35:2)</p>\n<p><em>Tafsīr</em> Al-Qur’<em>ān</em> <em>Al-Karīm</em> (70) Sura Al-Ma‘<em>ā</em> <em>riǧ</em> (Die Himmelsleiter) (offenbart zu Makka) 44 <em>Ā</em> y <em>ā</em> t Nur Geduld, Gebet, gute Taten, Glaube und die Absicht, <em>Allā</em> h (t) gegenüber wohlgefällig zu handeln, führen uns zu <em>Allā</em> hs Gegenwart, wo nichts Böses hinkommen kann. Gleichgültig wie verlockend das Böse ist, es wird im Jenseits zerstört werden. Im Namen <em>Allāhs</em>, des Allerbarmers, des Barmherzigen! Ein Fragender fragt nach einer Strafe, die hereinbrechen wird (70:1), die für die Ungläubigen unabwendbar ist (70:2): sie ist von <em>Allāh</em>, Der über die Himmelsleiter verfügt. (70:3) Die Engel und Gabriel steigen zu Ihm auf in einem Tage, dessen Ausmaß fünfzigtausend Jahre beträgt. (70:4) Harre darum schön geduldig aus. (70:5) Sie meinen, er sei ferne (70:6); aber Wir sehen, er ist nahe. (70:7) 70:1-2 - Historisch soll es sich hier um <em>An-Nuḍ</em> ar Ibn Al-Ḥāriṯ und <em>Abū</em> <em>Ǧ</em> ahl gehandelt haben, die den Propheten (a.s.s.) herausforderten, die Strafe über sie zu beschleunigen. (vgl. dazu 8:32). Auch an anderen Stellen im Qur’<em>ā</em> n ist von einer solchen Herausforderung die Rede. Die Antwort auf die Frage wird in diesem Vers gegeben (vgl. dazu 43:33; 76:3). 76:3-4 - <em>Allā</em> h (t) erwähnt hier eine Seiner Eigenschaften, durch welche Er die Zugänge zu den höheren Regionen der sieben Himmel verfügt. Die Himmelsleiter sind nämlich die Wege, auf denen Gabriel (a.s.) und die Engel zwischen den Himmeln und der Erde verkehren, um die Befehle und die Botschaften <em>Allā</em> hs zu vermitteln. Ihre diesbezügliche Strecke beträgt fünfzigtausend Jahre nach unserer Zeitrechnung. Wenn man diese Zeit für die Herabsendung des Qur’<em>ā</em> n vor mehr als 1400 Jahren zugrunde legt, so war der Befehl <em>Allā</em> hs an Gabriel (a.s.) vor 51400 Jahren, d.h. lange vor der Erschaffung Adams erlassen worden. (vgl. dazu den Titel <strong>\"Islam International\"</strong>, Islamische Bibliothek). (vgl. dazu 2:97; 15:29; 16:2; 22:47; 26:193; 32:4-5; 78:38; 97:4). 70:5-7 - Die Aufforderung zur Geduld und Standhaftigkeit gehört als wesentlicher Punkt zu jeder Botschaft und gilt für jeden Propheten ebenso wie für alle Gläubigen, die ihm folgen. Sie ist notwendig, um immer die innere Ruhe und Zufriedenheit zu bewahren. Die hier von <em>Allā</em> h (t) an den Propheten (a.s.s.) gerichtete Aufforderung soll gleichzeitig sein Herz festigen gegenüber dem, was ihm von seiten der Leugner begegnet. Wenn ein gottesfürchtiger Mensch verfolgt wird und Schwierigkeiten hat, soll er dennoch Geduld üben - nicht die Art Geduld, die mit unterdrückten Klagen einhergeht, sondern eine Geduld, die mit <em>Allā</em> hs Fügung zufrieden ist; denn er glaubt und weiß, dass sie gut ist. (ÜB) (vgl. 17:49-52 und die Anmerkung dazu). Am Tage, da der Himmel wie geschmolzenes Metall sein wird (70:8), und die Berge wie farbige Wollflocken (70:9), und ein Freund nicht mehr nach einem Freunde fragen wird (70:10), werden sie in Sichtweite zueinander gebracht werden, und der Schuldige würde sich wohl (gern) loskaufen von der Strafe jenes Tages mit seinen Kindern (70:11) und seiner Frau</p>\n<p><em>Tafsīr</em> Al-Qur’<em>ān</em> <em>Al-Karīm</em> und seinem Bruder (70:12) und seiner Verwandtschaft, die ihn beherbergt hat (70:13), und allen, die insgesamt auf Erden sind, wenn es ihn nur retten könnte. (70:14) Nein! Es ist wahrlich eine Feuerflamme (70:15), die die Kopfhaut gänzlich wegbrennt. (70:16) Den wird sie rufen, der (Mir) den Rücken kehrt und sich (von Mir) abwendet (70:17) und (Reichtum) aufhäuft und hortet. (70:18)</p>",
    "timestamp": "2025-12-20T14:27:52.303336+00:00",
    "version": "1.0",
    "copyright": {
      "author": "Muhammad Ibn Ahmad Ibn Rassoul",
      "publisher": "IB Verlag Islamische Bibliothek",
      "edition": "41. Auflage",
      "title": "Tafsīr Al-Qur'ān Al-Karīm"
    }
  }
]